suite,scene_raw,scene,planner_raw,planner_public,run_id,source_log_id,benchmark_seed,target_cost,time_limit_s,status_code,status_label,solved,exact,approximate,final_time_s,final_cost,final_cost_normalized,target_hit,target_time_s,first_solution_time_s,first_solution_cost,progress_available
ablation,Abstract,Abstract,BFMTstar_baseline,BFMT*,1,ablation_abstract_baseline_official_benchmark.log,139890637,800,60,6,exact_solution,true,true,false,6.45152,707.835,0.88479375,true,6.45152,6.45152,707.835,false
ablation,Abstract,Abstract,BFMTstar_baseline,BFMT*,2,ablation_abstract_baseline_official_benchmark.log,139890637,800,60,6,exact_solution,true,true,false,6.89025,670.044,0.837555,true,6.89025,6.89025,670.044,false
ablation,Abstract,Abstract,BFMTstar_baseline,BFMT*,3,ablation_abstract_baseline_official_benchmark.log,139890637,800,60,6,exact_solution,true,true,false,9.75183,788.56,0.9857,true,9.75183,9.75183,788.56,false
ablation,Abstract,Abstract,BFMTstar_baseline,BFMT*,4,ablation_abstract_baseline_official_benchmark.log,139890637,800,60,6,exact_solution,true,true,false,14.0923,623.132,0.778915,true,14.0923,14.0923,623.132,false
ablation,Abstract,Abstract,BFMTstar_baseline,BFMT*,5,ablation_abstract_baseline_official_benchmark.log,139890637,800,60,6,exact_solution,true,true,false,4.32749,580.691,0.72586375,true,4.32749,4.32749,580.691,false
ablation,Abstract,Abstract,BFMTstar_baseline,BFMT*,6,ablation_abstract_baseline_official_benchmark.log,139890637,800,60,6,exact_solution,true,true,false,4.01138,598.395,0.74799375,true,4.01138,4.01138,598.395,false
ablation,Abstract,Abstract,BFMTstar_baseline,BFMT*,7,ablation_abstract_baseline_official_benchmark.log,139890637,800,60,6,exact_solution,true,true,false,7.0925,678.061,0.84757625,true,7.0925,7.0925,678.061,false
ablation,Abstract,Abstract,BFMTstar_baseline,BFMT*,8,ablation_abstract_baseline_official_benchmark.log,139890637,800,60,6,exact_solution,true,true,false,10.119,781.408,0.97676,true,10.119,10.119,781.408,false
ablation,Abstract,Abstract,BFMTstar_baseline,BFMT*,9,ablation_abstract_baseline_official_benchmark.log,139890637,800,60,6,exact_solution,true,true,false,2.22011,574.881,0.71860125,true,2.22011,2.22011,574.881,false
ablation,Abstract,Abstract,BFMTstar_baseline,BFMT*,10,ablation_abstract_baseline_official_benchmark.log,139890637,800,60,6,exact_solution,true,true,false,29.7198,607.878,0.7598475,true,29.7198,29.7198,607.878,false
ablation,Abstract,Abstract,BFMTstar_baseline,BFMT*,11,ablation_abstract_baseline_official_benchmark.log,139890637,800,60,6,exact_solution,true,true,false,5.75213,624.648,0.78081,true,5.75213,5.75213,624.648,false
ablation,Abstract,Abstract,BFMTstar_baseline,BFMT*,12,ablation_abstract_baseline_official_benchmark.log,139890637,800,60,6,exact_solution,true,true,false,6.1454,659.113,0.82389125,true,6.1454,6.1454,659.113,false
ablation,Abstract,Abstract,BFMTstar_baseline,BFMT*,13,ablation_abstract_baseline_official_benchmark.log,139890637,800,60,6,exact_solution,true,true,false,4.86234,655.762,0.8197025,true,4.86234,4.86234,655.762,false
ablation,Abstract,Abstract,BFMTstar_baseline,BFMT*,14,ablation_abstract_baseline_official_benchmark.log,139890637,800,60,6,exact_solution,true,true,false,5.77049,534.331,0.66791375,true,5.77049,5.77049,534.331,false
ablation,Abstract,Abstract,BFMTstar_baseline,BFMT*,15,ablation_abstract_baseline_official_benchmark.log,139890637,800,60,6,exact_solution,true,true,false,4.53026,630.396,0.787995,true,4.53026,4.53026,630.396,false
ablation,Abstract,Abstract,BFMTstar_baseline,BFMT*,16,ablation_abstract_baseline_official_benchmark.log,139890637,800,60,6,exact_solution,true,true,false,8.284,574.035,0.71754375,true,8.284,8.284,574.035,false
ablation,Abstract,Abstract,BFMTstar_baseline,BFMT*,17,ablation_abstract_baseline_official_benchmark.log,139890637,800,60,6,exact_solution,true,true,false,16.7584,527.943,0.65992875,true,16.7584,16.7584,527.943,false
ablation,Abstract,Abstract,BFMTstar_baseline,BFMT*,18,ablation_abstract_baseline_official_benchmark.log,139890637,800,60,6,exact_solution,true,true,false,16.3144,561.347,0.70168375,true,16.3144,16.3144,561.347,false
ablation,Abstract,Abstract,BFMTstar_baseline,BFMT*,19,ablation_abstract_baseline_official_benchmark.log,139890637,800,60,6,exact_solution,true,true,false,7.83512,670.019,0.83752375,true,7.83512,7.83512,670.019,false
ablation,Abstract,Abstract,BFMTstar_baseline,BFMT*,20,ablation_abstract_baseline_official_benchmark.log,139890637,800,60,6,exact_solution,true,true,false,1.484,637.261,0.79657625,true,1.484,1.484,637.261,false
ablation,Abstract,Abstract,BFMTstar_baseline,BFMT*,21,ablation_abstract_baseline_official_benchmark.log,139890637,800,60,6,exact_solution,true,true,false,8.43461,744.897,0.93112125,true,8.43461,8.43461,744.897,false
ablation,Abstract,Abstract,BFMTstar_baseline,BFMT*,22,ablation_abstract_baseline_official_benchmark.log,139890637,800,60,6,exact_solution,true,true,false,3.96176,702.573,0.87821625,true,3.96176,3.96176,702.573,false
ablation,Abstract,Abstract,BFMTstar_baseline,BFMT*,23,ablation_abstract_baseline_official_benchmark.log,139890637,800,60,6,exact_solution,true,true,false,1.5798,662.343,0.82792875,true,1.5798,1.5798,662.343,false
ablation,Abstract,Abstract,BFMTstar_baseline,BFMT*,24,ablation_abstract_baseline_official_benchmark.log,139890637,800,60,6,exact_solution,true,true,false,7.52509,799.226,0.9990325,true,7.52509,7.52509,799.226,false
ablation,Abstract,Abstract,BFMTstar_baseline,BFMT*,25,ablation_abstract_baseline_official_benchmark.log,139890637,800,60,6,exact_solution,true,true,false,3.44421,758.503,0.94812875,true,3.44421,3.44421,758.503,false
ablation,Abstract,Abstract,BFMTstar_baseline,BFMT*,26,ablation_abstract_baseline_official_benchmark.log,139890637,800,60,6,exact_solution,true,true,false,13.3653,658.107,0.82263375,true,13.3653,13.3653,658.107,false
ablation,Abstract,Abstract,BFMTstar_baseline,BFMT*,27,ablation_abstract_baseline_official_benchmark.log,139890637,800,60,6,exact_solution,true,true,false,9.90088,641.377,0.80172125,true,9.90088,9.90088,641.377,false
ablation,Abstract,Abstract,BFMTstar_baseline,BFMT*,28,ablation_abstract_baseline_official_benchmark.log,139890637,800,60,6,exact_solution,true,true,false,11.5239,638.287,0.79785875,true,11.5239,11.5239,638.287,false
ablation,Abstract,Abstract,BFMTstar_baseline,BFMT*,29,ablation_abstract_baseline_official_benchmark.log,139890637,800,60,6,exact_solution,true,true,false,3.76319,674.514,0.8431425,true,3.76319,3.76319,674.514,false
ablation,Abstract,Abstract,BFMTstar_baseline,BFMT*,30,ablation_abstract_baseline_official_benchmark.log,139890637,800,60,6,exact_solution,true,true,false,2.70375,649.723,0.81215375,true,2.70375,2.70375,649.723,false
ablation,Abstract,Abstract,BFMTstar_baseline,BFMT*,31,ablation_abstract_baseline_official_benchmark.log,139890637,800,60,6,exact_solution,true,true,false,6.59899,623.337,0.77917125,true,6.59899,6.59899,623.337,false
ablation,Abstract,Abstract,BFMTstar_baseline,BFMT*,32,ablation_abstract_baseline_official_benchmark.log,139890637,800,60,6,exact_solution,true,true,false,9.46406,807.858,1.0098225,false,,9.46406,807.858,false
ablation,Abstract,Abstract,BFMTstar_baseline,BFMT*,33,ablation_abstract_baseline_official_benchmark.log,139890637,800,60,6,exact_solution,true,true,false,10.4096,641.956,0.802445,true,10.4096,10.4096,641.956,false
ablation,Abstract,Abstract,BFMTstar_baseline,BFMT*,34,ablation_abstract_baseline_official_benchmark.log,139890637,800,60,6,exact_solution,true,true,false,7.54495,525.053,0.65631625,true,7.54495,7.54495,525.053,false
ablation,Abstract,Abstract,BFMTstar_baseline,BFMT*,35,ablation_abstract_baseline_official_benchmark.log,139890637,800,60,6,exact_solution,true,true,false,9.17038,521.634,0.6520425,true,9.17038,9.17038,521.634,false
ablation,Abstract,Abstract,BFMTstar_baseline,BFMT*,36,ablation_abstract_baseline_official_benchmark.log,139890637,800,60,6,exact_solution,true,true,false,6.90036,697.637,0.87204625,true,6.90036,6.90036,697.637,false
ablation,Abstract,Abstract,BFMTstar_baseline,BFMT*,37,ablation_abstract_baseline_official_benchmark.log,139890637,800,60,6,exact_solution,true,true,false,2.89786,644.105,0.80513125,true,2.89786,2.89786,644.105,false
ablation,Abstract,Abstract,BFMTstar_baseline,BFMT*,38,ablation_abstract_baseline_official_benchmark.log,139890637,800,60,6,exact_solution,true,true,false,12.7637,666.891,0.83361375,true,12.7637,12.7637,666.891,false
ablation,Abstract,Abstract,BFMTstar_baseline,BFMT*,39,ablation_abstract_baseline_official_benchmark.log,139890637,800,60,6,exact_solution,true,true,false,7.38179,521.182,0.6514775,true,7.38179,7.38179,521.182,false
ablation,Abstract,Abstract,BFMTstar_baseline,BFMT*,40,ablation_abstract_baseline_official_benchmark.log,139890637,800,60,6,exact_solution,true,true,false,3.988,552.472,0.69059,true,3.988,3.988,552.472,false
ablation,Abstract,Abstract,BFMTstar_baseline,BFMT*,41,ablation_abstract_baseline_official_benchmark.log,139890637,800,60,6,exact_solution,true,true,false,4.25107,725.362,0.9067025,true,4.25107,4.25107,725.362,false
ablation,Abstract,Abstract,BFMTstar_baseline,BFMT*,42,ablation_abstract_baseline_official_benchmark.log,139890637,800,60,6,exact_solution,true,true,false,3.77927,647.739,0.80967375,true,3.77927,3.77927,647.739,false
ablation,Abstract,Abstract,BFMTstar_baseline,BFMT*,43,ablation_abstract_baseline_official_benchmark.log,139890637,800,60,6,exact_solution,true,true,false,14.1182,730.174,0.9127175,true,14.1182,14.1182,730.174,false
ablation,Abstract,Abstract,BFMTstar_baseline,BFMT*,44,ablation_abstract_baseline_official_benchmark.log,139890637,800,60,6,exact_solution,true,true,false,7.56933,602.549,0.75318625,true,7.56933,7.56933,602.549,false
ablation,Abstract,Abstract,BFMTstar_baseline,BFMT*,45,ablation_abstract_baseline_official_benchmark.log,139890637,800,60,6,exact_solution,true,true,false,26.4698,581.437,0.72679625,true,26.4698,26.4698,581.437,false
ablation,Abstract,Abstract,BFMTstar_baseline,BFMT*,46,ablation_abstract_baseline_official_benchmark.log,139890637,800,60,6,exact_solution,true,true,false,9.59502,682.624,0.85328,true,9.59502,9.59502,682.624,false
ablation,Abstract,Abstract,BFMTstar_baseline,BFMT*,47,ablation_abstract_baseline_official_benchmark.log,139890637,800,60,6,exact_solution,true,true,false,2.46865,512.008,0.64001,true,2.46865,2.46865,512.008,false
ablation,Abstract,Abstract,BFMTstar_baseline,BFMT*,48,ablation_abstract_baseline_official_benchmark.log,139890637,800,60,6,exact_solution,true,true,false,18.4037,601.722,0.7521525,true,18.4037,18.4037,601.722,false
ablation,Abstract,Abstract,BFMTstar_baseline,BFMT*,49,ablation_abstract_baseline_official_benchmark.log,139890637,800,60,6,exact_solution,true,true,false,6.53294,648.743,0.81092875,true,6.53294,6.53294,648.743,false
ablation,Abstract,Abstract,BFMTstar_baseline,BFMT*,50,ablation_abstract_baseline_official_benchmark.log,139890637,800,60,6,exact_solution,true,true,false,11.8737,838.609,1.04826125,false,,11.8737,838.609,false
ablation,Abstract,Abstract,PEBFMTstar_full,PEBFMT*,1,ablation_abstract_full_official_benchmark.log,139955599,800,60,6,exact_solution,true,true,false,3.43769,744.246325,0.93030790625,true,2.98101,2.98101,744.388914,true
ablation,Abstract,Abstract,PEBFMTstar_full,PEBFMT*,2,ablation_abstract_full_official_benchmark.log,139955599,800,60,6,exact_solution,true,true,false,14.3459,598.181527,0.74772690875,true,13.7679,13.7679,613.63066,true
ablation,Abstract,Abstract,PEBFMTstar_full,PEBFMT*,3,ablation_abstract_full_official_benchmark.log,139955599,800,60,6,exact_solution,true,true,false,15.2167,585.133247,0.73141655875,true,14.6028,14.6028,780.077909,true
ablation,Abstract,Abstract,PEBFMTstar_full,PEBFMT*,4,ablation_abstract_full_official_benchmark.log,139955599,800,60,6,exact_solution,true,true,false,9.89885,648.82026,0.811025325,true,9.45575,9.45575,676.228938,true
ablation,Abstract,Abstract,PEBFMTstar_full,PEBFMT*,5,ablation_abstract_full_official_benchmark.log,139955599,800,60,6,exact_solution,true,true,false,5.3542,636.26544,0.7953318,true,4.3925,4.3925,650.468055,true
ablation,Abstract,Abstract,PEBFMTstar_full,PEBFMT*,6,ablation_abstract_full_official_benchmark.log,139955599,800,60,6,exact_solution,true,true,false,3.20719,668.286991,0.83535873875,true,2.95762,2.95762,671.045038,true
ablation,Abstract,Abstract,PEBFMTstar_full,PEBFMT*,7,ablation_abstract_full_official_benchmark.log,139955599,800,60,6,exact_solution,true,true,false,15.1388,638.615429,0.79826928625,true,14.8754,14.8754,651.391383,true
ablation,Abstract,Abstract,PEBFMTstar_full,PEBFMT*,8,ablation_abstract_full_official_benchmark.log,139955599,800,60,6,exact_solution,true,true,false,8.15423,786.889786,0.9836122325,true,8.15423,7.53904,812.180674,true
ablation,Abstract,Abstract,PEBFMTstar_full,PEBFMT*,9,ablation_abstract_full_official_benchmark.log,139955599,800,60,6,exact_solution,true,true,false,9.44275,596.721983,0.74590247875,true,8.78439,8.78439,611.629471,true
ablation,Abstract,Abstract,PEBFMTstar_full,PEBFMT*,10,ablation_abstract_full_official_benchmark.log,139955599,800,60,6,exact_solution,true,true,false,38.4296,524.117573,0.65514696625,true,37.6934,37.6934,556.284684,true
ablation,Abstract,Abstract,PEBFMTstar_full,PEBFMT*,11,ablation_abstract_full_official_benchmark.log,139955599,800,60,6,exact_solution,true,true,false,7.93017,646.704571,0.80838071375,true,6.87956,6.87956,665.293809,true
ablation,Abstract,Abstract,PEBFMTstar_full,PEBFMT*,12,ablation_abstract_full_official_benchmark.log,139955599,800,60,6,exact_solution,true,true,false,6.58557,710.311247,0.88788905875,true,5.75127,5.75127,721.257853,true
ablation,Abstract,Abstract,PEBFMTstar_full,PEBFMT*,13,ablation_abstract_full_official_benchmark.log,139955599,800,60,6,exact_solution,true,true,false,6.87109,559.003202,0.6987540025,true,6.25847,6.25847,565.835359,true
ablation,Abstract,Abstract,PEBFMTstar_full,PEBFMT*,14,ablation_abstract_full_official_benchmark.log,139955599,800,60,6,exact_solution,true,true,false,7.66683,642.841181,0.80355147625,true,3.59528,3.59528,646.517882,true
ablation,Abstract,Abstract,PEBFMTstar_full,PEBFMT*,15,ablation_abstract_full_official_benchmark.log,139955599,800,60,6,exact_solution,true,true,false,8.34868,547.987507,0.68498438375,true,7.84755,7.84755,564.210034,true
ablation,Abstract,Abstract,PEBFMTstar_full,PEBFMT*,16,ablation_abstract_full_official_benchmark.log,139955599,800,60,6,exact_solution,true,true,false,11.4968,698.071977,0.87258997125,true,11.2474,11.2474,718.863267,true
ablation,Abstract,Abstract,PEBFMTstar_full,PEBFMT*,17,ablation_abstract_full_official_benchmark.log,139955599,800,60,6,exact_solution,true,true,false,25.9831,751.756282,0.9396953525,true,22.3216,22.3216,758.230407,true
ablation,Abstract,Abstract,PEBFMTstar_full,PEBFMT*,18,ablation_abstract_full_official_benchmark.log,139955599,800,60,6,exact_solution,true,true,false,5.64339,587.783613,0.73472951625,true,5.08974,5.08974,622.828154,true
ablation,Abstract,Abstract,PEBFMTstar_full,PEBFMT*,19,ablation_abstract_full_official_benchmark.log,139955599,800,60,6,exact_solution,true,true,false,9.74663,756.787655,0.94598456875,true,9.46157,9.46157,791.160775,true
ablation,Abstract,Abstract,PEBFMTstar_full,PEBFMT*,20,ablation_abstract_full_official_benchmark.log,139955599,800,60,6,exact_solution,true,true,false,12.9363,617.991847,0.77248980875,true,12.7043,12.7043,620.751626,true
ablation,Abstract,Abstract,PEBFMTstar_full,PEBFMT*,21,ablation_abstract_full_official_benchmark.log,139955599,800,60,6,exact_solution,true,true,false,5.77109,654.874254,0.8185928175,true,5.03392,5.03392,655.779872,true
ablation,Abstract,Abstract,PEBFMTstar_full,PEBFMT*,22,ablation_abstract_full_official_benchmark.log,139955599,800,60,6,exact_solution,true,true,false,3.16336,650.735637,0.81341954625,true,2.92085,2.92085,660.352252,true
ablation,Abstract,Abstract,PEBFMTstar_full,PEBFMT*,23,ablation_abstract_full_official_benchmark.log,139955599,800,60,6,exact_solution,true,true,false,6.09595,623.96304,0.7799538,true,6.09595,4.99757,858.206128,true
ablation,Abstract,Abstract,PEBFMTstar_full,PEBFMT*,24,ablation_abstract_full_official_benchmark.log,139955599,800,60,6,exact_solution,true,true,false,2.43938,727.21103,0.9090137875,true,2.18139,2.18139,734.226129,true
ablation,Abstract,Abstract,PEBFMTstar_full,PEBFMT*,25,ablation_abstract_full_official_benchmark.log,139955599,800,60,6,exact_solution,true,true,false,13.1859,667.700374,0.8346254675,true,12.6709,12.6709,702.359053,true
ablation,Abstract,Abstract,PEBFMTstar_full,PEBFMT*,26,ablation_abstract_full_official_benchmark.log,139955599,800,60,6,exact_solution,true,true,false,4.63811,545.958033,0.68244754125,true,4.18547,4.18547,563.116155,true
ablation,Abstract,Abstract,PEBFMTstar_full,PEBFMT*,27,ablation_abstract_full_official_benchmark.log,139955599,800,60,6,exact_solution,true,true,false,12.4616,646.14784,0.8076848,true,11.3469,11.3469,647.831474,true
ablation,Abstract,Abstract,PEBFMTstar_full,PEBFMT*,28,ablation_abstract_full_official_benchmark.log,139955599,800,60,6,exact_solution,true,true,false,22.6861,601.880234,0.7523502925,true,21.1273,21.1273,616.705926,true
ablation,Abstract,Abstract,PEBFMTstar_full,PEBFMT*,29,ablation_abstract_full_official_benchmark.log,139955599,800,60,6,exact_solution,true,true,false,1.73159,722.120817,0.90265102125,true,1.31007,1.31007,724.057889,true
ablation,Abstract,Abstract,PEBFMTstar_full,PEBFMT*,30,ablation_abstract_full_official_benchmark.log,139955599,800,60,6,exact_solution,true,true,false,10.346,679.113757,0.84889219625,true,9.81386,9.81386,682.440824,true
ablation,Abstract,Abstract,PEBFMTstar_full,PEBFMT*,31,ablation_abstract_full_official_benchmark.log,139955599,800,60,6,exact_solution,true,true,false,8.52719,657.585688,0.82198211,true,4.6074,4.6074,666.071718,true
ablation,Abstract,Abstract,PEBFMTstar_full,PEBFMT*,32,ablation_abstract_full_official_benchmark.log,139955599,800,60,6,exact_solution,true,true,false,4.44483,713.656778,0.8920709725,true,4.44483,3.80554,802.628162,true
ablation,Abstract,Abstract,PEBFMTstar_full,PEBFMT*,33,ablation_abstract_full_official_benchmark.log,139955599,800,60,6,exact_solution,true,true,false,4.75899,626.210182,0.7827627275,true,4.44589,4.44589,675.653088,true
ablation,Abstract,Abstract,PEBFMTstar_full,PEBFMT*,34,ablation_abstract_full_official_benchmark.log,139955599,800,60,6,exact_solution,true,true,false,11.1312,587.603339,0.73450417375,true,10.8072,10.8072,610.954386,true
ablation,Abstract,Abstract,PEBFMTstar_full,PEBFMT*,35,ablation_abstract_full_official_benchmark.log,139955599,800,60,6,exact_solution,true,true,false,6.55313,572.757896,0.71594737,true,6.01745,6.01745,576.582768,true
ablation,Abstract,Abstract,PEBFMTstar_full,PEBFMT*,36,ablation_abstract_full_official_benchmark.log,139955599,800,60,6,exact_solution,true,true,false,2.58006,594.050679,0.74256334875,true,2.05709,2.05709,613.095908,true
ablation,Abstract,Abstract,PEBFMTstar_full,PEBFMT*,37,ablation_abstract_full_official_benchmark.log,139955599,800,60,6,exact_solution,true,true,false,5.983,628.705739,0.78588217375,true,3.59249,3.59249,628.995197,true
ablation,Abstract,Abstract,PEBFMTstar_full,PEBFMT*,38,ablation_abstract_full_official_benchmark.log,139955599,800,60,6,exact_solution,true,true,false,7.70034,527.138829,0.65892353625,true,6.9841,6.9841,547.200748,true
ablation,Abstract,Abstract,PEBFMTstar_full,PEBFMT*,39,ablation_abstract_full_official_benchmark.log,139955599,800,60,6,exact_solution,true,true,false,10.9797,613.848833,0.76731104125,true,10.7197,10.7197,623.562803,true
ablation,Abstract,Abstract,PEBFMTstar_full,PEBFMT*,40,ablation_abstract_full_official_benchmark.log,139955599,800,60,6,exact_solution,true,true,false,4.93166,625.449341,0.78181167625,true,4.68192,4.68192,629.443262,true
ablation,Abstract,Abstract,PEBFMTstar_full,PEBFMT*,41,ablation_abstract_full_official_benchmark.log,139955599,800,60,6,exact_solution,true,true,false,11.8342,563.355311,0.70419413875,true,11.5474,11.5474,594.594845,true
ablation,Abstract,Abstract,PEBFMTstar_full,PEBFMT*,42,ablation_abstract_full_official_benchmark.log,139955599,800,60,6,exact_solution,true,true,false,11.0057,629.036596,0.786295745,true,10.6777,10.6777,667.83128,true
ablation,Abstract,Abstract,PEBFMTstar_full,PEBFMT*,43,ablation_abstract_full_official_benchmark.log,139955599,800,60,6,exact_solution,true,true,false,8.9922,642.117848,0.80264731,true,8.9922,5.11808,818.902591,true
ablation,Abstract,Abstract,PEBFMTstar_full,PEBFMT*,44,ablation_abstract_full_official_benchmark.log,139955599,800,60,6,exact_solution,true,true,false,12.0042,603.458343,0.75432292875,true,11.2465,11.2465,615.843215,true
ablation,Abstract,Abstract,PEBFMTstar_full,PEBFMT*,45,ablation_abstract_full_official_benchmark.log,139955599,800,60,6,exact_solution,true,true,false,7.21529,588.79137,0.7359892125,true,6.73807,6.73807,614.651814,true
ablation,Abstract,Abstract,PEBFMTstar_full,PEBFMT*,46,ablation_abstract_full_official_benchmark.log,139955599,800,60,6,exact_solution,true,true,false,4.24554,667.959405,0.83494925625,true,3.45784,3.45784,695.833278,true
ablation,Abstract,Abstract,PEBFMTstar_full,PEBFMT*,47,ablation_abstract_full_official_benchmark.log,139955599,800,60,6,exact_solution,true,true,false,6.45547,525.191826,0.6564897825,true,6.12651,6.12651,528.556754,true
ablation,Abstract,Abstract,PEBFMTstar_full,PEBFMT*,48,ablation_abstract_full_official_benchmark.log,139955599,800,60,6,exact_solution,true,true,false,10.054,535.765981,0.66970747625,true,9.38047,9.38047,542.562642,true
ablation,Abstract,Abstract,PEBFMTstar_full,PEBFMT*,49,ablation_abstract_full_official_benchmark.log,139955599,800,60,6,exact_solution,true,true,false,8.06583,719.664696,0.89958087,true,7.38039,7.38039,724.105753,true
ablation,Abstract,Abstract,PEBFMTstar_full,PEBFMT*,50,ablation_abstract_full_official_benchmark.log,139955599,800,60,6,exact_solution,true,true,false,9.83524,551.149925,0.68893740625,true,9.11831,9.11831,551.730566,true
ablation,Abstract,Abstract,PEBFMTstar_global_only,PEBFMT*-global-only,1,ablation_abstract_global_only_official_benchmark.log,139910787,800,60,6,exact_solution,true,true,false,6.93558,532.101832,0.66512729,true,6.42533,6.42533,740.18938,true
ablation,Abstract,Abstract,PEBFMTstar_global_only,PEBFMT*-global-only,2,ablation_abstract_global_only_official_benchmark.log,139910787,800,60,6,exact_solution,true,true,false,1.63951,696.240839,0.87030104875,true,1.38904,1.38904,701.987055,true
ablation,Abstract,Abstract,PEBFMTstar_global_only,PEBFMT*-global-only,3,ablation_abstract_global_only_official_benchmark.log,139910787,800,60,6,exact_solution,true,true,false,8.40943,565.729765,0.70716220625,true,7.92444,7.92444,568.153623,true
ablation,Abstract,Abstract,PEBFMTstar_global_only,PEBFMT*-global-only,4,ablation_abstract_global_only_official_benchmark.log,139910787,800,60,6,exact_solution,true,true,false,24.6713,577.46332,0.72182915,true,24.1239,24.1239,613.520652,true
ablation,Abstract,Abstract,PEBFMTstar_global_only,PEBFMT*-global-only,5,ablation_abstract_global_only_official_benchmark.log,139910787,800,60,6,exact_solution,true,true,false,8.76578,740.367865,0.92545983125,true,8.5062,8.5062,748.706895,true
ablation,Abstract,Abstract,PEBFMTstar_global_only,PEBFMT*-global-only,6,ablation_abstract_global_only_official_benchmark.log,139910787,800,60,6,exact_solution,true,true,false,6.629,764.225703,0.95528212875,true,6.35003,6.35003,780.660125,true
ablation,Abstract,Abstract,PEBFMTstar_global_only,PEBFMT*-global-only,7,ablation_abstract_global_only_official_benchmark.log,139910787,800,60,6,exact_solution,true,true,false,2.28074,601.795235,0.75224404375,true,1.90291,1.90291,628.417982,true
ablation,Abstract,Abstract,PEBFMTstar_global_only,PEBFMT*-global-only,8,ablation_abstract_global_only_official_benchmark.log,139910787,800,60,6,exact_solution,true,true,false,9.99905,581.229804,0.726537255,true,9.44766,9.44766,582.508693,true
ablation,Abstract,Abstract,PEBFMTstar_global_only,PEBFMT*-global-only,9,ablation_abstract_global_only_official_benchmark.log,139910787,800,60,6,exact_solution,true,true,false,12.9361,695.187211,0.86898401375,true,11.3633,11.3633,696.563086,true
ablation,Abstract,Abstract,PEBFMTstar_global_only,PEBFMT*-global-only,10,ablation_abstract_global_only_official_benchmark.log,139910787,800,60,6,exact_solution,true,true,false,9.22412,543.683356,0.679604195,true,8.60322,8.60322,546.073786,true
ablation,Abstract,Abstract,PEBFMTstar_global_only,PEBFMT*-global-only,11,ablation_abstract_global_only_official_benchmark.log,139910787,800,60,6,exact_solution,true,true,false,4.34167,599.44787,0.7493098375,true,3.95021,3.95021,626.612335,true
ablation,Abstract,Abstract,PEBFMTstar_global_only,PEBFMT*-global-only,12,ablation_abstract_global_only_official_benchmark.log,139910787,800,60,6,exact_solution,true,true,false,8.63161,577.762204,0.722202755,true,8.46455,8.46455,583.417945,true
ablation,Abstract,Abstract,PEBFMTstar_global_only,PEBFMT*-global-only,13,ablation_abstract_global_only_official_benchmark.log,139910787,800,60,6,exact_solution,true,true,false,1.47966,648.774334,0.8109679175,true,1.32799,1.32799,656.891802,true
ablation,Abstract,Abstract,PEBFMTstar_global_only,PEBFMT*-global-only,14,ablation_abstract_global_only_official_benchmark.log,139910787,800,60,6,exact_solution,true,true,false,7.44489,570.976973,0.71372121625,true,7.22002,7.22002,572.283699,true
ablation,Abstract,Abstract,PEBFMTstar_global_only,PEBFMT*-global-only,15,ablation_abstract_global_only_official_benchmark.log,139910787,800,60,6,exact_solution,true,true,false,11.6077,589.963628,0.737454535,true,10.877,10.877,590.234115,true
ablation,Abstract,Abstract,PEBFMTstar_global_only,PEBFMT*-global-only,16,ablation_abstract_global_only_official_benchmark.log,139910787,800,60,6,exact_solution,true,true,false,6.58105,686.285186,0.8578564825,true,5.94222,5.94222,713.125674,true
ablation,Abstract,Abstract,PEBFMTstar_global_only,PEBFMT*-global-only,17,ablation_abstract_global_only_official_benchmark.log,139910787,800,60,6,exact_solution,true,true,false,8.17298,560.75328,0.7009416,true,7.57252,7.57252,563.527824,true
ablation,Abstract,Abstract,PEBFMTstar_global_only,PEBFMT*-global-only,18,ablation_abstract_global_only_official_benchmark.log,139910787,800,60,6,exact_solution,true,true,false,10.9572,555.129354,0.6939116925,true,10.2562,10.2562,557.846754,true
ablation,Abstract,Abstract,PEBFMTstar_global_only,PEBFMT*-global-only,19,ablation_abstract_global_only_official_benchmark.log,139910787,800,60,6,exact_solution,true,true,false,14.6333,720.226469,0.90028308625,true,14.3515,14.3515,737.714363,true
ablation,Abstract,Abstract,PEBFMTstar_global_only,PEBFMT*-global-only,20,ablation_abstract_global_only_official_benchmark.log,139910787,800,60,6,exact_solution,true,true,false,9.83927,658.952942,0.8236911775,true,9.32587,9.32587,659.330148,true
ablation,Abstract,Abstract,PEBFMTstar_global_only,PEBFMT*-global-only,21,ablation_abstract_global_only_official_benchmark.log,139910787,800,60,6,exact_solution,true,true,false,3.25764,590.471568,0.73808946,true,2.88069,2.88069,597.023331,true
ablation,Abstract,Abstract,PEBFMTstar_global_only,PEBFMT*-global-only,22,ablation_abstract_global_only_official_benchmark.log,139910787,800,60,6,exact_solution,true,true,false,8.99271,599.687936,0.74960992,true,8.56403,8.56403,606.419422,true
ablation,Abstract,Abstract,PEBFMTstar_global_only,PEBFMT*-global-only,23,ablation_abstract_global_only_official_benchmark.log,139910787,800,60,6,exact_solution,true,true,false,4.2542,694.299055,0.86787381875,true,3.41385,3.41385,696.31036,true
ablation,Abstract,Abstract,PEBFMTstar_global_only,PEBFMT*-global-only,24,ablation_abstract_global_only_official_benchmark.log,139910787,800,60,6,exact_solution,true,true,false,9.88893,660.44321,0.8255540125,true,9.62075,9.62075,664.484581,true
ablation,Abstract,Abstract,PEBFMTstar_global_only,PEBFMT*-global-only,25,ablation_abstract_global_only_official_benchmark.log,139910787,800,60,6,exact_solution,true,true,false,9.66211,565.900451,0.70737556375,true,9.13641,9.13641,607.104332,true
ablation,Abstract,Abstract,PEBFMTstar_global_only,PEBFMT*-global-only,26,ablation_abstract_global_only_official_benchmark.log,139910787,800,60,6,exact_solution,true,true,false,1.80524,552.472514,0.6905906425,true,1.54707,1.54707,557.907089,true
ablation,Abstract,Abstract,PEBFMTstar_global_only,PEBFMT*-global-only,27,ablation_abstract_global_only_official_benchmark.log,139910787,800,60,6,exact_solution,true,true,false,6.99565,717.705841,0.89713230125,true,6.18406,6.18406,722.897495,true
ablation,Abstract,Abstract,PEBFMTstar_global_only,PEBFMT*-global-only,28,ablation_abstract_global_only_official_benchmark.log,139910787,800,60,6,exact_solution,true,true,false,13.526,659.139463,0.82392432875,true,13.3826,13.3826,663.836972,true
ablation,Abstract,Abstract,PEBFMTstar_global_only,PEBFMT*-global-only,29,ablation_abstract_global_only_official_benchmark.log,139910787,800,60,6,exact_solution,true,true,false,13.5869,554.065754,0.6925821925,true,13.024,13.024,583.324166,true
ablation,Abstract,Abstract,PEBFMTstar_global_only,PEBFMT*-global-only,30,ablation_abstract_global_only_official_benchmark.log,139910787,800,60,6,exact_solution,true,true,false,6.91209,622.752634,0.7784407925,true,5.65046,5.65046,636.472212,true
ablation,Abstract,Abstract,PEBFMTstar_global_only,PEBFMT*-global-only,31,ablation_abstract_global_only_official_benchmark.log,139910787,800,60,6,exact_solution,true,true,false,2.22972,773.276389,0.96659548625,true,1.62828,1.62828,777.730698,true
ablation,Abstract,Abstract,PEBFMTstar_global_only,PEBFMT*-global-only,32,ablation_abstract_global_only_official_benchmark.log,139910787,800,60,6,exact_solution,true,true,false,9.2972,798.942995,0.99867874375,true,9.2972,8.48899,929.464086,true
ablation,Abstract,Abstract,PEBFMTstar_global_only,PEBFMT*-global-only,33,ablation_abstract_global_only_official_benchmark.log,139910787,800,60,6,exact_solution,true,true,false,20.7143,560.797069,0.70099633625,true,19.9929,19.9929,565.529908,true
ablation,Abstract,Abstract,PEBFMTstar_global_only,PEBFMT*-global-only,34,ablation_abstract_global_only_official_benchmark.log,139910787,800,60,6,exact_solution,true,true,false,4.83339,642.488652,0.803110815,true,3.83646,3.83646,656.097159,true
ablation,Abstract,Abstract,PEBFMTstar_global_only,PEBFMT*-global-only,35,ablation_abstract_global_only_official_benchmark.log,139910787,800,60,6,exact_solution,true,true,false,8.94868,749.054991,0.93631873875,true,8.69065,8.69065,751.56666,true
ablation,Abstract,Abstract,PEBFMTstar_global_only,PEBFMT*-global-only,36,ablation_abstract_global_only_official_benchmark.log,139910787,800,60,6,exact_solution,true,true,false,12.0311,646.913432,0.80864179,true,11.7829,11.7829,661.462727,true
ablation,Abstract,Abstract,PEBFMTstar_global_only,PEBFMT*-global-only,37,ablation_abstract_global_only_official_benchmark.log,139910787,800,60,6,exact_solution,true,true,false,13.8611,739.865685,0.92483210625,true,13.5619,13.5619,758.72581,true
ablation,Abstract,Abstract,PEBFMTstar_global_only,PEBFMT*-global-only,38,ablation_abstract_global_only_official_benchmark.log,139910787,800,60,6,exact_solution,true,true,false,10.3639,623.587619,0.77948452375,true,10.114,10.114,624.239044,true
ablation,Abstract,Abstract,PEBFMTstar_global_only,PEBFMT*-global-only,39,ablation_abstract_global_only_official_benchmark.log,139910787,800,60,6,exact_solution,true,true,false,8.98316,640.889107,0.80111138375,true,6.6253,6.6253,657.567361,true
ablation,Abstract,Abstract,PEBFMTstar_global_only,PEBFMT*-global-only,40,ablation_abstract_global_only_official_benchmark.log,139910787,800,60,6,exact_solution,true,true,false,4.38436,640.895239,0.80111904875,true,3.72803,3.72803,705.779096,true
ablation,Abstract,Abstract,PEBFMTstar_global_only,PEBFMT*-global-only,41,ablation_abstract_global_only_official_benchmark.log,139910787,800,60,6,exact_solution,true,true,false,5.14394,643.703546,0.8046294325,true,4.45296,4.45296,732.298333,true
ablation,Abstract,Abstract,PEBFMTstar_global_only,PEBFMT*-global-only,42,ablation_abstract_global_only_official_benchmark.log,139910787,800,60,6,exact_solution,true,true,false,10.8671,580.393774,0.7254922175,true,10.275,10.275,668.717483,true
ablation,Abstract,Abstract,PEBFMTstar_global_only,PEBFMT*-global-only,43,ablation_abstract_global_only_official_benchmark.log,139910787,800,60,6,exact_solution,true,true,false,3.46591,763.564502,0.9544556275,true,3.21553,3.21553,764.06775,true
ablation,Abstract,Abstract,PEBFMTstar_global_only,PEBFMT*-global-only,44,ablation_abstract_global_only_official_benchmark.log,139910787,800,60,6,exact_solution,true,true,false,11.1034,588.97901,0.7362237625,true,10.8098,10.8098,596.589949,true
ablation,Abstract,Abstract,PEBFMTstar_global_only,PEBFMT*-global-only,45,ablation_abstract_global_only_official_benchmark.log,139910787,800,60,6,exact_solution,true,true,false,15.1311,540.213244,0.675266555,true,14.5459,14.5459,551.339146,true
ablation,Abstract,Abstract,PEBFMTstar_global_only,PEBFMT*-global-only,46,ablation_abstract_global_only_official_benchmark.log,139910787,800,60,6,exact_solution,true,true,false,12.2816,520.11318,0.650141475,true,4.52416,4.52416,524.356766,true
ablation,Abstract,Abstract,PEBFMTstar_global_only,PEBFMT*-global-only,47,ablation_abstract_global_only_official_benchmark.log,139910787,800,60,6,exact_solution,true,true,false,7.84694,673.789568,0.84223696,true,7.58255,7.58255,690.138046,true
ablation,Abstract,Abstract,PEBFMTstar_global_only,PEBFMT*-global-only,48,ablation_abstract_global_only_official_benchmark.log,139910787,800,60,6,exact_solution,true,true,false,6.42057,689.79311,0.8622413875,true,6.26838,6.26838,690.971842,true
ablation,Abstract,Abstract,PEBFMTstar_global_only,PEBFMT*-global-only,49,ablation_abstract_global_only_official_benchmark.log,139910787,800,60,6,exact_solution,true,true,false,4.62205,632.783308,0.790979135,true,4.35471,4.35471,634.364055,true
ablation,Abstract,Abstract,PEBFMTstar_global_only,PEBFMT*-global-only,50,ablation_abstract_global_only_official_benchmark.log,139910787,800,60,6,exact_solution,true,true,false,6.7415,611.924605,0.76490575625,true,6.16039,6.16039,613.045678,true
ablation,Abstract,Abstract,PEBFMTstar_piecewise_only,PEBFMT*-piecewise-only,1,ablation_abstract_piecewise_only_official_benchmark.log,139933222,800,60,6,exact_solution,true,true,false,8.88742,672.403502,0.8405043775,true,8.64679,8.64679,696.180727,true
ablation,Abstract,Abstract,PEBFMTstar_piecewise_only,PEBFMT*-piecewise-only,2,ablation_abstract_piecewise_only_official_benchmark.log,139933222,800,60,6,exact_solution,true,true,false,5.36357,556.823135,0.69602891875,true,4.53989,4.53989,561.26188,true
ablation,Abstract,Abstract,PEBFMTstar_piecewise_only,PEBFMT*-piecewise-only,3,ablation_abstract_piecewise_only_official_benchmark.log,139933222,800,60,6,exact_solution,true,true,false,6.78346,606.45373,0.7580671625,true,6.40798,6.40798,606.512562,true
ablation,Abstract,Abstract,PEBFMTstar_piecewise_only,PEBFMT*-piecewise-only,4,ablation_abstract_piecewise_only_official_benchmark.log,139933222,800,60,6,exact_solution,true,true,false,16.2686,622.29977,0.7778747125,true,16.0361,16.0361,626.532466,true
ablation,Abstract,Abstract,PEBFMTstar_piecewise_only,PEBFMT*-piecewise-only,5,ablation_abstract_piecewise_only_official_benchmark.log,139933222,800,60,6,exact_solution,true,true,false,17.1227,647.714487,0.80964310875,true,16.8249,16.8249,707.022746,true
ablation,Abstract,Abstract,PEBFMTstar_piecewise_only,PEBFMT*-piecewise-only,6,ablation_abstract_piecewise_only_official_benchmark.log,139933222,800,60,6,exact_solution,true,true,false,14.415,681.633448,0.85204181,true,13.8127,13.8127,684.569794,true
ablation,Abstract,Abstract,PEBFMTstar_piecewise_only,PEBFMT*-piecewise-only,7,ablation_abstract_piecewise_only_official_benchmark.log,139933222,800,60,6,exact_solution,true,true,false,12.8107,680.466182,0.8505827275,true,12.4631,12.4631,713.510254,true
ablation,Abstract,Abstract,PEBFMTstar_piecewise_only,PEBFMT*-piecewise-only,8,ablation_abstract_piecewise_only_official_benchmark.log,139933222,800,60,6,exact_solution,true,true,false,13.1407,545.349632,0.68168704,true,12.8885,12.8885,549.20419,true
ablation,Abstract,Abstract,PEBFMTstar_piecewise_only,PEBFMT*-piecewise-only,9,ablation_abstract_piecewise_only_official_benchmark.log,139933222,800,60,6,exact_solution,true,true,false,11.9326,573.348997,0.71668624625,true,11.6808,11.6808,623.009097,true
ablation,Abstract,Abstract,PEBFMTstar_piecewise_only,PEBFMT*-piecewise-only,10,ablation_abstract_piecewise_only_official_benchmark.log,139933222,800,60,6,exact_solution,true,true,false,12.201,489.382329,0.61172791125,true,11.8554,11.8554,489.829041,true
ablation,Abstract,Abstract,PEBFMTstar_piecewise_only,PEBFMT*-piecewise-only,11,ablation_abstract_piecewise_only_official_benchmark.log,139933222,800,60,6,exact_solution,true,true,false,7.72358,492.717734,0.6158971675,true,7.36326,7.36326,514.543781,true
ablation,Abstract,Abstract,PEBFMTstar_piecewise_only,PEBFMT*-piecewise-only,12,ablation_abstract_piecewise_only_official_benchmark.log,139933222,800,60,6,exact_solution,true,true,false,13.9411,518.573723,0.64821715375,true,13.6214,13.6214,557.722364,true
ablation,Abstract,Abstract,PEBFMTstar_piecewise_only,PEBFMT*-piecewise-only,13,ablation_abstract_piecewise_only_official_benchmark.log,139933222,800,60,6,exact_solution,true,true,false,5.50964,762.260275,0.95282534375,true,5.13078,5.13078,762.749955,true
ablation,Abstract,Abstract,PEBFMTstar_piecewise_only,PEBFMT*-piecewise-only,14,ablation_abstract_piecewise_only_official_benchmark.log,139933222,800,60,6,exact_solution,true,true,false,11.9601,568.273487,0.71034185875,true,11.7177,11.7177,578.607135,true
ablation,Abstract,Abstract,PEBFMTstar_piecewise_only,PEBFMT*-piecewise-only,15,ablation_abstract_piecewise_only_official_benchmark.log,139933222,800,60,6,exact_solution,true,true,false,5.65608,650.221827,0.81277728375,true,5.40082,5.40082,693.657858,true
ablation,Abstract,Abstract,PEBFMTstar_piecewise_only,PEBFMT*-piecewise-only,16,ablation_abstract_piecewise_only_official_benchmark.log,139933222,800,60,6,exact_solution,true,true,false,13.2704,564.594685,0.70574335625,true,13.0301,13.0301,568.584076,true
ablation,Abstract,Abstract,PEBFMTstar_piecewise_only,PEBFMT*-piecewise-only,17,ablation_abstract_piecewise_only_official_benchmark.log,139933222,800,60,6,exact_solution,true,true,false,9.05535,596.047929,0.74505991125,true,8.74441,8.74441,609.322187,true
ablation,Abstract,Abstract,PEBFMTstar_piecewise_only,PEBFMT*-piecewise-only,18,ablation_abstract_piecewise_only_official_benchmark.log,139933222,800,60,6,exact_solution,true,true,false,4.04001,507.963235,0.63495404375,true,3.47012,3.47012,571.641265,true
ablation,Abstract,Abstract,PEBFMTstar_piecewise_only,PEBFMT*-piecewise-only,19,ablation_abstract_piecewise_only_official_benchmark.log,139933222,800,60,6,exact_solution,true,true,false,10.2795,721.156399,0.90144549875,true,9.4996,9.4996,759.54937,true
ablation,Abstract,Abstract,PEBFMTstar_piecewise_only,PEBFMT*-piecewise-only,20,ablation_abstract_piecewise_only_official_benchmark.log,139933222,800,60,6,exact_solution,true,true,false,10.4134,534.926503,0.66865812875,true,10.0924,10.0924,562.804191,true
ablation,Abstract,Abstract,PEBFMTstar_piecewise_only,PEBFMT*-piecewise-only,21,ablation_abstract_piecewise_only_official_benchmark.log,139933222,800,60,6,exact_solution,true,true,false,14.4937,612.41852,0.76552315,true,14.1826,14.1826,627.184099,true
ablation,Abstract,Abstract,PEBFMTstar_piecewise_only,PEBFMT*-piecewise-only,22,ablation_abstract_piecewise_only_official_benchmark.log,139933222,800,60,6,exact_solution,true,true,false,13.7081,650.443854,0.8130548175,true,13.412,13.412,721.353111,true
ablation,Abstract,Abstract,PEBFMTstar_piecewise_only,PEBFMT*-piecewise-only,23,ablation_abstract_piecewise_only_official_benchmark.log,139933222,800,60,6,exact_solution,true,true,false,14.4902,638.374538,0.7979681725,true,14.0206,14.0206,649.150648,true
ablation,Abstract,Abstract,PEBFMTstar_piecewise_only,PEBFMT*-piecewise-only,24,ablation_abstract_piecewise_only_official_benchmark.log,139933222,800,60,6,exact_solution,true,true,false,7.82349,700.454785,0.87556848125,true,2.31447,2.31447,708.681283,true
ablation,Abstract,Abstract,PEBFMTstar_piecewise_only,PEBFMT*-piecewise-only,25,ablation_abstract_piecewise_only_official_benchmark.log,139933222,800,60,6,exact_solution,true,true,false,11.2929,623.889207,0.77986150875,true,10.9285,10.9285,625.524956,true
ablation,Abstract,Abstract,PEBFMTstar_piecewise_only,PEBFMT*-piecewise-only,26,ablation_abstract_piecewise_only_official_benchmark.log,139933222,800,60,6,exact_solution,true,true,false,16.2338,582.727897,0.72840987125,true,15.935,15.935,603.920074,true
ablation,Abstract,Abstract,PEBFMTstar_piecewise_only,PEBFMT*-piecewise-only,27,ablation_abstract_piecewise_only_official_benchmark.log,139933222,800,60,6,exact_solution,true,true,false,3.32113,713.974532,0.892468165,true,2.85936,2.85936,716.933606,true
ablation,Abstract,Abstract,PEBFMTstar_piecewise_only,PEBFMT*-piecewise-only,28,ablation_abstract_piecewise_only_official_benchmark.log,139933222,800,60,6,exact_solution,true,true,false,6.03413,589.463644,0.736829555,true,5.66731,5.66731,638.389082,true
ablation,Abstract,Abstract,PEBFMTstar_piecewise_only,PEBFMT*-piecewise-only,29,ablation_abstract_piecewise_only_official_benchmark.log,139933222,800,60,6,exact_solution,true,true,false,8.21572,593.097139,0.74137142375,true,7.83312,7.83312,600.782571,true
ablation,Abstract,Abstract,PEBFMTstar_piecewise_only,PEBFMT*-piecewise-only,30,ablation_abstract_piecewise_only_official_benchmark.log,139933222,800,60,6,exact_solution,true,true,false,9.51087,731.79521,0.9147440125,true,9.08144,9.08144,737.719128,true
ablation,Abstract,Abstract,PEBFMTstar_piecewise_only,PEBFMT*-piecewise-only,31,ablation_abstract_piecewise_only_official_benchmark.log,139933222,800,60,6,exact_solution,true,true,false,6.45392,535.259453,0.66907431625,true,5.50665,5.50665,537.977515,true
ablation,Abstract,Abstract,PEBFMTstar_piecewise_only,PEBFMT*-piecewise-only,32,ablation_abstract_piecewise_only_official_benchmark.log,139933222,800,60,6,exact_solution,true,true,false,8.83401,567.112402,0.7088905025,true,8.58784,8.58784,580.996953,true
ablation,Abstract,Abstract,PEBFMTstar_piecewise_only,PEBFMT*-piecewise-only,33,ablation_abstract_piecewise_only_official_benchmark.log,139933222,800,60,6,exact_solution,true,true,false,8.52569,595.030674,0.7437883425,true,8.19876,8.19876,623.535295,true
ablation,Abstract,Abstract,PEBFMTstar_piecewise_only,PEBFMT*-piecewise-only,34,ablation_abstract_piecewise_only_official_benchmark.log,139933222,800,60,6,exact_solution,true,true,false,23.1384,529.503089,0.66187886125,true,22.8447,22.8447,575.953713,true
ablation,Abstract,Abstract,PEBFMTstar_piecewise_only,PEBFMT*-piecewise-only,35,ablation_abstract_piecewise_only_official_benchmark.log,139933222,800,60,6,exact_solution,true,true,false,10.4217,556.01084,0.69501355,true,10.0513,10.0513,576.099621,true
ablation,Abstract,Abstract,PEBFMTstar_piecewise_only,PEBFMT*-piecewise-only,36,ablation_abstract_piecewise_only_official_benchmark.log,139933222,800,60,6,exact_solution,true,true,false,7.02582,784.440504,0.98055063,true,7.02582,6.72836,805.805227,true
ablation,Abstract,Abstract,PEBFMTstar_piecewise_only,PEBFMT*-piecewise-only,37,ablation_abstract_piecewise_only_official_benchmark.log,139933222,800,60,6,exact_solution,true,true,false,14.6742,564.528182,0.7056602275,true,14.3759,14.3759,581.999276,true
ablation,Abstract,Abstract,PEBFMTstar_piecewise_only,PEBFMT*-piecewise-only,38,ablation_abstract_piecewise_only_official_benchmark.log,139933222,800,60,6,exact_solution,true,true,false,6.43473,614.052091,0.76756511375,true,6.1513,6.1513,616.344367,true
ablation,Abstract,Abstract,PEBFMTstar_piecewise_only,PEBFMT*-piecewise-only,39,ablation_abstract_piecewise_only_official_benchmark.log,139933222,800,60,6,exact_solution,true,true,false,11.1781,725.579061,0.90697382625,true,10.5526,10.5526,730.082148,true
ablation,Abstract,Abstract,PEBFMTstar_piecewise_only,PEBFMT*-piecewise-only,40,ablation_abstract_piecewise_only_official_benchmark.log,139933222,800,60,6,exact_solution,true,true,false,14.5934,583.503508,0.729379385,true,13.992,13.992,636.153827,true
ablation,Abstract,Abstract,PEBFMTstar_piecewise_only,PEBFMT*-piecewise-only,41,ablation_abstract_piecewise_only_official_benchmark.log,139933222,800,60,6,exact_solution,true,true,false,9.16078,692.618826,0.8657735325,true,8.5225,8.5225,720.340213,true
ablation,Abstract,Abstract,PEBFMTstar_piecewise_only,PEBFMT*-piecewise-only,42,ablation_abstract_piecewise_only_official_benchmark.log,139933222,800,60,6,exact_solution,true,true,false,5.48101,561.068478,0.7013355975,true,5.10845,5.10845,648.953997,true
ablation,Abstract,Abstract,PEBFMTstar_piecewise_only,PEBFMT*-piecewise-only,43,ablation_abstract_piecewise_only_official_benchmark.log,139933222,800,60,6,exact_solution,true,true,false,18.084,523.916059,0.65489507375,true,17.6713,17.6713,535.688126,true
ablation,Abstract,Abstract,PEBFMTstar_piecewise_only,PEBFMT*-piecewise-only,44,ablation_abstract_piecewise_only_official_benchmark.log,139933222,800,60,6,exact_solution,true,true,false,13.6875,641.500172,0.801875215,true,13.3744,13.3744,678.787541,true
ablation,Abstract,Abstract,PEBFMTstar_piecewise_only,PEBFMT*-piecewise-only,45,ablation_abstract_piecewise_only_official_benchmark.log,139933222,800,60,6,exact_solution,true,true,false,6.35554,551.965981,0.68995747625,true,5.9999,5.9999,663.639986,true
ablation,Abstract,Abstract,PEBFMTstar_piecewise_only,PEBFMT*-piecewise-only,46,ablation_abstract_piecewise_only_official_benchmark.log,139933222,800,60,6,exact_solution,true,true,false,7.12241,611.423413,0.76427926625,true,5.99765,5.99765,707.600644,true
ablation,Abstract,Abstract,PEBFMTstar_piecewise_only,PEBFMT*-piecewise-only,47,ablation_abstract_piecewise_only_official_benchmark.log,139933222,800,60,6,exact_solution,true,true,false,8.8864,547.074208,0.68384276,true,8.65482,8.65482,575.713481,true
ablation,Abstract,Abstract,PEBFMTstar_piecewise_only,PEBFMT*-piecewise-only,48,ablation_abstract_piecewise_only_official_benchmark.log,139933222,800,60,6,exact_solution,true,true,false,15.4863,735.929211,0.91991151375,true,15.4863,15.0785,889.537514,true
ablation,Abstract,Abstract,PEBFMTstar_piecewise_only,PEBFMT*-piecewise-only,49,ablation_abstract_piecewise_only_official_benchmark.log,139933222,800,60,6,exact_solution,true,true,false,6.85253,586.88597,0.7336074625,true,6.33203,6.33203,628.734035,true
ablation,Abstract,Abstract,PEBFMTstar_piecewise_only,PEBFMT*-piecewise-only,50,ablation_abstract_piecewise_only_official_benchmark.log,139933222,800,60,6,exact_solution,true,true,false,9.24475,529.642612,0.662053265,true,8.54303,8.54303,552.03949,true
ablation,Apartment_hard,Apartment_hard,BFMTstar_baseline,BFMT*,1,ablation_apartment_hard_baseline_official_benchmark.log,1111134714,560,60,6,exact_solution,true,true,false,3.53896,457.715,0.817348214285714,true,3.53896,3.53896,457.715,false
ablation,Apartment_hard,Apartment_hard,BFMTstar_baseline,BFMT*,2,ablation_apartment_hard_baseline_official_benchmark.log,1111134714,560,60,6,exact_solution,true,true,false,6.03109,634.75,1.13348214285714,false,,6.03109,634.75,false
ablation,Apartment_hard,Apartment_hard,BFMTstar_baseline,BFMT*,3,ablation_apartment_hard_baseline_official_benchmark.log,1111134714,560,60,6,exact_solution,true,true,false,7.17737,630.011,1.12501964285714,false,,7.17737,630.011,false
ablation,Apartment_hard,Apartment_hard,BFMTstar_baseline,BFMT*,4,ablation_apartment_hard_baseline_official_benchmark.log,1111134714,560,60,6,exact_solution,true,true,false,3.44739,570.029,1.01790892857143,false,,3.44739,570.029,false
ablation,Apartment_hard,Apartment_hard,BFMTstar_baseline,BFMT*,5,ablation_apartment_hard_baseline_official_benchmark.log,1111134714,560,60,6,exact_solution,true,true,false,8.2768,536.989,0.958908928571429,true,8.2768,8.2768,536.989,false
ablation,Apartment_hard,Apartment_hard,BFMTstar_baseline,BFMT*,6,ablation_apartment_hard_baseline_official_benchmark.log,1111134714,560,60,6,exact_solution,true,true,false,4.27365,562.809,1.00501607142857,false,,4.27365,562.809,false
ablation,Apartment_hard,Apartment_hard,BFMTstar_baseline,BFMT*,7,ablation_apartment_hard_baseline_official_benchmark.log,1111134714,560,60,6,exact_solution,true,true,false,2.42611,530.636,0.947564285714286,true,2.42611,2.42611,530.636,false
ablation,Apartment_hard,Apartment_hard,BFMTstar_baseline,BFMT*,8,ablation_apartment_hard_baseline_official_benchmark.log,1111134714,560,60,6,exact_solution,true,true,false,1.93678,598.237,1.06828035714286,false,,1.93678,598.237,false
ablation,Apartment_hard,Apartment_hard,BFMTstar_baseline,BFMT*,9,ablation_apartment_hard_baseline_official_benchmark.log,1111134714,560,60,6,exact_solution,true,true,false,2.72168,641.92,1.14628571428571,false,,2.72168,641.92,false
ablation,Apartment_hard,Apartment_hard,BFMTstar_baseline,BFMT*,10,ablation_apartment_hard_baseline_official_benchmark.log,1111134714,560,60,6,exact_solution,true,true,false,2.00427,481.722,0.860217857142857,true,2.00427,2.00427,481.722,false
ablation,Apartment_hard,Apartment_hard,BFMTstar_baseline,BFMT*,11,ablation_apartment_hard_baseline_official_benchmark.log,1111134714,560,60,6,exact_solution,true,true,false,8.98479,595.286,1.06301071428571,false,,8.98479,595.286,false
ablation,Apartment_hard,Apartment_hard,BFMTstar_baseline,BFMT*,12,ablation_apartment_hard_baseline_official_benchmark.log,1111134714,560,60,6,exact_solution,true,true,false,4.66472,619.697,1.10660178571429,false,,4.66472,619.697,false
ablation,Apartment_hard,Apartment_hard,BFMTstar_baseline,BFMT*,13,ablation_apartment_hard_baseline_official_benchmark.log,1111134714,560,60,6,exact_solution,true,true,false,2.17926,608.396,1.08642142857143,false,,2.17926,608.396,false
ablation,Apartment_hard,Apartment_hard,BFMTstar_baseline,BFMT*,14,ablation_apartment_hard_baseline_official_benchmark.log,1111134714,560,60,6,exact_solution,true,true,false,2.60125,553.304,0.988042857142857,true,2.60125,2.60125,553.304,false
ablation,Apartment_hard,Apartment_hard,BFMTstar_baseline,BFMT*,15,ablation_apartment_hard_baseline_official_benchmark.log,1111134714,560,60,6,exact_solution,true,true,false,2.29931,681.284,1.21657857142857,false,,2.29931,681.284,false
ablation,Apartment_hard,Apartment_hard,BFMTstar_baseline,BFMT*,16,ablation_apartment_hard_baseline_official_benchmark.log,1111134714,560,60,6,exact_solution,true,true,false,3.58749,511.661,0.913680357142857,true,3.58749,3.58749,511.661,false
ablation,Apartment_hard,Apartment_hard,BFMTstar_baseline,BFMT*,17,ablation_apartment_hard_baseline_official_benchmark.log,1111134714,560,60,6,exact_solution,true,true,false,3.25799,478.695,0.8548125,true,3.25799,3.25799,478.695,false
ablation,Apartment_hard,Apartment_hard,BFMTstar_baseline,BFMT*,18,ablation_apartment_hard_baseline_official_benchmark.log,1111134714,560,60,6,exact_solution,true,true,false,2.57235,602.143,1.07525535714286,false,,2.57235,602.143,false
ablation,Apartment_hard,Apartment_hard,BFMTstar_baseline,BFMT*,19,ablation_apartment_hard_baseline_official_benchmark.log,1111134714,560,60,6,exact_solution,true,true,false,3.36936,478.277,0.854066071428571,true,3.36936,3.36936,478.277,false
ablation,Apartment_hard,Apartment_hard,BFMTstar_baseline,BFMT*,20,ablation_apartment_hard_baseline_official_benchmark.log,1111134714,560,60,6,exact_solution,true,true,false,2.00067,512.483,0.915148214285714,true,2.00067,2.00067,512.483,false
ablation,Apartment_hard,Apartment_hard,BFMTstar_baseline,BFMT*,21,ablation_apartment_hard_baseline_official_benchmark.log,1111134714,560,60,6,exact_solution,true,true,false,2.34719,432.176,0.771742857142857,true,2.34719,2.34719,432.176,false
ablation,Apartment_hard,Apartment_hard,BFMTstar_baseline,BFMT*,22,ablation_apartment_hard_baseline_official_benchmark.log,1111134714,560,60,6,exact_solution,true,true,false,3.98684,570.47,1.01869642857143,false,,3.98684,570.47,false
ablation,Apartment_hard,Apartment_hard,BFMTstar_baseline,BFMT*,23,ablation_apartment_hard_baseline_official_benchmark.log,1111134714,560,60,6,exact_solution,true,true,false,3.11197,589.849,1.05330178571429,false,,3.11197,589.849,false
ablation,Apartment_hard,Apartment_hard,BFMTstar_baseline,BFMT*,24,ablation_apartment_hard_baseline_official_benchmark.log,1111134714,560,60,6,exact_solution,true,true,false,2.017,498.514,0.890203571428571,true,2.017,2.017,498.514,false
ablation,Apartment_hard,Apartment_hard,BFMTstar_baseline,BFMT*,25,ablation_apartment_hard_baseline_official_benchmark.log,1111134714,560,60,6,exact_solution,true,true,false,2.00905,699.228,1.24862142857143,false,,2.00905,699.228,false
ablation,Apartment_hard,Apartment_hard,BFMTstar_baseline,BFMT*,26,ablation_apartment_hard_baseline_official_benchmark.log,1111134714,560,60,6,exact_solution,true,true,false,2.12536,471.415,0.8418125,true,2.12536,2.12536,471.415,false
ablation,Apartment_hard,Apartment_hard,BFMTstar_baseline,BFMT*,27,ablation_apartment_hard_baseline_official_benchmark.log,1111134714,560,60,6,exact_solution,true,true,false,3.7,576.638,1.02971071428571,false,,3.7,576.638,false
ablation,Apartment_hard,Apartment_hard,BFMTstar_baseline,BFMT*,28,ablation_apartment_hard_baseline_official_benchmark.log,1111134714,560,60,6,exact_solution,true,true,false,2.51573,613.408,1.09537142857143,false,,2.51573,613.408,false
ablation,Apartment_hard,Apartment_hard,BFMTstar_baseline,BFMT*,29,ablation_apartment_hard_baseline_official_benchmark.log,1111134714,560,60,6,exact_solution,true,true,false,2.35941,539.397,0.963208928571429,true,2.35941,2.35941,539.397,false
ablation,Apartment_hard,Apartment_hard,BFMTstar_baseline,BFMT*,30,ablation_apartment_hard_baseline_official_benchmark.log,1111134714,560,60,6,exact_solution,true,true,false,5.49708,465.408,0.831085714285714,true,5.49708,5.49708,465.408,false
ablation,Apartment_hard,Apartment_hard,BFMTstar_baseline,BFMT*,31,ablation_apartment_hard_baseline_official_benchmark.log,1111134714,560,60,6,exact_solution,true,true,false,2.91271,503.97,0.899946428571429,true,2.91271,2.91271,503.97,false
ablation,Apartment_hard,Apartment_hard,BFMTstar_baseline,BFMT*,32,ablation_apartment_hard_baseline_official_benchmark.log,1111134714,560,60,6,exact_solution,true,true,false,2.50231,585.538,1.04560357142857,false,,2.50231,585.538,false
ablation,Apartment_hard,Apartment_hard,BFMTstar_baseline,BFMT*,33,ablation_apartment_hard_baseline_official_benchmark.log,1111134714,560,60,6,exact_solution,true,true,false,2.42565,633.327,1.13094107142857,false,,2.42565,633.327,false
ablation,Apartment_hard,Apartment_hard,BFMTstar_baseline,BFMT*,34,ablation_apartment_hard_baseline_official_benchmark.log,1111134714,560,60,6,exact_solution,true,true,false,4.18186,513.1,0.91625,true,4.18186,4.18186,513.1,false
ablation,Apartment_hard,Apartment_hard,BFMTstar_baseline,BFMT*,35,ablation_apartment_hard_baseline_official_benchmark.log,1111134714,560,60,6,exact_solution,true,true,false,4.5621,544.886,0.973010714285714,true,4.5621,4.5621,544.886,false
ablation,Apartment_hard,Apartment_hard,BFMTstar_baseline,BFMT*,36,ablation_apartment_hard_baseline_official_benchmark.log,1111134714,560,60,6,exact_solution,true,true,false,1.87858,461.324,0.823792857142857,true,1.87858,1.87858,461.324,false
ablation,Apartment_hard,Apartment_hard,BFMTstar_baseline,BFMT*,37,ablation_apartment_hard_baseline_official_benchmark.log,1111134714,560,60,6,exact_solution,true,true,false,3.4923,475.592,0.849271428571429,true,3.4923,3.4923,475.592,false
ablation,Apartment_hard,Apartment_hard,BFMTstar_baseline,BFMT*,38,ablation_apartment_hard_baseline_official_benchmark.log,1111134714,560,60,6,exact_solution,true,true,false,4.90356,456.606,0.815367857142857,true,4.90356,4.90356,456.606,false
ablation,Apartment_hard,Apartment_hard,BFMTstar_baseline,BFMT*,39,ablation_apartment_hard_baseline_official_benchmark.log,1111134714,560,60,6,exact_solution,true,true,false,2.1568,494.692,0.883378571428571,true,2.1568,2.1568,494.692,false
ablation,Apartment_hard,Apartment_hard,BFMTstar_baseline,BFMT*,40,ablation_apartment_hard_baseline_official_benchmark.log,1111134714,560,60,6,exact_solution,true,true,false,4.13247,647.806,1.15679642857143,false,,4.13247,647.806,false
ablation,Apartment_hard,Apartment_hard,BFMTstar_baseline,BFMT*,41,ablation_apartment_hard_baseline_official_benchmark.log,1111134714,560,60,6,exact_solution,true,true,false,3.35885,607.663,1.0851125,false,,3.35885,607.663,false
ablation,Apartment_hard,Apartment_hard,BFMTstar_baseline,BFMT*,42,ablation_apartment_hard_baseline_official_benchmark.log,1111134714,560,60,6,exact_solution,true,true,false,2.96377,452.278,0.807639285714286,true,2.96377,2.96377,452.278,false
ablation,Apartment_hard,Apartment_hard,BFMTstar_baseline,BFMT*,43,ablation_apartment_hard_baseline_official_benchmark.log,1111134714,560,60,6,exact_solution,true,true,false,4.27198,427.54,0.763464285714286,true,4.27198,4.27198,427.54,false
ablation,Apartment_hard,Apartment_hard,BFMTstar_baseline,BFMT*,44,ablation_apartment_hard_baseline_official_benchmark.log,1111134714,560,60,6,exact_solution,true,true,false,3.73901,481.842,0.860432142857143,true,3.73901,3.73901,481.842,false
ablation,Apartment_hard,Apartment_hard,BFMTstar_baseline,BFMT*,45,ablation_apartment_hard_baseline_official_benchmark.log,1111134714,560,60,6,exact_solution,true,true,false,2.29238,431.986,0.771403571428571,true,2.29238,2.29238,431.986,false
ablation,Apartment_hard,Apartment_hard,BFMTstar_baseline,BFMT*,46,ablation_apartment_hard_baseline_official_benchmark.log,1111134714,560,60,6,exact_solution,true,true,false,2.0856,437.827,0.781833928571429,true,2.0856,2.0856,437.827,false
ablation,Apartment_hard,Apartment_hard,BFMTstar_baseline,BFMT*,47,ablation_apartment_hard_baseline_official_benchmark.log,1111134714,560,60,6,exact_solution,true,true,false,1.85711,465.427,0.831119642857143,true,1.85711,1.85711,465.427,false
ablation,Apartment_hard,Apartment_hard,BFMTstar_baseline,BFMT*,48,ablation_apartment_hard_baseline_official_benchmark.log,1111134714,560,60,6,exact_solution,true,true,false,1.93956,481.396,0.859635714285714,true,1.93956,1.93956,481.396,false
ablation,Apartment_hard,Apartment_hard,BFMTstar_baseline,BFMT*,49,ablation_apartment_hard_baseline_official_benchmark.log,1111134714,560,60,6,exact_solution,true,true,false,3.54486,536.779,0.958533928571429,true,3.54486,3.54486,536.779,false
ablation,Apartment_hard,Apartment_hard,BFMTstar_baseline,BFMT*,50,ablation_apartment_hard_baseline_official_benchmark.log,1111134714,560,60,6,exact_solution,true,true,false,4.1306,658.481,1.17585892857143,false,,4.1306,658.481,false
ablation,Apartment_hard,Apartment_hard,PEBFMTstar_full,PEBFMT*,1,ablation_apartment_hard_full_official_benchmark.log,1111233798,560,60,6,exact_solution,true,true,false,6.18086,471.944213,0.842757523214286,true,6.18086,4.17468,649.365828,true
ablation,Apartment_hard,Apartment_hard,PEBFMTstar_full,PEBFMT*,2,ablation_apartment_hard_full_official_benchmark.log,1111233798,560,60,6,exact_solution,true,true,false,4.1429,467.559955,0.834928491071429,true,3.35346,3.35346,467.573091,true
ablation,Apartment_hard,Apartment_hard,PEBFMTstar_full,PEBFMT*,3,ablation_apartment_hard_full_official_benchmark.log,1111233798,560,60,6,exact_solution,true,true,false,8.68857,557.060312,0.994750557142857,true,8.68851,4.51795,642.702519,true
ablation,Apartment_hard,Apartment_hard,PEBFMTstar_full,PEBFMT*,4,ablation_apartment_hard_full_official_benchmark.log,1111233798,560,60,6,exact_solution,true,true,false,5.97833,468.44364,0.8365065,true,5.97833,2.86761,647.422209,true
ablation,Apartment_hard,Apartment_hard,PEBFMTstar_full,PEBFMT*,5,ablation_apartment_hard_full_official_benchmark.log,1111233798,560,60,6,exact_solution,true,true,false,3.97884,487.419294,0.870391596428571,true,3.14462,3.14462,501.735803,true
ablation,Apartment_hard,Apartment_hard,PEBFMTstar_full,PEBFMT*,6,ablation_apartment_hard_full_official_benchmark.log,1111233798,560,60,6,exact_solution,true,true,false,4.36179,496.537547,0.886674191071429,true,3.78754,3.78754,497.354997,true
ablation,Apartment_hard,Apartment_hard,PEBFMTstar_full,PEBFMT*,7,ablation_apartment_hard_full_official_benchmark.log,1111233798,560,60,6,exact_solution,true,true,false,3.29692,483.054233,0.862596844642857,true,2.0405,2.0405,483.248311,true
ablation,Apartment_hard,Apartment_hard,PEBFMTstar_full,PEBFMT*,8,ablation_apartment_hard_full_official_benchmark.log,1111233798,560,60,6,exact_solution,true,true,false,6.26128,539.0716,0.962627857142857,true,5.41359,5.41359,547.422171,true
ablation,Apartment_hard,Apartment_hard,PEBFMTstar_full,PEBFMT*,9,ablation_apartment_hard_full_official_benchmark.log,1111233798,560,60,6,exact_solution,true,true,false,6.73474,485.993502,0.867845539285714,true,3.12851,3.12851,487.436536,true
ablation,Apartment_hard,Apartment_hard,PEBFMTstar_full,PEBFMT*,10,ablation_apartment_hard_full_official_benchmark.log,1111233798,560,60,6,exact_solution,true,true,false,3.27341,441.290566,0.788018867857143,true,2.2941,2.2941,441.325506,true
ablation,Apartment_hard,Apartment_hard,PEBFMTstar_full,PEBFMT*,11,ablation_apartment_hard_full_official_benchmark.log,1111233798,560,60,6,exact_solution,true,true,false,10.104,549.736987,0.981673191071429,true,10.104,2.99644,635.168909,true
ablation,Apartment_hard,Apartment_hard,PEBFMTstar_full,PEBFMT*,12,ablation_apartment_hard_full_official_benchmark.log,1111233798,560,60,6,exact_solution,true,true,false,2.9703,482.636705,0.861851258928571,true,2.27672,2.27672,503.885686,true
ablation,Apartment_hard,Apartment_hard,PEBFMTstar_full,PEBFMT*,13,ablation_apartment_hard_full_official_benchmark.log,1111233798,560,60,6,exact_solution,true,true,false,8.21514,524.418972,0.93646245,true,8.21514,4.48739,567.778881,true
ablation,Apartment_hard,Apartment_hard,PEBFMTstar_full,PEBFMT*,14,ablation_apartment_hard_full_official_benchmark.log,1111233798,560,60,6,exact_solution,true,true,false,8.04124,456.981117,0.816037708928571,true,4.67988,4.67988,462.445248,true
ablation,Apartment_hard,Apartment_hard,PEBFMTstar_full,PEBFMT*,15,ablation_apartment_hard_full_official_benchmark.log,1111233798,560,60,6,exact_solution,true,true,false,60.662,419.988621,0.749979680357143,true,2.6499,2.6499,419.988621,true
ablation,Apartment_hard,Apartment_hard,PEBFMTstar_full,PEBFMT*,16,ablation_apartment_hard_full_official_benchmark.log,1111233798,560,60,6,exact_solution,true,true,false,2.8873,452.299067,0.807676905357143,true,2.13868,2.13868,453.024932,true
ablation,Apartment_hard,Apartment_hard,PEBFMTstar_full,PEBFMT*,17,ablation_apartment_hard_full_official_benchmark.log,1111233798,560,60,6,exact_solution,true,true,false,5.47882,508.560852,0.908144378571429,true,2.95841,2.95841,517.355717,true
ablation,Apartment_hard,Apartment_hard,PEBFMTstar_full,PEBFMT*,18,ablation_apartment_hard_full_official_benchmark.log,1111233798,560,60,6,exact_solution,true,true,false,7.70549,469.021053,0.837537594642857,true,7.70549,4.00398,583.210029,true
ablation,Apartment_hard,Apartment_hard,PEBFMTstar_full,PEBFMT*,19,ablation_apartment_hard_full_official_benchmark.log,1111233798,560,60,6,exact_solution,true,true,false,8.71111,556.30978,0.993410321428572,true,8.71103,2.13145,602.576378,true
ablation,Apartment_hard,Apartment_hard,PEBFMTstar_full,PEBFMT*,20,ablation_apartment_hard_full_official_benchmark.log,1111233798,560,60,6,exact_solution,true,true,false,3.21969,481.558264,0.859925471428571,true,2.44581,2.44581,486.162605,true
ablation,Apartment_hard,Apartment_hard,PEBFMTstar_full,PEBFMT*,21,ablation_apartment_hard_full_official_benchmark.log,1111233798,560,60,6,exact_solution,true,true,false,7.99472,444.239466,0.793284760714286,true,5.57115,5.57115,445.061671,true
ablation,Apartment_hard,Apartment_hard,PEBFMTstar_full,PEBFMT*,22,ablation_apartment_hard_full_official_benchmark.log,1111233798,560,60,6,exact_solution,true,true,false,15.4421,543.403946,0.970364189285714,true,15.4421,8.98255,582.764619,true
ablation,Apartment_hard,Apartment_hard,PEBFMTstar_full,PEBFMT*,23,ablation_apartment_hard_full_official_benchmark.log,1111233798,560,60,6,exact_solution,true,true,false,4.53977,552.335834,0.986313989285714,true,4.53977,2.91294,596.90638,true
ablation,Apartment_hard,Apartment_hard,PEBFMTstar_full,PEBFMT*,24,ablation_apartment_hard_full_official_benchmark.log,1111233798,560,60,6,exact_solution,true,true,false,8.48888,529.869395,0.946195348214286,true,8.48888,4.54536,690.063443,true
ablation,Apartment_hard,Apartment_hard,PEBFMTstar_full,PEBFMT*,25,ablation_apartment_hard_full_official_benchmark.log,1111233798,560,60,6,exact_solution,true,true,false,8.04568,544.226326,0.971832725,true,8.04563,3.70015,609.83704,true
ablation,Apartment_hard,Apartment_hard,PEBFMTstar_full,PEBFMT*,26,ablation_apartment_hard_full_official_benchmark.log,1111233798,560,60,6,exact_solution,true,true,false,4.51271,511.270306,0.912982689285714,true,3.64585,3.64585,511.423466,true
ablation,Apartment_hard,Apartment_hard,PEBFMTstar_full,PEBFMT*,27,ablation_apartment_hard_full_official_benchmark.log,1111233798,560,60,6,exact_solution,true,true,false,5.94363,491.560906,0.877787332142857,true,2.93354,2.93354,492.74983,true
ablation,Apartment_hard,Apartment_hard,PEBFMTstar_full,PEBFMT*,28,ablation_apartment_hard_full_official_benchmark.log,1111233798,560,60,6,exact_solution,true,true,false,3.39145,510.366983,0.9113696125,true,2.30686,2.30686,510.928527,true
ablation,Apartment_hard,Apartment_hard,PEBFMTstar_full,PEBFMT*,29,ablation_apartment_hard_full_official_benchmark.log,1111233798,560,60,6,exact_solution,true,true,false,16.6111,489.550436,0.874197207142857,true,16.6111,6.31025,631.09057,true
ablation,Apartment_hard,Apartment_hard,PEBFMTstar_full,PEBFMT*,30,ablation_apartment_hard_full_official_benchmark.log,1111233798,560,60,6,exact_solution,true,true,false,2.81653,460.922634,0.823076132142857,true,1.94294,1.94294,493.13545,true
ablation,Apartment_hard,Apartment_hard,PEBFMTstar_full,PEBFMT*,31,ablation_apartment_hard_full_official_benchmark.log,1111233798,560,60,6,exact_solution,true,true,false,4.52502,465.352677,0.830986923214286,true,1.88524,1.88524,477.170523,true
ablation,Apartment_hard,Apartment_hard,PEBFMTstar_full,PEBFMT*,32,ablation_apartment_hard_full_official_benchmark.log,1111233798,560,60,6,exact_solution,true,true,false,3.19873,514.016944,0.9178874,true,3.19873,2.40192,582.57212,true
ablation,Apartment_hard,Apartment_hard,PEBFMTstar_full,PEBFMT*,33,ablation_apartment_hard_full_official_benchmark.log,1111233798,560,60,6,exact_solution,true,true,false,4.44002,489.362338,0.873861317857143,true,1.9321,1.9321,520.842586,true
ablation,Apartment_hard,Apartment_hard,PEBFMTstar_full,PEBFMT*,34,ablation_apartment_hard_full_official_benchmark.log,1111233798,560,60,6,exact_solution,true,true,false,9.60972,488.353765,0.872060294642857,true,7.21511,7.21511,491.004571,true
ablation,Apartment_hard,Apartment_hard,PEBFMTstar_full,PEBFMT*,35,ablation_apartment_hard_full_official_benchmark.log,1111233798,560,60,6,exact_solution,true,true,false,5.10687,557.712467,0.995915119642857,true,5.10687,3.86299,593.825658,true
ablation,Apartment_hard,Apartment_hard,PEBFMTstar_full,PEBFMT*,36,ablation_apartment_hard_full_official_benchmark.log,1111233798,560,60,6,exact_solution,true,true,false,4.08738,499.89859,0.892676053571429,true,2.95022,2.95022,555.009083,true
ablation,Apartment_hard,Apartment_hard,PEBFMTstar_full,PEBFMT*,37,ablation_apartment_hard_full_official_benchmark.log,1111233798,560,60,6,exact_solution,true,true,false,2.32431,483.023555,0.8625420625,true,1.76462,1.76462,495.833766,true
ablation,Apartment_hard,Apartment_hard,PEBFMTstar_full,PEBFMT*,38,ablation_apartment_hard_full_official_benchmark.log,1111233798,560,60,6,exact_solution,true,true,false,6.59695,547.638427,0.9779257625,true,6.59695,3.28229,670.241909,true
ablation,Apartment_hard,Apartment_hard,PEBFMTstar_full,PEBFMT*,39,ablation_apartment_hard_full_official_benchmark.log,1111233798,560,60,6,exact_solution,true,true,false,3.08624,459.885722,0.821224503571429,true,2.46836,2.46836,478.17902,true
ablation,Apartment_hard,Apartment_hard,PEBFMTstar_full,PEBFMT*,40,ablation_apartment_hard_full_official_benchmark.log,1111233798,560,60,6,exact_solution,true,true,false,6.06176,559.635166,0.999348510714286,true,6.06176,2.01002,605.890866,true
ablation,Apartment_hard,Apartment_hard,PEBFMTstar_full,PEBFMT*,41,ablation_apartment_hard_full_official_benchmark.log,1111233798,560,60,6,exact_solution,true,true,false,8.90661,556.300945,0.993394544642857,true,8.90661,2.08663,684.365519,true
ablation,Apartment_hard,Apartment_hard,PEBFMTstar_full,PEBFMT*,42,ablation_apartment_hard_full_official_benchmark.log,1111233798,560,60,6,exact_solution,true,true,false,8.14884,470.81575,0.840742410714286,true,4.23609,4.23609,471.009145,true
ablation,Apartment_hard,Apartment_hard,PEBFMTstar_full,PEBFMT*,43,ablation_apartment_hard_full_official_benchmark.log,1111233798,560,60,6,exact_solution,true,true,false,3.19805,436.795379,0.779991748214286,true,2.49959,2.49959,493.896505,true
ablation,Apartment_hard,Apartment_hard,PEBFMTstar_full,PEBFMT*,44,ablation_apartment_hard_full_official_benchmark.log,1111233798,560,60,6,exact_solution,true,true,false,3.59788,482.890912,0.8623052,true,3.59788,2.81453,589.670607,true
ablation,Apartment_hard,Apartment_hard,PEBFMTstar_full,PEBFMT*,45,ablation_apartment_hard_full_official_benchmark.log,1111233798,560,60,6,exact_solution,true,true,false,60.3119,517.217588,0.923602835714286,true,2.65443,2.65443,517.217588,true
ablation,Apartment_hard,Apartment_hard,PEBFMTstar_full,PEBFMT*,46,ablation_apartment_hard_full_official_benchmark.log,1111233798,560,60,6,exact_solution,true,true,false,4.28646,545.132321,0.973450573214286,true,2.00411,2.00411,557.021074,true
ablation,Apartment_hard,Apartment_hard,PEBFMTstar_full,PEBFMT*,47,ablation_apartment_hard_full_official_benchmark.log,1111233798,560,60,6,exact_solution,true,true,false,5.43361,505.958725,0.903497723214286,true,2.46062,2.46062,558.307681,true
ablation,Apartment_hard,Apartment_hard,PEBFMTstar_full,PEBFMT*,48,ablation_apartment_hard_full_official_benchmark.log,1111233798,560,60,6,exact_solution,true,true,false,22.2277,559.30828,0.998764785714286,true,22.2277,5.23779,727.821391,true
ablation,Apartment_hard,Apartment_hard,PEBFMTstar_full,PEBFMT*,49,ablation_apartment_hard_full_official_benchmark.log,1111233798,560,60,6,exact_solution,true,true,false,3.04524,493.300381,0.8808935375,true,1.88766,1.88766,502.071064,true
ablation,Apartment_hard,Apartment_hard,PEBFMTstar_full,PEBFMT*,50,ablation_apartment_hard_full_official_benchmark.log,1111233798,560,60,6,exact_solution,true,true,false,60.5391,524.627121,0.936834144642857,true,2.02112,2.02112,524.627121,true
ablation,Apartment_hard,Apartment_hard,PEBFMTstar_global_only,PEBFMT*-global-only,1,ablation_apartment_hard_global_only_official_benchmark.log,1111156353,560,60,6,exact_solution,true,true,false,4.09194,411.271646,0.734413653571429,true,2.76325,2.76325,437.705207,true
ablation,Apartment_hard,Apartment_hard,PEBFMTstar_global_only,PEBFMT*-global-only,2,ablation_apartment_hard_global_only_official_benchmark.log,1111156353,560,60,6,exact_solution,true,true,false,4.49771,495.551994,0.884914275,true,2.66672,2.66672,496.924528,true
ablation,Apartment_hard,Apartment_hard,PEBFMTstar_global_only,PEBFMT*-global-only,3,ablation_apartment_hard_global_only_official_benchmark.log,1111156353,560,60,6,exact_solution,true,true,false,3.79409,472.771807,0.844235369642857,true,2.53622,2.53622,500.945739,true
ablation,Apartment_hard,Apartment_hard,PEBFMTstar_global_only,PEBFMT*-global-only,4,ablation_apartment_hard_global_only_official_benchmark.log,1111156353,560,60,6,exact_solution,true,true,false,9.79376,481.647233,0.860084344642857,true,8.92773,8.92773,496.028793,true
ablation,Apartment_hard,Apartment_hard,PEBFMTstar_global_only,PEBFMT*-global-only,5,ablation_apartment_hard_global_only_official_benchmark.log,1111156353,560,60,6,exact_solution,true,true,false,4.60238,477.340759,0.8523942125,true,2.3653,2.3653,481.06376,true
ablation,Apartment_hard,Apartment_hard,PEBFMTstar_global_only,PEBFMT*-global-only,6,ablation_apartment_hard_global_only_official_benchmark.log,1111156353,560,60,6,exact_solution,true,true,false,5.21368,454.865789,0.8122603375,true,2.73019,2.73019,454.865789,true
ablation,Apartment_hard,Apartment_hard,PEBFMTstar_global_only,PEBFMT*-global-only,7,ablation_apartment_hard_global_only_official_benchmark.log,1111156353,560,60,6,exact_solution,true,true,false,5.79995,449.753801,0.8031317875,true,3.08982,3.08982,508.902159,true
ablation,Apartment_hard,Apartment_hard,PEBFMTstar_global_only,PEBFMT*-global-only,8,ablation_apartment_hard_global_only_official_benchmark.log,1111156353,560,60,6,exact_solution,true,true,false,10.4163,486.057071,0.867959055357143,true,10.4163,2.92467,661.922268,true
ablation,Apartment_hard,Apartment_hard,PEBFMTstar_global_only,PEBFMT*-global-only,9,ablation_apartment_hard_global_only_official_benchmark.log,1111156353,560,60,6,exact_solution,true,true,false,2.80381,486.195758,0.868206710714286,true,2.07514,2.07514,514.229826,true
ablation,Apartment_hard,Apartment_hard,PEBFMTstar_global_only,PEBFMT*-global-only,10,ablation_apartment_hard_global_only_official_benchmark.log,1111156353,560,60,6,exact_solution,true,true,false,5.0028,529.213075,0.945023348214286,true,5.0028,4.10076,567.033137,true
ablation,Apartment_hard,Apartment_hard,PEBFMTstar_global_only,PEBFMT*-global-only,11,ablation_apartment_hard_global_only_official_benchmark.log,1111156353,560,60,6,exact_solution,true,true,false,21.7304,401.112417,0.716272173214286,true,21.7303,3.21922,632.292395,true
ablation,Apartment_hard,Apartment_hard,PEBFMTstar_global_only,PEBFMT*-global-only,12,ablation_apartment_hard_global_only_official_benchmark.log,1111156353,560,60,6,exact_solution,true,true,false,5.33014,491.28667,0.877297625,true,4.82278,4.82278,491.685489,true
ablation,Apartment_hard,Apartment_hard,PEBFMTstar_global_only,PEBFMT*-global-only,13,ablation_apartment_hard_global_only_official_benchmark.log,1111156353,560,60,6,exact_solution,true,true,false,6.53668,455.301318,0.813038067857143,true,5.86319,5.86319,455.332212,true
ablation,Apartment_hard,Apartment_hard,PEBFMTstar_global_only,PEBFMT*-global-only,14,ablation_apartment_hard_global_only_official_benchmark.log,1111156353,560,60,6,exact_solution,true,true,false,12.9544,509.85714,0.910459178571429,true,12.9544,2.00595,629.837206,true
ablation,Apartment_hard,Apartment_hard,PEBFMTstar_global_only,PEBFMT*-global-only,15,ablation_apartment_hard_global_only_official_benchmark.log,1111156353,560,60,6,exact_solution,true,true,false,6.23444,558.797778,0.997853175,true,6.23444,2.22279,574.915207,true
ablation,Apartment_hard,Apartment_hard,PEBFMTstar_global_only,PEBFMT*-global-only,16,ablation_apartment_hard_global_only_official_benchmark.log,1111156353,560,60,6,exact_solution,true,true,false,2.77074,474.654104,0.847596614285714,true,2.12001,2.12001,475.151569,true
ablation,Apartment_hard,Apartment_hard,PEBFMTstar_global_only,PEBFMT*-global-only,17,ablation_apartment_hard_global_only_official_benchmark.log,1111156353,560,60,6,exact_solution,true,true,false,2.79017,428.587455,0.765334741071429,true,1.89999,1.89999,457.920241,true
ablation,Apartment_hard,Apartment_hard,PEBFMTstar_global_only,PEBFMT*-global-only,18,ablation_apartment_hard_global_only_official_benchmark.log,1111156353,560,60,6,exact_solution,true,true,false,3.4647,431.183626,0.769970760714286,true,2.03925,2.03925,475.820132,true
ablation,Apartment_hard,Apartment_hard,PEBFMTstar_global_only,PEBFMT*-global-only,19,ablation_apartment_hard_global_only_official_benchmark.log,1111156353,560,60,6,exact_solution,true,true,false,4.93791,483.858982,0.864033896428571,true,2.15875,2.15875,548.216833,true
ablation,Apartment_hard,Apartment_hard,PEBFMTstar_global_only,PEBFMT*-global-only,20,ablation_apartment_hard_global_only_official_benchmark.log,1111156353,560,60,6,exact_solution,true,true,false,4.75082,557.171022,0.994948253571429,true,4.75082,2.12662,681.534444,true
ablation,Apartment_hard,Apartment_hard,PEBFMTstar_global_only,PEBFMT*-global-only,21,ablation_apartment_hard_global_only_official_benchmark.log,1111156353,560,60,6,exact_solution,true,true,false,11.2465,452.67768,0.808353,true,3.74339,3.74339,520.733913,true
ablation,Apartment_hard,Apartment_hard,PEBFMTstar_global_only,PEBFMT*-global-only,22,ablation_apartment_hard_global_only_official_benchmark.log,1111156353,560,60,6,exact_solution,true,true,false,6.13477,555.017844,0.991103292857143,true,6.13477,2.85784,621.225319,true
ablation,Apartment_hard,Apartment_hard,PEBFMTstar_global_only,PEBFMT*-global-only,23,ablation_apartment_hard_global_only_official_benchmark.log,1111156353,560,60,6,exact_solution,true,true,false,5.02811,505.27971,0.902285196428572,true,5.02811,2.60935,588.939125,true
ablation,Apartment_hard,Apartment_hard,PEBFMTstar_global_only,PEBFMT*-global-only,24,ablation_apartment_hard_global_only_official_benchmark.log,1111156353,560,60,6,exact_solution,true,true,false,3.12108,468.073936,0.835846314285714,true,2.33502,2.33502,543.825246,true
ablation,Apartment_hard,Apartment_hard,PEBFMTstar_global_only,PEBFMT*-global-only,25,ablation_apartment_hard_global_only_official_benchmark.log,1111156353,560,60,6,exact_solution,true,true,false,4.7584,496.920974,0.887358882142857,true,1.96784,1.96784,498.88058,true
ablation,Apartment_hard,Apartment_hard,PEBFMTstar_global_only,PEBFMT*-global-only,26,ablation_apartment_hard_global_only_official_benchmark.log,1111156353,560,60,6,exact_solution,true,true,false,3.32077,482.496468,0.861600835714286,true,2.16233,2.16233,483.309502,true
ablation,Apartment_hard,Apartment_hard,PEBFMTstar_global_only,PEBFMT*-global-only,27,ablation_apartment_hard_global_only_official_benchmark.log,1111156353,560,60,6,exact_solution,true,true,false,8.42285,440.439448,0.786499014285714,true,4.9322,4.9322,484.041044,true
ablation,Apartment_hard,Apartment_hard,PEBFMTstar_global_only,PEBFMT*-global-only,28,ablation_apartment_hard_global_only_official_benchmark.log,1111156353,560,60,6,exact_solution,true,true,false,4.82639,501.284351,0.895150626785714,true,4.82639,3.54186,584.868585,true
ablation,Apartment_hard,Apartment_hard,PEBFMTstar_global_only,PEBFMT*-global-only,29,ablation_apartment_hard_global_only_official_benchmark.log,1111156353,560,60,6,exact_solution,true,true,false,7.33675,527.958572,0.942783164285714,true,7.33675,4.98583,648.40971,true
ablation,Apartment_hard,Apartment_hard,PEBFMTstar_global_only,PEBFMT*-global-only,30,ablation_apartment_hard_global_only_official_benchmark.log,1111156353,560,60,6,exact_solution,true,true,false,5.99798,551.584386,0.984972117857143,true,5.99798,2.37467,751.755004,true
ablation,Apartment_hard,Apartment_hard,PEBFMTstar_global_only,PEBFMT*-global-only,31,ablation_apartment_hard_global_only_official_benchmark.log,1111156353,560,60,6,exact_solution,true,true,false,3.25418,501.940155,0.896321705357143,true,2.53655,2.53655,546.178185,true
ablation,Apartment_hard,Apartment_hard,PEBFMTstar_global_only,PEBFMT*-global-only,32,ablation_apartment_hard_global_only_official_benchmark.log,1111156353,560,60,6,exact_solution,true,true,false,4.84218,513.297795,0.916603205357143,true,2.76096,2.76096,529.329971,true
ablation,Apartment_hard,Apartment_hard,PEBFMTstar_global_only,PEBFMT*-global-only,33,ablation_apartment_hard_global_only_official_benchmark.log,1111156353,560,60,6,exact_solution,true,true,false,5.37626,556.346188,0.993475335714286,true,5.37626,3.83607,604.776305,true
ablation,Apartment_hard,Apartment_hard,PEBFMTstar_global_only,PEBFMT*-global-only,34,ablation_apartment_hard_global_only_official_benchmark.log,1111156353,560,60,6,exact_solution,true,true,false,5.65537,506.916421,0.905207894642857,true,3.86113,3.86113,532.115821,true
ablation,Apartment_hard,Apartment_hard,PEBFMTstar_global_only,PEBFMT*-global-only,35,ablation_apartment_hard_global_only_official_benchmark.log,1111156353,560,60,6,exact_solution,true,true,false,2.81899,429.547236,0.767048635714286,true,1.96354,1.96354,492.345567,true
ablation,Apartment_hard,Apartment_hard,PEBFMTstar_global_only,PEBFMT*-global-only,36,ablation_apartment_hard_global_only_official_benchmark.log,1111156353,560,60,6,exact_solution,true,true,false,10.7257,494.454706,0.882954832142857,true,10.7257,2.31605,683.383388,true
ablation,Apartment_hard,Apartment_hard,PEBFMTstar_global_only,PEBFMT*-global-only,37,ablation_apartment_hard_global_only_official_benchmark.log,1111156353,560,60,6,exact_solution,true,true,false,3.26272,492.591449,0.8796275875,true,2.59659,2.59659,528.999275,true
ablation,Apartment_hard,Apartment_hard,PEBFMTstar_global_only,PEBFMT*-global-only,38,ablation_apartment_hard_global_only_official_benchmark.log,1111156353,560,60,6,exact_solution,true,true,false,10.9617,438.750761,0.783483501785714,true,10.9616,7.26041,599.514842,true
ablation,Apartment_hard,Apartment_hard,PEBFMTstar_global_only,PEBFMT*-global-only,39,ablation_apartment_hard_global_only_official_benchmark.log,1111156353,560,60,6,exact_solution,true,true,false,2.81769,449.691554,0.803020632142857,true,1.90074,1.90074,449.90887,true
ablation,Apartment_hard,Apartment_hard,PEBFMTstar_global_only,PEBFMT*-global-only,40,ablation_apartment_hard_global_only_official_benchmark.log,1111156353,560,60,6,exact_solution,true,true,false,4.01299,528.105474,0.943045489285714,true,3.34215,3.34215,548.508811,true
ablation,Apartment_hard,Apartment_hard,PEBFMTstar_global_only,PEBFMT*-global-only,41,ablation_apartment_hard_global_only_official_benchmark.log,1111156353,560,60,6,exact_solution,true,true,false,4.50663,509.826961,0.9104052875,true,3.83938,3.83938,513.004245,true
ablation,Apartment_hard,Apartment_hard,PEBFMTstar_global_only,PEBFMT*-global-only,42,ablation_apartment_hard_global_only_official_benchmark.log,1111156353,560,60,6,exact_solution,true,true,false,10.5188,506.620687,0.904679798214286,true,8.01033,8.01033,511.931528,true
ablation,Apartment_hard,Apartment_hard,PEBFMTstar_global_only,PEBFMT*-global-only,43,ablation_apartment_hard_global_only_official_benchmark.log,1111156353,560,60,6,exact_solution,true,true,false,4.49082,465.424854,0.831115810714286,true,2.30726,2.30726,465.49199,true
ablation,Apartment_hard,Apartment_hard,PEBFMTstar_global_only,PEBFMT*-global-only,44,ablation_apartment_hard_global_only_official_benchmark.log,1111156353,560,60,6,exact_solution,true,true,false,6.75706,506.226726,0.903976296428571,true,6.75706,3.31718,613.228738,true
ablation,Apartment_hard,Apartment_hard,PEBFMTstar_global_only,PEBFMT*-global-only,45,ablation_apartment_hard_global_only_official_benchmark.log,1111156353,560,60,6,exact_solution,true,true,false,8.06477,556.370276,0.99351835,true,8.06471,1.95182,590.017049,true
ablation,Apartment_hard,Apartment_hard,PEBFMTstar_global_only,PEBFMT*-global-only,46,ablation_apartment_hard_global_only_official_benchmark.log,1111156353,560,60,6,exact_solution,true,true,false,11.8098,557.717471,0.995924055357143,true,11.8098,3.75545,577.198654,true
ablation,Apartment_hard,Apartment_hard,PEBFMTstar_global_only,PEBFMT*-global-only,47,ablation_apartment_hard_global_only_official_benchmark.log,1111156353,560,60,6,exact_solution,true,true,false,2.47734,429.175241,0.766384358928571,true,1.86927,1.86927,497.609719,true
ablation,Apartment_hard,Apartment_hard,PEBFMTstar_global_only,PEBFMT*-global-only,48,ablation_apartment_hard_global_only_official_benchmark.log,1111156353,560,60,6,exact_solution,true,true,false,5.06933,467.876857,0.8354943875,true,2.65987,2.65987,549.001258,true
ablation,Apartment_hard,Apartment_hard,PEBFMTstar_global_only,PEBFMT*-global-only,49,ablation_apartment_hard_global_only_official_benchmark.log,1111156353,560,60,6,exact_solution,true,true,false,7.10051,525.901327,0.9391095125,true,7.10051,3.74995,825.711672,true
ablation,Apartment_hard,Apartment_hard,PEBFMTstar_global_only,PEBFMT*-global-only,50,ablation_apartment_hard_global_only_official_benchmark.log,1111156353,560,60,6,exact_solution,true,true,false,2.35927,472.024563,0.842901005357143,true,1.68442,1.68442,503.869709,true
ablation,Apartment_hard,Apartment_hard,PEBFMTstar_piecewise_only,PEBFMT*-piecewise-only,1,ablation_apartment_hard_piecewise_only_official_benchmark.log,1111188362,560,60,6,exact_solution,true,true,false,3.82449,466.754542,0.833490253571429,true,3.01645,3.01645,481.005463,true
ablation,Apartment_hard,Apartment_hard,PEBFMTstar_piecewise_only,PEBFMT*-piecewise-only,2,ablation_apartment_hard_piecewise_only_official_benchmark.log,1111188362,560,60,6,exact_solution,true,true,false,5.53537,444.835718,0.794349496428571,true,5.53537,2.32685,579.519753,true
ablation,Apartment_hard,Apartment_hard,PEBFMTstar_piecewise_only,PEBFMT*-piecewise-only,3,ablation_apartment_hard_piecewise_only_official_benchmark.log,1111188362,560,60,6,exact_solution,true,true,false,4.34953,495.098699,0.884104819642857,true,3.72363,3.72363,496.311622,true
ablation,Apartment_hard,Apartment_hard,PEBFMTstar_piecewise_only,PEBFMT*-piecewise-only,4,ablation_apartment_hard_piecewise_only_official_benchmark.log,1111188362,560,60,6,exact_solution,true,true,false,3.56087,536.607887,0.958228369642857,true,2.56615,2.56615,543.833789,true
ablation,Apartment_hard,Apartment_hard,PEBFMTstar_piecewise_only,PEBFMT*-piecewise-only,5,ablation_apartment_hard_piecewise_only_official_benchmark.log,1111188362,560,60,6,exact_solution,true,true,false,2.83277,433.952455,0.774915098214286,true,2.11351,2.11351,436.454983,true
ablation,Apartment_hard,Apartment_hard,PEBFMTstar_piecewise_only,PEBFMT*-piecewise-only,6,ablation_apartment_hard_piecewise_only_official_benchmark.log,1111188362,560,60,6,exact_solution,true,true,false,3.64179,494.312424,0.882700757142857,true,2.92676,2.92676,494.689385,true
ablation,Apartment_hard,Apartment_hard,PEBFMTstar_piecewise_only,PEBFMT*-piecewise-only,7,ablation_apartment_hard_piecewise_only_official_benchmark.log,1111188362,560,60,6,exact_solution,true,true,false,4.65196,483.67657,0.863708160714286,true,4.65196,3.39694,643.641403,true
ablation,Apartment_hard,Apartment_hard,PEBFMTstar_piecewise_only,PEBFMT*-piecewise-only,8,ablation_apartment_hard_piecewise_only_official_benchmark.log,1111188362,560,60,6,exact_solution,true,true,false,6.14199,488.249351,0.871873841071429,true,5.09311,5.09311,488.538971,true
ablation,Apartment_hard,Apartment_hard,PEBFMTstar_piecewise_only,PEBFMT*-piecewise-only,9,ablation_apartment_hard_piecewise_only_official_benchmark.log,1111188362,560,60,6,exact_solution,true,true,false,2.88385,450.909799,0.805196069642857,true,2.07353,2.07353,453.885332,true
ablation,Apartment_hard,Apartment_hard,PEBFMTstar_piecewise_only,PEBFMT*-piecewise-only,10,ablation_apartment_hard_piecewise_only_official_benchmark.log,1111188362,560,60,6,exact_solution,true,true,false,5.91181,457.210826,0.816447903571429,true,5.91181,2.38358,677.757204,true
ablation,Apartment_hard,Apartment_hard,PEBFMTstar_piecewise_only,PEBFMT*-piecewise-only,11,ablation_apartment_hard_piecewise_only_official_benchmark.log,1111188362,560,60,6,exact_solution,true,true,false,4.95305,502.31545,0.896991875,true,4.16986,4.16986,502.685777,true
ablation,Apartment_hard,Apartment_hard,PEBFMTstar_piecewise_only,PEBFMT*-piecewise-only,12,ablation_apartment_hard_piecewise_only_official_benchmark.log,1111188362,560,60,6,exact_solution,true,true,false,6.3261,441.368056,0.788157242857143,true,2.81834,2.81834,449.804726,true
ablation,Apartment_hard,Apartment_hard,PEBFMTstar_piecewise_only,PEBFMT*-piecewise-only,13,ablation_apartment_hard_piecewise_only_official_benchmark.log,1111188362,560,60,6,exact_solution,true,true,false,60.4616,694.558054,1.24028223928571,false,,3.20164,694.558054,true
ablation,Apartment_hard,Apartment_hard,PEBFMTstar_piecewise_only,PEBFMT*-piecewise-only,14,ablation_apartment_hard_piecewise_only_official_benchmark.log,1111188362,560,60,6,exact_solution,true,true,false,3.18344,466.303242,0.832684360714286,true,2.17213,2.17213,503.739731,true
ablation,Apartment_hard,Apartment_hard,PEBFMTstar_piecewise_only,PEBFMT*-piecewise-only,15,ablation_apartment_hard_piecewise_only_official_benchmark.log,1111188362,560,60,6,exact_solution,true,true,false,3.39697,472.314366,0.843418510714286,true,2.3541,2.3541,485.462618,true
ablation,Apartment_hard,Apartment_hard,PEBFMTstar_piecewise_only,PEBFMT*-piecewise-only,16,ablation_apartment_hard_piecewise_only_official_benchmark.log,1111188362,560,60,6,exact_solution,true,true,false,3.98314,433.729195,0.774516419642857,true,1.89746,1.89746,434.759252,true
ablation,Apartment_hard,Apartment_hard,PEBFMTstar_piecewise_only,PEBFMT*-piecewise-only,17,ablation_apartment_hard_piecewise_only_official_benchmark.log,1111188362,560,60,6,exact_solution,true,true,false,4.05356,486.432292,0.868629092857143,true,1.7891,1.7891,487.843892,true
ablation,Apartment_hard,Apartment_hard,PEBFMTstar_piecewise_only,PEBFMT*-piecewise-only,18,ablation_apartment_hard_piecewise_only_official_benchmark.log,1111188362,560,60,6,exact_solution,true,true,false,3.29779,493.998979,0.882141033928571,true,2.50676,2.50676,494.233739,true
ablation,Apartment_hard,Apartment_hard,PEBFMTstar_piecewise_only,PEBFMT*-piecewise-only,19,ablation_apartment_hard_piecewise_only_official_benchmark.log,1111188362,560,60,6,exact_solution,true,true,false,2.75474,465.397206,0.831066439285714,true,2.018,2.018,465.756254,true
ablation,Apartment_hard,Apartment_hard,PEBFMTstar_piecewise_only,PEBFMT*-piecewise-only,20,ablation_apartment_hard_piecewise_only_official_benchmark.log,1111188362,560,60,6,exact_solution,true,true,false,7.23541,551.157051,0.984209019642857,true,7.23533,2.81441,740.172642,true
ablation,Apartment_hard,Apartment_hard,PEBFMTstar_piecewise_only,PEBFMT*-piecewise-only,21,ablation_apartment_hard_piecewise_only_official_benchmark.log,1111188362,560,60,6,exact_solution,true,true,false,7.71957,509.208889,0.9093015875,true,7.71957,3.1136,601.180151,true
ablation,Apartment_hard,Apartment_hard,PEBFMTstar_piecewise_only,PEBFMT*-piecewise-only,22,ablation_apartment_hard_piecewise_only_official_benchmark.log,1111188362,560,60,6,exact_solution,true,true,false,2.68955,447.794981,0.799633894642857,true,1.97371,1.97371,453.066574,true
ablation,Apartment_hard,Apartment_hard,PEBFMTstar_piecewise_only,PEBFMT*-piecewise-only,23,ablation_apartment_hard_piecewise_only_official_benchmark.log,1111188362,560,60,6,exact_solution,true,true,false,8.46831,486.124152,0.868078842857143,true,1.98534,1.98534,499.871484,true
ablation,Apartment_hard,Apartment_hard,PEBFMTstar_piecewise_only,PEBFMT*-piecewise-only,24,ablation_apartment_hard_piecewise_only_official_benchmark.log,1111188362,560,60,6,exact_solution,true,true,false,3.75369,474.294256,0.846954028571429,true,3.02416,3.02416,474.3023,true
ablation,Apartment_hard,Apartment_hard,PEBFMTstar_piecewise_only,PEBFMT*-piecewise-only,25,ablation_apartment_hard_piecewise_only_official_benchmark.log,1111188362,560,60,6,exact_solution,true,true,false,5.7408,471.324118,0.841650210714286,true,3.06976,3.06976,471.865689,true
ablation,Apartment_hard,Apartment_hard,PEBFMTstar_piecewise_only,PEBFMT*-piecewise-only,26,ablation_apartment_hard_piecewise_only_official_benchmark.log,1111188362,560,60,6,exact_solution,true,true,false,4.71189,436.878002,0.780139289285714,true,4.71183,3.00215,613.42314,true
ablation,Apartment_hard,Apartment_hard,PEBFMTstar_piecewise_only,PEBFMT*-piecewise-only,27,ablation_apartment_hard_piecewise_only_official_benchmark.log,1111188362,560,60,6,exact_solution,true,true,false,5.22058,531.817328,0.9496738,true,2.82319,2.82319,533.724542,true
ablation,Apartment_hard,Apartment_hard,PEBFMTstar_piecewise_only,PEBFMT*-piecewise-only,28,ablation_apartment_hard_piecewise_only_official_benchmark.log,1111188362,560,60,6,exact_solution,true,true,false,5.9424,450.427076,0.804334064285714,true,5.9424,2.34461,796.969427,true
ablation,Apartment_hard,Apartment_hard,PEBFMTstar_piecewise_only,PEBFMT*-piecewise-only,29,ablation_apartment_hard_piecewise_only_official_benchmark.log,1111188362,560,60,6,exact_solution,true,true,false,8.07639,451.400087,0.806071583928571,true,8.07639,2.99986,703.173835,true
ablation,Apartment_hard,Apartment_hard,PEBFMTstar_piecewise_only,PEBFMT*-piecewise-only,30,ablation_apartment_hard_piecewise_only_official_benchmark.log,1111188362,560,60,6,exact_solution,true,true,false,2.43334,449.304832,0.802330057142857,true,1.98139,1.98139,449.551308,true
ablation,Apartment_hard,Apartment_hard,PEBFMTstar_piecewise_only,PEBFMT*-piecewise-only,31,ablation_apartment_hard_piecewise_only_official_benchmark.log,1111188362,560,60,6,exact_solution,true,true,false,5.35585,466.147735,0.832406669642857,true,1.80366,1.80366,466.398388,true
ablation,Apartment_hard,Apartment_hard,PEBFMTstar_piecewise_only,PEBFMT*-piecewise-only,32,ablation_apartment_hard_piecewise_only_official_benchmark.log,1111188362,560,60,6,exact_solution,true,true,false,2.79812,413.596679,0.738565498214286,true,2.18928,2.18928,413.740258,true
ablation,Apartment_hard,Apartment_hard,PEBFMTstar_piecewise_only,PEBFMT*-piecewise-only,33,ablation_apartment_hard_piecewise_only_official_benchmark.log,1111188362,560,60,6,exact_solution,true,true,false,5.45063,544.559172,0.972427092857143,true,5.45063,3.46934,639.075528,true
ablation,Apartment_hard,Apartment_hard,PEBFMTstar_piecewise_only,PEBFMT*-piecewise-only,34,ablation_apartment_hard_piecewise_only_official_benchmark.log,1111188362,560,60,6,exact_solution,true,true,false,6.2627,459.563772,0.820649592857143,true,6.26258,2.86596,736.785001,true
ablation,Apartment_hard,Apartment_hard,PEBFMTstar_piecewise_only,PEBFMT*-piecewise-only,35,ablation_apartment_hard_piecewise_only_official_benchmark.log,1111188362,560,60,6,exact_solution,true,true,false,3.30959,555.003841,0.9910782875,true,2.60385,2.60385,557.200552,true
ablation,Apartment_hard,Apartment_hard,PEBFMTstar_piecewise_only,PEBFMT*-piecewise-only,36,ablation_apartment_hard_piecewise_only_official_benchmark.log,1111188362,560,60,6,exact_solution,true,true,false,6.26696,496.198717,0.8860691375,true,3.64568,3.64568,497.12776,true
ablation,Apartment_hard,Apartment_hard,PEBFMTstar_piecewise_only,PEBFMT*-piecewise-only,37,ablation_apartment_hard_piecewise_only_official_benchmark.log,1111188362,560,60,6,exact_solution,true,true,false,9.10036,442.038382,0.789354253571429,true,9.10036,3.69712,611.274903,true
ablation,Apartment_hard,Apartment_hard,PEBFMTstar_piecewise_only,PEBFMT*-piecewise-only,38,ablation_apartment_hard_piecewise_only_official_benchmark.log,1111188362,560,60,6,exact_solution,true,true,false,3.43841,421.093315,0.751952348214286,true,3.43841,2.10143,625.428471,true
ablation,Apartment_hard,Apartment_hard,PEBFMTstar_piecewise_only,PEBFMT*-piecewise-only,39,ablation_apartment_hard_piecewise_only_official_benchmark.log,1111188362,560,60,6,exact_solution,true,true,false,8.99605,519.830799,0.928269283928571,true,8.99598,7.61008,599.087994,true
ablation,Apartment_hard,Apartment_hard,PEBFMTstar_piecewise_only,PEBFMT*-piecewise-only,40,ablation_apartment_hard_piecewise_only_official_benchmark.log,1111188362,560,60,6,exact_solution,true,true,false,3.97205,474.946429,0.848118623214286,true,3.36409,3.36409,513.867985,true
ablation,Apartment_hard,Apartment_hard,PEBFMTstar_piecewise_only,PEBFMT*-piecewise-only,41,ablation_apartment_hard_piecewise_only_official_benchmark.log,1111188362,560,60,6,exact_solution,true,true,false,2.43417,465.868614,0.831908239285714,true,1.84365,1.84365,468.601664,true
ablation,Apartment_hard,Apartment_hard,PEBFMTstar_piecewise_only,PEBFMT*-piecewise-only,42,ablation_apartment_hard_piecewise_only_official_benchmark.log,1111188362,560,60,6,exact_solution,true,true,false,6.17193,484.557337,0.865280958928571,true,2.36983,2.36983,484.707682,true
ablation,Apartment_hard,Apartment_hard,PEBFMTstar_piecewise_only,PEBFMT*-piecewise-only,43,ablation_apartment_hard_piecewise_only_official_benchmark.log,1111188362,560,60,6,exact_solution,true,true,false,4.92328,476.723666,0.851292260714286,true,2.4735,2.4735,477.381719,true
ablation,Apartment_hard,Apartment_hard,PEBFMTstar_piecewise_only,PEBFMT*-piecewise-only,44,ablation_apartment_hard_piecewise_only_official_benchmark.log,1111188362,560,60,6,exact_solution,true,true,false,60.2709,604.88421,1.080150375,false,,2.75546,604.88421,true
ablation,Apartment_hard,Apartment_hard,PEBFMTstar_piecewise_only,PEBFMT*-piecewise-only,45,ablation_apartment_hard_piecewise_only_official_benchmark.log,1111188362,560,60,6,exact_solution,true,true,false,7.81319,452.099098,0.807319817857143,true,7.81313,3.17452,606.765543,true
ablation,Apartment_hard,Apartment_hard,PEBFMTstar_piecewise_only,PEBFMT*-piecewise-only,46,ablation_apartment_hard_piecewise_only_official_benchmark.log,1111188362,560,60,6,exact_solution,true,true,false,5.04577,540.456772,0.965101378571429,true,5.04567,3.6153,571.179018,true
ablation,Apartment_hard,Apartment_hard,PEBFMTstar_piecewise_only,PEBFMT*-piecewise-only,47,ablation_apartment_hard_piecewise_only_official_benchmark.log,1111188362,560,60,6,exact_solution,true,true,false,60.4632,616.772447,1.10137936964286,false,,6.54635,616.772447,true
ablation,Apartment_hard,Apartment_hard,PEBFMTstar_piecewise_only,PEBFMT*-piecewise-only,48,ablation_apartment_hard_piecewise_only_official_benchmark.log,1111188362,560,60,6,exact_solution,true,true,false,6.61965,490.067911,0.875121269642857,true,6.61965,3.12434,598.177398,true
ablation,Apartment_hard,Apartment_hard,PEBFMTstar_piecewise_only,PEBFMT*-piecewise-only,49,ablation_apartment_hard_piecewise_only_official_benchmark.log,1111188362,560,60,6,exact_solution,true,true,false,4.19816,466.750318,0.833482710714286,true,1.81798,1.81798,468.194468,true
ablation,Apartment_hard,Apartment_hard,PEBFMTstar_piecewise_only,PEBFMT*-piecewise-only,50,ablation_apartment_hard_piecewise_only_official_benchmark.log,1111188362,560,60,6,exact_solution,true,true,false,4.88931,458.011768,0.817878157142857,true,2.34471,2.34471,461.309072,true
ablation,Barriers,Barriers,BFMTstar_baseline,BFMT*,1,ablation_barriers_baseline_official_benchmark.log,1111017697,720,60,6,exact_solution,true,true,false,0.301938,754.485,1.04789583333333,false,,0.301938,754.485,false
ablation,Barriers,Barriers,BFMTstar_baseline,BFMT*,2,ablation_barriers_baseline_official_benchmark.log,1111017697,720,60,6,exact_solution,true,true,false,0.35977,760.244,1.05589444444444,false,,0.35977,760.244,false
ablation,Barriers,Barriers,BFMTstar_baseline,BFMT*,3,ablation_barriers_baseline_official_benchmark.log,1111017697,720,60,6,exact_solution,true,true,false,0.412363,770.304,1.06986666666667,false,,0.412363,770.304,false
ablation,Barriers,Barriers,BFMTstar_baseline,BFMT*,4,ablation_barriers_baseline_official_benchmark.log,1111017697,720,60,6,exact_solution,true,true,false,0.467003,821.101,1.14041805555556,false,,0.467003,821.101,false
ablation,Barriers,Barriers,BFMTstar_baseline,BFMT*,5,ablation_barriers_baseline_official_benchmark.log,1111017697,720,60,6,exact_solution,true,true,false,0.363043,757.077,1.05149583333333,false,,0.363043,757.077,false
ablation,Barriers,Barriers,BFMTstar_baseline,BFMT*,6,ablation_barriers_baseline_official_benchmark.log,1111017697,720,60,6,exact_solution,true,true,false,0.316553,798.687,1.1092875,false,,0.316553,798.687,false
ablation,Barriers,Barriers,BFMTstar_baseline,BFMT*,7,ablation_barriers_baseline_official_benchmark.log,1111017697,720,60,6,exact_solution,true,true,false,0.343841,759.854,1.05535277777778,false,,0.343841,759.854,false
ablation,Barriers,Barriers,BFMTstar_baseline,BFMT*,8,ablation_barriers_baseline_official_benchmark.log,1111017697,720,60,6,exact_solution,true,true,false,0.342484,747.298,1.03791388888889,false,,0.342484,747.298,false
ablation,Barriers,Barriers,BFMTstar_baseline,BFMT*,9,ablation_barriers_baseline_official_benchmark.log,1111017697,720,60,6,exact_solution,true,true,false,0.310015,739.442,1.02700277777778,false,,0.310015,739.442,false
ablation,Barriers,Barriers,BFMTstar_baseline,BFMT*,10,ablation_barriers_baseline_official_benchmark.log,1111017697,720,60,6,exact_solution,true,true,false,0.275226,737.9,1.02486111111111,false,,0.275226,737.9,false
ablation,Barriers,Barriers,BFMTstar_baseline,BFMT*,11,ablation_barriers_baseline_official_benchmark.log,1111017697,720,60,6,exact_solution,true,true,false,0.25486,731.418,1.01585833333333,false,,0.25486,731.418,false
ablation,Barriers,Barriers,BFMTstar_baseline,BFMT*,12,ablation_barriers_baseline_official_benchmark.log,1111017697,720,60,6,exact_solution,true,true,false,0.423703,776.185,1.07803472222222,false,,0.423703,776.185,false
ablation,Barriers,Barriers,BFMTstar_baseline,BFMT*,13,ablation_barriers_baseline_official_benchmark.log,1111017697,720,60,6,exact_solution,true,true,false,0.30388,747.511,1.03820972222222,false,,0.30388,747.511,false
ablation,Barriers,Barriers,BFMTstar_baseline,BFMT*,14,ablation_barriers_baseline_official_benchmark.log,1111017697,720,60,6,exact_solution,true,true,false,0.413966,760.825,1.05670138888889,false,,0.413966,760.825,false
ablation,Barriers,Barriers,BFMTstar_baseline,BFMT*,15,ablation_barriers_baseline_official_benchmark.log,1111017697,720,60,6,exact_solution,true,true,false,0.253753,737.1,1.02375,false,,0.253753,737.1,false
ablation,Barriers,Barriers,BFMTstar_baseline,BFMT*,16,ablation_barriers_baseline_official_benchmark.log,1111017697,720,60,6,exact_solution,true,true,false,0.33794,765.225,1.0628125,false,,0.33794,765.225,false
ablation,Barriers,Barriers,BFMTstar_baseline,BFMT*,17,ablation_barriers_baseline_official_benchmark.log,1111017697,720,60,6,exact_solution,true,true,false,0.395435,775.764,1.07745,false,,0.395435,775.764,false
ablation,Barriers,Barriers,BFMTstar_baseline,BFMT*,18,ablation_barriers_baseline_official_benchmark.log,1111017697,720,60,6,exact_solution,true,true,false,0.338288,783.522,1.088225,false,,0.338288,783.522,false
ablation,Barriers,Barriers,BFMTstar_baseline,BFMT*,19,ablation_barriers_baseline_official_benchmark.log,1111017697,720,60,6,exact_solution,true,true,false,0.231708,718.409,0.997790277777778,true,0.231708,0.231708,718.409,false
ablation,Barriers,Barriers,BFMTstar_baseline,BFMT*,20,ablation_barriers_baseline_official_benchmark.log,1111017697,720,60,6,exact_solution,true,true,false,0.359425,781.475,1.08538194444444,false,,0.359425,781.475,false
ablation,Barriers,Barriers,BFMTstar_baseline,BFMT*,21,ablation_barriers_baseline_official_benchmark.log,1111017697,720,60,6,exact_solution,true,true,false,0.344501,765.073,1.06260138888889,false,,0.344501,765.073,false
ablation,Barriers,Barriers,BFMTstar_baseline,BFMT*,22,ablation_barriers_baseline_official_benchmark.log,1111017697,720,60,6,exact_solution,true,true,false,0.40257,775.729,1.07740138888889,false,,0.40257,775.729,false
ablation,Barriers,Barriers,BFMTstar_baseline,BFMT*,23,ablation_barriers_baseline_official_benchmark.log,1111017697,720,60,6,exact_solution,true,true,false,0.428396,780.383,1.08386527777778,false,,0.428396,780.383,false
ablation,Barriers,Barriers,BFMTstar_baseline,BFMT*,24,ablation_barriers_baseline_official_benchmark.log,1111017697,720,60,6,exact_solution,true,true,false,0.288277,748.291,1.03929305555556,false,,0.288277,748.291,false
ablation,Barriers,Barriers,BFMTstar_baseline,BFMT*,25,ablation_barriers_baseline_official_benchmark.log,1111017697,720,60,6,exact_solution,true,true,false,0.324028,779.899,1.08319305555556,false,,0.324028,779.899,false
ablation,Barriers,Barriers,BFMTstar_baseline,BFMT*,26,ablation_barriers_baseline_official_benchmark.log,1111017697,720,60,6,exact_solution,true,true,false,0.344798,761.677,1.05788472222222,false,,0.344798,761.677,false
ablation,Barriers,Barriers,BFMTstar_baseline,BFMT*,27,ablation_barriers_baseline_official_benchmark.log,1111017697,720,60,6,exact_solution,true,true,false,0.312472,776.572,1.07857222222222,false,,0.312472,776.572,false
ablation,Barriers,Barriers,BFMTstar_baseline,BFMT*,28,ablation_barriers_baseline_official_benchmark.log,1111017697,720,60,6,exact_solution,true,true,false,0.386873,799.093,1.10985138888889,false,,0.386873,799.093,false
ablation,Barriers,Barriers,BFMTstar_baseline,BFMT*,29,ablation_barriers_baseline_official_benchmark.log,1111017697,720,60,6,exact_solution,true,true,false,0.425637,810.612,1.12585,false,,0.425637,810.612,false
ablation,Barriers,Barriers,BFMTstar_baseline,BFMT*,30,ablation_barriers_baseline_official_benchmark.log,1111017697,720,60,6,exact_solution,true,true,false,0.31945,743.798,1.03305277777778,false,,0.31945,743.798,false
ablation,Barriers,Barriers,BFMTstar_baseline,BFMT*,31,ablation_barriers_baseline_official_benchmark.log,1111017697,720,60,6,exact_solution,true,true,false,0.404953,758.391,1.05332083333333,false,,0.404953,758.391,false
ablation,Barriers,Barriers,BFMTstar_baseline,BFMT*,32,ablation_barriers_baseline_official_benchmark.log,1111017697,720,60,6,exact_solution,true,true,false,0.351867,751.89,1.04429166666667,false,,0.351867,751.89,false
ablation,Barriers,Barriers,BFMTstar_baseline,BFMT*,33,ablation_barriers_baseline_official_benchmark.log,1111017697,720,60,6,exact_solution,true,true,false,0.349112,741.113,1.02932361111111,false,,0.349112,741.113,false
ablation,Barriers,Barriers,BFMTstar_baseline,BFMT*,34,ablation_barriers_baseline_official_benchmark.log,1111017697,720,60,6,exact_solution,true,true,false,0.316994,786.378,1.09219166666667,false,,0.316994,786.378,false
ablation,Barriers,Barriers,BFMTstar_baseline,BFMT*,35,ablation_barriers_baseline_official_benchmark.log,1111017697,720,60,6,exact_solution,true,true,false,0.360889,762.331,1.05879305555556,false,,0.360889,762.331,false
ablation,Barriers,Barriers,BFMTstar_baseline,BFMT*,36,ablation_barriers_baseline_official_benchmark.log,1111017697,720,60,6,exact_solution,true,true,false,0.376016,755.405,1.04917361111111,false,,0.376016,755.405,false
ablation,Barriers,Barriers,BFMTstar_baseline,BFMT*,37,ablation_barriers_baseline_official_benchmark.log,1111017697,720,60,6,exact_solution,true,true,false,0.285859,790.39,1.09776388888889,false,,0.285859,790.39,false
ablation,Barriers,Barriers,BFMTstar_baseline,BFMT*,38,ablation_barriers_baseline_official_benchmark.log,1111017697,720,60,6,exact_solution,true,true,false,0.260882,726.293,1.00874027777778,false,,0.260882,726.293,false
ablation,Barriers,Barriers,BFMTstar_baseline,BFMT*,39,ablation_barriers_baseline_official_benchmark.log,1111017697,720,60,6,exact_solution,true,true,false,0.371885,769.183,1.06830972222222,false,,0.371885,769.183,false
ablation,Barriers,Barriers,BFMTstar_baseline,BFMT*,40,ablation_barriers_baseline_official_benchmark.log,1111017697,720,60,6,exact_solution,true,true,false,0.294386,771.723,1.0718375,false,,0.294386,771.723,false
ablation,Barriers,Barriers,BFMTstar_baseline,BFMT*,41,ablation_barriers_baseline_official_benchmark.log,1111017697,720,60,6,exact_solution,true,true,false,0.358251,755.817,1.04974583333333,false,,0.358251,755.817,false
ablation,Barriers,Barriers,BFMTstar_baseline,BFMT*,42,ablation_barriers_baseline_official_benchmark.log,1111017697,720,60,6,exact_solution,true,true,false,0.409498,765.836,1.06366111111111,false,,0.409498,765.836,false
ablation,Barriers,Barriers,BFMTstar_baseline,BFMT*,43,ablation_barriers_baseline_official_benchmark.log,1111017697,720,60,6,exact_solution,true,true,false,0.365796,775.982,1.07775277777778,false,,0.365796,775.982,false
ablation,Barriers,Barriers,BFMTstar_baseline,BFMT*,44,ablation_barriers_baseline_official_benchmark.log,1111017697,720,60,6,exact_solution,true,true,false,0.328748,737.331,1.02407083333333,false,,0.328748,737.331,false
ablation,Barriers,Barriers,BFMTstar_baseline,BFMT*,45,ablation_barriers_baseline_official_benchmark.log,1111017697,720,60,6,exact_solution,true,true,false,0.325307,748.196,1.03916111111111,false,,0.325307,748.196,false
ablation,Barriers,Barriers,BFMTstar_baseline,BFMT*,46,ablation_barriers_baseline_official_benchmark.log,1111017697,720,60,6,exact_solution,true,true,false,0.387962,775.87,1.07759722222222,false,,0.387962,775.87,false
ablation,Barriers,Barriers,BFMTstar_baseline,BFMT*,47,ablation_barriers_baseline_official_benchmark.log,1111017697,720,60,6,exact_solution,true,true,false,0.316095,757.399,1.05194305555556,false,,0.316095,757.399,false
ablation,Barriers,Barriers,BFMTstar_baseline,BFMT*,48,ablation_barriers_baseline_official_benchmark.log,1111017697,720,60,6,exact_solution,true,true,false,0.276736,739.271,1.02676527777778,false,,0.276736,739.271,false
ablation,Barriers,Barriers,BFMTstar_baseline,BFMT*,49,ablation_barriers_baseline_official_benchmark.log,1111017697,720,60,6,exact_solution,true,true,false,0.369162,766.022,1.06391944444444,false,,0.369162,766.022,false
ablation,Barriers,Barriers,BFMTstar_baseline,BFMT*,50,ablation_barriers_baseline_official_benchmark.log,1111017697,720,60,6,exact_solution,true,true,false,0.31955,744.125,1.03350694444444,false,,0.31955,744.125,false
ablation,Barriers,Barriers,PEBFMTstar_full,PEBFMT*,1,ablation_barriers_full_official_benchmark.log,1111099211,720,60,6,exact_solution,true,true,false,0.814419,715.343307,0.993532370833333,true,0.814419,0.34028,776.509958,true
ablation,Barriers,Barriers,PEBFMTstar_full,PEBFMT*,2,ablation_barriers_full_official_benchmark.log,1111099211,720,60,6,exact_solution,true,true,false,1.41361,719.876324,0.999828227777778,true,1.41353,0.396736,768.719493,true
ablation,Barriers,Barriers,PEBFMTstar_full,PEBFMT*,3,ablation_barriers_full_official_benchmark.log,1111099211,720,60,6,exact_solution,true,true,false,1.14174,718.925213,0.998507240277778,true,1.14174,0.394917,761.599979,true
ablation,Barriers,Barriers,PEBFMTstar_full,PEBFMT*,4,ablation_barriers_full_official_benchmark.log,1111099211,720,60,6,exact_solution,true,true,false,2.48102,719.892944,0.999851311111111,true,2.48102,0.351098,817.630494,true
ablation,Barriers,Barriers,PEBFMTstar_full,PEBFMT*,5,ablation_barriers_full_official_benchmark.log,1111099211,720,60,6,exact_solution,true,true,false,0.590467,716.57901,0.995248625,true,0.590467,0.257497,727.969256,true
ablation,Barriers,Barriers,PEBFMTstar_full,PEBFMT*,6,ablation_barriers_full_official_benchmark.log,1111099211,720,60,6,exact_solution,true,true,false,0.726018,717.584335,0.996644909722222,true,0.726018,0.275354,732.011196,true
ablation,Barriers,Barriers,PEBFMTstar_full,PEBFMT*,7,ablation_barriers_full_official_benchmark.log,1111099211,720,60,6,exact_solution,true,true,false,2.03712,711.315912,0.987938766666667,true,2.03712,0.394874,751.939948,true
ablation,Barriers,Barriers,PEBFMTstar_full,PEBFMT*,8,ablation_barriers_full_official_benchmark.log,1111099211,720,60,6,exact_solution,true,true,false,1.69663,717.505526,0.996535452777778,true,1.69663,0.419294,768.230051,true
ablation,Barriers,Barriers,PEBFMTstar_full,PEBFMT*,9,ablation_barriers_full_official_benchmark.log,1111099211,720,60,6,exact_solution,true,true,false,0.625514,714.095006,0.991798619444444,true,0.625514,0.291005,746.906359,true
ablation,Barriers,Barriers,PEBFMTstar_full,PEBFMT*,10,ablation_barriers_full_official_benchmark.log,1111099211,720,60,6,exact_solution,true,true,false,1.61148,715.294291,0.993464293055556,true,1.61148,0.423365,793.650389,true
ablation,Barriers,Barriers,PEBFMTstar_full,PEBFMT*,11,ablation_barriers_full_official_benchmark.log,1111099211,720,60,6,exact_solution,true,true,false,1.84358,718.258595,0.997581381944444,true,1.84358,0.438733,789.163541,true
ablation,Barriers,Barriers,PEBFMTstar_full,PEBFMT*,12,ablation_barriers_full_official_benchmark.log,1111099211,720,60,6,exact_solution,true,true,false,1.0647,716.554744,0.995214922222222,true,1.0647,0.313704,760.170806,true
ablation,Barriers,Barriers,PEBFMTstar_full,PEBFMT*,13,ablation_barriers_full_official_benchmark.log,1111099211,720,60,6,exact_solution,true,true,false,2.69649,718.73006,0.998236194444444,true,2.69642,0.395787,773.974726,true
ablation,Barriers,Barriers,PEBFMTstar_full,PEBFMT*,14,ablation_barriers_full_official_benchmark.log,1111099211,720,60,6,exact_solution,true,true,false,1.10055,718.182677,0.997475940277778,true,1.10055,0.452374,797.029651,true
ablation,Barriers,Barriers,PEBFMTstar_full,PEBFMT*,15,ablation_barriers_full_official_benchmark.log,1111099211,720,60,6,exact_solution,true,true,false,0.888484,711.068826,0.987595591666667,true,0.888484,0.328341,770.430651,true
ablation,Barriers,Barriers,PEBFMTstar_full,PEBFMT*,16,ablation_barriers_full_official_benchmark.log,1111099211,720,60,6,exact_solution,true,true,false,1.19695,719.262192,0.998975266666667,true,1.19688,0.370791,770.318996,true
ablation,Barriers,Barriers,PEBFMTstar_full,PEBFMT*,17,ablation_barriers_full_official_benchmark.log,1111099211,720,60,6,exact_solution,true,true,false,3.64513,718.089948,0.99734715,true,3.64513,0.388637,775.31201,true
ablation,Barriers,Barriers,PEBFMTstar_full,PEBFMT*,18,ablation_barriers_full_official_benchmark.log,1111099211,720,60,6,exact_solution,true,true,false,2.47593,715.408006,0.993622230555556,true,2.47593,0.402557,762.868221,true
ablation,Barriers,Barriers,PEBFMTstar_full,PEBFMT*,19,ablation_barriers_full_official_benchmark.log,1111099211,720,60,6,exact_solution,true,true,false,1.35102,718.415304,0.997799033333333,true,1.35102,0.321828,761.491496,true
ablation,Barriers,Barriers,PEBFMTstar_full,PEBFMT*,20,ablation_barriers_full_official_benchmark.log,1111099211,720,60,6,exact_solution,true,true,false,3.83906,718.804993,0.998340268055556,true,3.83906,0.354686,779.647134,true
ablation,Barriers,Barriers,PEBFMTstar_full,PEBFMT*,21,ablation_barriers_full_official_benchmark.log,1111099211,720,60,6,exact_solution,true,true,false,1.28026,719.885708,0.999841261111111,true,1.28026,0.454943,776.024066,true
ablation,Barriers,Barriers,PEBFMTstar_full,PEBFMT*,22,ablation_barriers_full_official_benchmark.log,1111099211,720,60,6,exact_solution,true,true,false,1.48018,717.041083,0.995890393055555,true,1.48018,0.401476,771.301827,true
ablation,Barriers,Barriers,PEBFMTstar_full,PEBFMT*,23,ablation_barriers_full_official_benchmark.log,1111099211,720,60,6,exact_solution,true,true,false,1.5433,715.615778,0.993910802777778,true,1.54323,0.344517,763.806685,true
ablation,Barriers,Barriers,PEBFMTstar_full,PEBFMT*,24,ablation_barriers_full_official_benchmark.log,1111099211,720,60,6,exact_solution,true,true,false,1.22964,719.330626,0.999070313888889,true,1.22964,0.343488,764.733721,true
ablation,Barriers,Barriers,PEBFMTstar_full,PEBFMT*,25,ablation_barriers_full_official_benchmark.log,1111099211,720,60,6,exact_solution,true,true,false,5.28807,718.64017,0.998111347222222,true,5.28807,0.411745,775.65623,true
ablation,Barriers,Barriers,PEBFMTstar_full,PEBFMT*,26,ablation_barriers_full_official_benchmark.log,1111099211,720,60,6,exact_solution,true,true,false,0.947275,718.160224,0.997444755555556,true,0.947275,0.361164,759.2202,true
ablation,Barriers,Barriers,PEBFMTstar_full,PEBFMT*,27,ablation_barriers_full_official_benchmark.log,1111099211,720,60,6,exact_solution,true,true,false,1.84474,719.492164,0.999294672222222,true,1.84474,0.408937,816.145519,true
ablation,Barriers,Barriers,PEBFMTstar_full,PEBFMT*,28,ablation_barriers_full_official_benchmark.log,1111099211,720,60,6,exact_solution,true,true,false,0.919476,718.629384,0.998096366666667,true,0.919476,0.403663,797.467591,true
ablation,Barriers,Barriers,PEBFMTstar_full,PEBFMT*,29,ablation_barriers_full_official_benchmark.log,1111099211,720,60,6,exact_solution,true,true,false,0.849111,717.919147,0.997109926388889,true,0.849111,0.367752,817.022541,true
ablation,Barriers,Barriers,PEBFMTstar_full,PEBFMT*,30,ablation_barriers_full_official_benchmark.log,1111099211,720,60,6,exact_solution,true,true,false,0.718581,716.963449,0.995782568055556,true,0.718581,0.307227,748.699678,true
ablation,Barriers,Barriers,PEBFMTstar_full,PEBFMT*,31,ablation_barriers_full_official_benchmark.log,1111099211,720,60,6,exact_solution,true,true,false,5.7483,718.435576,0.997827188888889,true,5.74823,0.426322,805.507309,true
ablation,Barriers,Barriers,PEBFMTstar_full,PEBFMT*,32,ablation_barriers_full_official_benchmark.log,1111099211,720,60,6,exact_solution,true,true,false,0.762231,719.618236,0.999469772222222,true,0.762172,0.282713,747.502979,true
ablation,Barriers,Barriers,PEBFMTstar_full,PEBFMT*,33,ablation_barriers_full_official_benchmark.log,1111099211,720,60,6,exact_solution,true,true,false,1.35923,711.019769,0.987527456944444,true,1.35923,0.360252,777.617835,true
ablation,Barriers,Barriers,PEBFMTstar_full,PEBFMT*,34,ablation_barriers_full_official_benchmark.log,1111099211,720,60,6,exact_solution,true,true,false,1.35565,718.728002,0.998233336111111,true,1.35558,0.395895,789.457009,true
ablation,Barriers,Barriers,PEBFMTstar_full,PEBFMT*,35,ablation_barriers_full_official_benchmark.log,1111099211,720,60,6,exact_solution,true,true,false,1.43366,714.715156,0.992659938888889,true,1.43366,0.366916,757.394013,true
ablation,Barriers,Barriers,PEBFMTstar_full,PEBFMT*,36,ablation_barriers_full_official_benchmark.log,1111099211,720,60,6,exact_solution,true,true,false,60.0696,721.845483,1.00256317083333,false,,0.413245,798.07085,true
ablation,Barriers,Barriers,PEBFMTstar_full,PEBFMT*,37,ablation_barriers_full_official_benchmark.log,1111099211,720,60,6,exact_solution,true,true,false,1.66269,719.98845,0.999983958333333,true,1.66269,0.298645,736.463993,true
ablation,Barriers,Barriers,PEBFMTstar_full,PEBFMT*,38,ablation_barriers_full_official_benchmark.log,1111099211,720,60,6,exact_solution,true,true,false,2.02181,718.572668,0.998017594444444,true,2.02181,0.371395,786.800354,true
ablation,Barriers,Barriers,PEBFMTstar_full,PEBFMT*,39,ablation_barriers_full_official_benchmark.log,1111099211,720,60,6,exact_solution,true,true,false,0.710509,718.031126,0.997265452777778,true,0.710509,0.280461,753.854246,true
ablation,Barriers,Barriers,PEBFMTstar_full,PEBFMT*,40,ablation_barriers_full_official_benchmark.log,1111099211,720,60,6,exact_solution,true,true,false,0.978057,718.614077,0.998075106944444,true,0.978057,0.348588,778.744309,true
ablation,Barriers,Barriers,PEBFMTstar_full,PEBFMT*,41,ablation_barriers_full_official_benchmark.log,1111099211,720,60,6,exact_solution,true,true,false,0.746008,717.07731,0.995940708333333,true,0.746008,0.305615,761.836237,true
ablation,Barriers,Barriers,PEBFMTstar_full,PEBFMT*,42,ablation_barriers_full_official_benchmark.log,1111099211,720,60,6,exact_solution,true,true,false,0.747129,718.045234,0.997285047222222,true,0.747129,0.321263,780.073625,true
ablation,Barriers,Barriers,PEBFMTstar_full,PEBFMT*,43,ablation_barriers_full_official_benchmark.log,1111099211,720,60,6,exact_solution,true,true,false,1.36773,719.011145,0.998626590277778,true,1.36773,0.295055,794.570653,true
ablation,Barriers,Barriers,PEBFMTstar_full,PEBFMT*,44,ablation_barriers_full_official_benchmark.log,1111099211,720,60,6,exact_solution,true,true,false,2.7571,716.592272,0.995267044444444,true,2.7571,0.377588,790.165969,true
ablation,Barriers,Barriers,PEBFMTstar_full,PEBFMT*,45,ablation_barriers_full_official_benchmark.log,1111099211,720,60,6,exact_solution,true,true,false,60.0315,724.161781,1.00578025138889,false,,0.403967,815.253962,true
ablation,Barriers,Barriers,PEBFMTstar_full,PEBFMT*,46,ablation_barriers_full_official_benchmark.log,1111099211,720,60,6,exact_solution,true,true,false,1.59096,710.44501,0.986729180555556,true,1.59096,0.296842,753.458206,true
ablation,Barriers,Barriers,PEBFMTstar_full,PEBFMT*,47,ablation_barriers_full_official_benchmark.log,1111099211,720,60,6,exact_solution,true,true,false,0.711989,716.544315,0.9952004375,true,0.711919,0.304914,737.941971,true
ablation,Barriers,Barriers,PEBFMTstar_full,PEBFMT*,48,ablation_barriers_full_official_benchmark.log,1111099211,720,60,6,exact_solution,true,true,false,0.292522,715.360555,0.993556326388889,true,0.235051,0.235051,718.831696,true
ablation,Barriers,Barriers,PEBFMTstar_full,PEBFMT*,49,ablation_barriers_full_official_benchmark.log,1111099211,720,60,6,exact_solution,true,true,false,1.23596,719.866297,0.999814301388889,true,1.23596,0.375294,780.308757,true
ablation,Barriers,Barriers,PEBFMTstar_full,PEBFMT*,50,ablation_barriers_full_official_benchmark.log,1111099211,720,60,6,exact_solution,true,true,false,0.844365,719.165792,0.998841377777778,true,0.844365,0.297593,799.742725,true
ablation,Barriers,Barriers,PEBFMTstar_global_only,PEBFMT*-global-only,1,ablation_barriers_global_only_official_benchmark.log,1111040013,720,60,6,exact_solution,true,true,false,0.957973,715.522709,0.993781540277778,true,0.957973,0.337289,749.645,true
ablation,Barriers,Barriers,PEBFMTstar_global_only,PEBFMT*-global-only,2,ablation_barriers_global_only_official_benchmark.log,1111040013,720,60,6,exact_solution,true,true,false,1.92963,715.581671,0.993863431944444,true,1.92963,0.329903,761.372806,true
ablation,Barriers,Barriers,PEBFMTstar_global_only,PEBFMT*-global-only,3,ablation_barriers_global_only_official_benchmark.log,1111040013,720,60,6,exact_solution,true,true,false,1.59973,715.548915,0.9938179375,true,1.59973,0.398517,775.066486,true
ablation,Barriers,Barriers,PEBFMTstar_global_only,PEBFMT*-global-only,4,ablation_barriers_global_only_official_benchmark.log,1111040013,720,60,6,exact_solution,true,true,false,1.79751,719.906684,0.999870394444444,true,1.79751,0.357241,775.82484,true
ablation,Barriers,Barriers,PEBFMTstar_global_only,PEBFMT*-global-only,5,ablation_barriers_global_only_official_benchmark.log,1111040013,720,60,6,exact_solution,true,true,false,0.741081,719.73915,0.999637708333333,true,0.741081,0.341692,780.841733,true
ablation,Barriers,Barriers,PEBFMTstar_global_only,PEBFMT*-global-only,6,ablation_barriers_global_only_official_benchmark.log,1111040013,720,60,6,exact_solution,true,true,false,1.17954,719.742952,0.999642988888889,true,1.17947,0.418151,770.059947,true
ablation,Barriers,Barriers,PEBFMTstar_global_only,PEBFMT*-global-only,7,ablation_barriers_global_only_official_benchmark.log,1111040013,720,60,6,exact_solution,true,true,false,1.55222,717.317854,0.996274797222222,true,1.55222,0.406375,801.226304,true
ablation,Barriers,Barriers,PEBFMTstar_global_only,PEBFMT*-global-only,8,ablation_barriers_global_only_official_benchmark.log,1111040013,720,60,6,exact_solution,true,true,false,2.98055,719.479999,0.999277776388889,true,2.98055,0.437052,787.519391,true
ablation,Barriers,Barriers,PEBFMTstar_global_only,PEBFMT*-global-only,9,ablation_barriers_global_only_official_benchmark.log,1111040013,720,60,6,exact_solution,true,true,false,1.56576,708.602028,0.984169483333333,true,1.56542,0.32458,764.256593,true
ablation,Barriers,Barriers,PEBFMTstar_global_only,PEBFMT*-global-only,10,ablation_barriers_global_only_official_benchmark.log,1111040013,720,60,6,exact_solution,true,true,false,3.16956,706.947259,0.981871193055556,true,3.16956,0.392043,788.795822,true
ablation,Barriers,Barriers,PEBFMTstar_global_only,PEBFMT*-global-only,11,ablation_barriers_global_only_official_benchmark.log,1111040013,720,60,6,exact_solution,true,true,false,0.601079,715.314216,0.993491966666667,true,0.601079,0.383082,775.257388,true
ablation,Barriers,Barriers,PEBFMTstar_global_only,PEBFMT*-global-only,12,ablation_barriers_global_only_official_benchmark.log,1111040013,720,60,6,exact_solution,true,true,false,1.61447,718.912184,0.998489144444444,true,1.61447,0.404523,769.648237,true
ablation,Barriers,Barriers,PEBFMTstar_global_only,PEBFMT*-global-only,13,ablation_barriers_global_only_official_benchmark.log,1111040013,720,60,6,exact_solution,true,true,false,0.804664,712.194019,0.989158359722222,true,0.804664,0.35735,747.326745,true
ablation,Barriers,Barriers,PEBFMTstar_global_only,PEBFMT*-global-only,14,ablation_barriers_global_only_official_benchmark.log,1111040013,720,60,6,exact_solution,true,true,false,1.15858,719.333267,0.999073981944444,true,1.15858,0.382169,792.202301,true
ablation,Barriers,Barriers,PEBFMTstar_global_only,PEBFMT*-global-only,15,ablation_barriers_global_only_official_benchmark.log,1111040013,720,60,6,exact_solution,true,true,false,1.55865,719.765693,0.999674573611111,true,1.55865,0.363601,762.041254,true
ablation,Barriers,Barriers,PEBFMTstar_global_only,PEBFMT*-global-only,16,ablation_barriers_global_only_official_benchmark.log,1111040013,720,60,6,exact_solution,true,true,false,3.57032,719.409677,0.999180106944444,true,3.57032,0.329275,767.488439,true
ablation,Barriers,Barriers,PEBFMTstar_global_only,PEBFMT*-global-only,17,ablation_barriers_global_only_official_benchmark.log,1111040013,720,60,6,exact_solution,true,true,false,0.782443,716.336806,0.994912230555556,true,0.782443,0.287948,744.753785,true
ablation,Barriers,Barriers,PEBFMTstar_global_only,PEBFMT*-global-only,18,ablation_barriers_global_only_official_benchmark.log,1111040013,720,60,6,exact_solution,true,true,false,0.775478,719.02335,0.998643541666667,true,0.775478,0.371481,749.87919,true
ablation,Barriers,Barriers,PEBFMTstar_global_only,PEBFMT*-global-only,19,ablation_barriers_global_only_official_benchmark.log,1111040013,720,60,6,exact_solution,true,true,false,0.926261,719.132093,0.998794573611111,true,0.926202,0.398153,762.016179,true
ablation,Barriers,Barriers,PEBFMTstar_global_only,PEBFMT*-global-only,20,ablation_barriers_global_only_official_benchmark.log,1111040013,720,60,6,exact_solution,true,true,false,1.524,718.728227,0.998233648611111,true,1.524,0.394699,797.898392,true
ablation,Barriers,Barriers,PEBFMTstar_global_only,PEBFMT*-global-only,21,ablation_barriers_global_only_official_benchmark.log,1111040013,720,60,6,exact_solution,true,true,false,5.07458,714.715939,0.992661026388889,true,5.07458,0.458506,789.530457,true
ablation,Barriers,Barriers,PEBFMTstar_global_only,PEBFMT*-global-only,22,ablation_barriers_global_only_official_benchmark.log,1111040013,720,60,6,exact_solution,true,true,false,1.10843,718.561372,0.998001905555556,true,1.10843,0.335277,786.189331,true
ablation,Barriers,Barriers,PEBFMTstar_global_only,PEBFMT*-global-only,23,ablation_barriers_global_only_official_benchmark.log,1111040013,720,60,6,exact_solution,true,true,false,1.00508,718.344802,0.997701113888889,true,1.00508,0.352812,794.809417,true
ablation,Barriers,Barriers,PEBFMTstar_global_only,PEBFMT*-global-only,24,ablation_barriers_global_only_official_benchmark.log,1111040013,720,60,6,exact_solution,true,true,false,1.40318,719.987635,0.999982826388889,true,1.4031,0.331478,743.006434,true
ablation,Barriers,Barriers,PEBFMTstar_global_only,PEBFMT*-global-only,25,ablation_barriers_global_only_official_benchmark.log,1111040013,720,60,6,exact_solution,true,true,false,1.46382,716.710194,0.995430825,true,1.46328,0.396907,754.541136,true
ablation,Barriers,Barriers,PEBFMTstar_global_only,PEBFMT*-global-only,26,ablation_barriers_global_only_official_benchmark.log,1111040013,720,60,6,exact_solution,true,true,false,1.34766,719.831502,0.999765975,true,1.34761,0.332744,801.865672,true
ablation,Barriers,Barriers,PEBFMTstar_global_only,PEBFMT*-global-only,27,ablation_barriers_global_only_official_benchmark.log,1111040013,720,60,6,exact_solution,true,true,false,1.95093,715.228938,0.993373525,true,1.95093,0.358696,764.790196,true
ablation,Barriers,Barriers,PEBFMTstar_global_only,PEBFMT*-global-only,28,ablation_barriers_global_only_official_benchmark.log,1111040013,720,60,6,exact_solution,true,true,false,1.14952,719.921475,0.9998909375,true,1.14952,0.29802,800.124638,true
ablation,Barriers,Barriers,PEBFMTstar_global_only,PEBFMT*-global-only,29,ablation_barriers_global_only_official_benchmark.log,1111040013,720,60,6,exact_solution,true,true,false,1.17665,719.865675,0.9998134375,true,1.17665,0.307107,771.717957,true
ablation,Barriers,Barriers,PEBFMTstar_global_only,PEBFMT*-global-only,30,ablation_barriers_global_only_official_benchmark.log,1111040013,720,60,6,exact_solution,true,true,false,1.42863,719.871634,0.999821713888889,true,1.42857,0.329819,743.365463,true
ablation,Barriers,Barriers,PEBFMTstar_global_only,PEBFMT*-global-only,31,ablation_barriers_global_only_official_benchmark.log,1111040013,720,60,6,exact_solution,true,true,false,0.703718,718.082526,0.997336841666667,true,0.703648,0.356072,751.223372,true
ablation,Barriers,Barriers,PEBFMTstar_global_only,PEBFMT*-global-only,32,ablation_barriers_global_only_official_benchmark.log,1111040013,720,60,6,exact_solution,true,true,false,1.35811,717.54553,0.996591013888889,true,1.35811,0.372608,763.330042,true
ablation,Barriers,Barriers,PEBFMTstar_global_only,PEBFMT*-global-only,33,ablation_barriers_global_only_official_benchmark.log,1111040013,720,60,6,exact_solution,true,true,false,0.882649,715.965281,0.994396223611111,true,0.882548,0.329897,756.251028,true
ablation,Barriers,Barriers,PEBFMTstar_global_only,PEBFMT*-global-only,34,ablation_barriers_global_only_official_benchmark.log,1111040013,720,60,6,exact_solution,true,true,false,1.10248,719.138776,0.998803855555556,true,1.10248,0.392456,767.056035,true
ablation,Barriers,Barriers,PEBFMTstar_global_only,PEBFMT*-global-only,35,ablation_barriers_global_only_official_benchmark.log,1111040013,720,60,6,exact_solution,true,true,false,0.484867,719.827193,0.999759990277778,true,0.484804,0.325177,727.188381,true
ablation,Barriers,Barriers,PEBFMTstar_global_only,PEBFMT*-global-only,36,ablation_barriers_global_only_official_benchmark.log,1111040013,720,60,6,exact_solution,true,true,false,0.707205,704.259859,0.978138693055556,true,0.707205,0.334763,755.657744,true
ablation,Barriers,Barriers,PEBFMTstar_global_only,PEBFMT*-global-only,37,ablation_barriers_global_only_official_benchmark.log,1111040013,720,60,6,exact_solution,true,true,false,1.06506,715.015533,0.993077129166667,true,1.06506,0.339038,761.202573,true
ablation,Barriers,Barriers,PEBFMTstar_global_only,PEBFMT*-global-only,38,ablation_barriers_global_only_official_benchmark.log,1111040013,720,60,6,exact_solution,true,true,false,1.11944,719.58215,0.999419652777778,true,1.11944,0.355952,758.223423,true
ablation,Barriers,Barriers,PEBFMTstar_global_only,PEBFMT*-global-only,39,ablation_barriers_global_only_official_benchmark.log,1111040013,720,60,6,exact_solution,true,true,false,0.745586,712.400514,0.989445158333333,true,0.745521,0.313784,746.425707,true
ablation,Barriers,Barriers,PEBFMTstar_global_only,PEBFMT*-global-only,40,ablation_barriers_global_only_official_benchmark.log,1111040013,720,60,6,exact_solution,true,true,false,1.35973,717.744093,0.996866795833333,true,1.35966,0.33015,741.618252,true
ablation,Barriers,Barriers,PEBFMTstar_global_only,PEBFMT*-global-only,41,ablation_barriers_global_only_official_benchmark.log,1111040013,720,60,6,exact_solution,true,true,false,2.95571,714.649442,0.992568669444444,true,2.95571,0.307499,781.724363,true
ablation,Barriers,Barriers,PEBFMTstar_global_only,PEBFMT*-global-only,42,ablation_barriers_global_only_official_benchmark.log,1111040013,720,60,6,exact_solution,true,true,false,1.13899,716.924899,0.995729026388889,true,1.13899,0.325816,740.314424,true
ablation,Barriers,Barriers,PEBFMTstar_global_only,PEBFMT*-global-only,43,ablation_barriers_global_only_official_benchmark.log,1111040013,720,60,6,exact_solution,true,true,false,1.77476,719.553354,0.999379658333333,true,1.77476,0.449534,797.219187,true
ablation,Barriers,Barriers,PEBFMTstar_global_only,PEBFMT*-global-only,44,ablation_barriers_global_only_official_benchmark.log,1111040013,720,60,6,exact_solution,true,true,false,1.76048,717.975811,0.997188626388889,true,1.76048,0.409305,782.92855,true
ablation,Barriers,Barriers,PEBFMTstar_global_only,PEBFMT*-global-only,45,ablation_barriers_global_only_official_benchmark.log,1111040013,720,60,6,exact_solution,true,true,false,0.698344,718.065905,0.997313756944444,true,0.698344,0.339216,793.213207,true
ablation,Barriers,Barriers,PEBFMTstar_global_only,PEBFMT*-global-only,46,ablation_barriers_global_only_official_benchmark.log,1111040013,720,60,6,exact_solution,true,true,false,0.482291,718.078904,0.997331811111111,true,0.482291,0.26003,739.983587,true
ablation,Barriers,Barriers,PEBFMTstar_global_only,PEBFMT*-global-only,47,ablation_barriers_global_only_official_benchmark.log,1111040013,720,60,6,exact_solution,true,true,false,1.18086,717.04264,0.995892555555556,true,1.18086,0.400463,768.134224,true
ablation,Barriers,Barriers,PEBFMTstar_global_only,PEBFMT*-global-only,48,ablation_barriers_global_only_official_benchmark.log,1111040013,720,60,6,exact_solution,true,true,false,0.737818,719.875079,0.999826498611111,true,0.737818,0.307703,806.269684,true
ablation,Barriers,Barriers,PEBFMTstar_global_only,PEBFMT*-global-only,49,ablation_barriers_global_only_official_benchmark.log,1111040013,720,60,6,exact_solution,true,true,false,1.19727,719.388132,0.999150183333333,true,1.19727,0.376055,770.811538,true
ablation,Barriers,Barriers,PEBFMTstar_global_only,PEBFMT*-global-only,50,ablation_barriers_global_only_official_benchmark.log,1111040013,720,60,6,exact_solution,true,true,false,0.897528,714.686882,0.992620669444444,true,0.897528,0.335241,791.892919,true
ablation,Barriers,Barriers,PEBFMTstar_piecewise_only,PEBFMT*-piecewise-only,1,ablation_barriers_piecewise_only_official_benchmark.log,1111077516,720,60,6,exact_solution,true,true,false,1.53632,719.017829,0.998635873611111,true,1.53632,0.324557,772.378,true
ablation,Barriers,Barriers,PEBFMTstar_piecewise_only,PEBFMT*-piecewise-only,2,ablation_barriers_piecewise_only_official_benchmark.log,1111077516,720,60,6,exact_solution,true,true,false,1.3176,711.473317,0.988157384722222,true,1.31753,0.380984,774.196845,true
ablation,Barriers,Barriers,PEBFMTstar_piecewise_only,PEBFMT*-piecewise-only,3,ablation_barriers_piecewise_only_official_benchmark.log,1111077516,720,60,6,exact_solution,true,true,false,2.76988,714.756741,0.992717695833333,true,2.76988,0.306262,764.601268,true
ablation,Barriers,Barriers,PEBFMTstar_piecewise_only,PEBFMT*-piecewise-only,4,ablation_barriers_piecewise_only_official_benchmark.log,1111077516,720,60,6,exact_solution,true,true,false,6.40753,714.058091,0.991747348611111,true,6.40753,0.40326,777.035269,true
ablation,Barriers,Barriers,PEBFMTstar_piecewise_only,PEBFMT*-piecewise-only,5,ablation_barriers_piecewise_only_official_benchmark.log,1111077516,720,60,6,exact_solution,true,true,false,1.29146,712.987595,0.990260548611111,true,1.29146,0.324033,761.603816,true
ablation,Barriers,Barriers,PEBFMTstar_piecewise_only,PEBFMT*-piecewise-only,6,ablation_barriers_piecewise_only_official_benchmark.log,1111077516,720,60,6,exact_solution,true,true,false,1.65997,718.615292,0.998076794444444,true,1.65991,0.399696,851.983489,true
ablation,Barriers,Barriers,PEBFMTstar_piecewise_only,PEBFMT*-piecewise-only,7,ablation_barriers_piecewise_only_official_benchmark.log,1111077516,720,60,6,exact_solution,true,true,false,0.47154,719.409645,0.9991800625,true,0.47154,0.293056,731.500085,true
ablation,Barriers,Barriers,PEBFMTstar_piecewise_only,PEBFMT*-piecewise-only,8,ablation_barriers_piecewise_only_official_benchmark.log,1111077516,720,60,6,exact_solution,true,true,false,1.35097,718.489983,0.997902754166667,true,1.35097,0.39988,788.573007,true
ablation,Barriers,Barriers,PEBFMTstar_piecewise_only,PEBFMT*-piecewise-only,9,ablation_barriers_piecewise_only_official_benchmark.log,1111077516,720,60,6,exact_solution,true,true,false,1.57966,718.31952,0.997666,true,1.57959,0.427349,767.155668,true
ablation,Barriers,Barriers,PEBFMTstar_piecewise_only,PEBFMT*-piecewise-only,10,ablation_barriers_piecewise_only_official_benchmark.log,1111077516,720,60,6,exact_solution,true,true,false,1.3219,715.013586,0.993074425,true,1.3219,0.354451,761.728979,true
ablation,Barriers,Barriers,PEBFMTstar_piecewise_only,PEBFMT*-piecewise-only,11,ablation_barriers_piecewise_only_official_benchmark.log,1111077516,720,60,6,exact_solution,true,true,false,0.492089,712.679204,0.989832227777778,true,0.492089,0.252838,735.135177,true
ablation,Barriers,Barriers,PEBFMTstar_piecewise_only,PEBFMT*-piecewise-only,12,ablation_barriers_piecewise_only_official_benchmark.log,1111077516,720,60,6,exact_solution,true,true,false,1.84067,719.044642,0.998673113888889,true,1.84067,0.387351,784.123954,true
ablation,Barriers,Barriers,PEBFMTstar_piecewise_only,PEBFMT*-piecewise-only,13,ablation_barriers_piecewise_only_official_benchmark.log,1111077516,720,60,6,exact_solution,true,true,false,0.812828,718.012435,0.997239493055555,true,0.812828,0.298501,737.039307,true
ablation,Barriers,Barriers,PEBFMTstar_piecewise_only,PEBFMT*-piecewise-only,14,ablation_barriers_piecewise_only_official_benchmark.log,1111077516,720,60,6,exact_solution,true,true,false,2.03629,716.445593,0.995063323611111,true,2.03629,0.472742,873.139288,true
ablation,Barriers,Barriers,PEBFMTstar_piecewise_only,PEBFMT*-piecewise-only,15,ablation_barriers_piecewise_only_official_benchmark.log,1111077516,720,60,6,exact_solution,true,true,false,60.0667,751.028586,1.04309525833333,false,,0.460526,792.876834,true
ablation,Barriers,Barriers,PEBFMTstar_piecewise_only,PEBFMT*-piecewise-only,16,ablation_barriers_piecewise_only_official_benchmark.log,1111077516,720,60,6,exact_solution,true,true,false,0.868209,716.83851,0.995609041666667,true,0.868209,0.359411,767.47668,true
ablation,Barriers,Barriers,PEBFMTstar_piecewise_only,PEBFMT*-piecewise-only,17,ablation_barriers_piecewise_only_official_benchmark.log,1111077516,720,60,6,exact_solution,true,true,false,60.0532,726.945599,1.00964666527778,false,,0.387863,796.385649,true
ablation,Barriers,Barriers,PEBFMTstar_piecewise_only,PEBFMT*-piecewise-only,18,ablation_barriers_piecewise_only_official_benchmark.log,1111077516,720,60,6,exact_solution,true,true,false,1.0334,717.410884,0.996404005555556,true,1.03333,0.357541,775.875193,true
ablation,Barriers,Barriers,PEBFMTstar_piecewise_only,PEBFMT*-piecewise-only,19,ablation_barriers_piecewise_only_official_benchmark.log,1111077516,720,60,6,exact_solution,true,true,false,0.427678,718.909924,0.998486005555556,true,0.427678,0.30726,736.851937,true
ablation,Barriers,Barriers,PEBFMTstar_piecewise_only,PEBFMT*-piecewise-only,20,ablation_barriers_piecewise_only_official_benchmark.log,1111077516,720,60,6,exact_solution,true,true,false,1.83373,719.444764,0.999228838888889,true,1.83373,0.357633,777.22827,true
ablation,Barriers,Barriers,PEBFMTstar_piecewise_only,PEBFMT*-piecewise-only,21,ablation_barriers_piecewise_only_official_benchmark.log,1111077516,720,60,6,exact_solution,true,true,false,60.0332,730.411046,1.01445978611111,false,,0.359448,794.983345,true
ablation,Barriers,Barriers,PEBFMTstar_piecewise_only,PEBFMT*-piecewise-only,22,ablation_barriers_piecewise_only_official_benchmark.log,1111077516,720,60,6,exact_solution,true,true,false,1.05159,716.828205,0.995594729166667,true,1.05159,0.337478,789.414359,true
ablation,Barriers,Barriers,PEBFMTstar_piecewise_only,PEBFMT*-piecewise-only,23,ablation_barriers_piecewise_only_official_benchmark.log,1111077516,720,60,6,exact_solution,true,true,false,2.55303,718.855688,0.998410677777778,true,2.55303,0.358176,774.44702,true
ablation,Barriers,Barriers,PEBFMTstar_piecewise_only,PEBFMT*-piecewise-only,24,ablation_barriers_piecewise_only_official_benchmark.log,1111077516,720,60,6,exact_solution,true,true,false,0.946164,719.714298,0.999603191666667,true,0.94589,0.301726,752.111812,true
ablation,Barriers,Barriers,PEBFMTstar_piecewise_only,PEBFMT*-piecewise-only,25,ablation_barriers_piecewise_only_official_benchmark.log,1111077516,720,60,6,exact_solution,true,true,false,0.912831,719.024808,0.998645566666667,true,0.912831,0.27376,740.281463,true
ablation,Barriers,Barriers,PEBFMTstar_piecewise_only,PEBFMT*-piecewise-only,26,ablation_barriers_piecewise_only_official_benchmark.log,1111077516,720,60,6,exact_solution,true,true,false,1.17096,714.113535,0.991824354166667,true,1.17096,0.329573,757.647572,true
ablation,Barriers,Barriers,PEBFMTstar_piecewise_only,PEBFMT*-piecewise-only,27,ablation_barriers_piecewise_only_official_benchmark.log,1111077516,720,60,6,exact_solution,true,true,false,1.36438,714.922516,0.992947938888889,true,1.36438,0.280807,770.419951,true
ablation,Barriers,Barriers,PEBFMTstar_piecewise_only,PEBFMT*-piecewise-only,28,ablation_barriers_piecewise_only_official_benchmark.log,1111077516,720,60,6,exact_solution,true,true,false,1.24627,719.02545,0.998646458333333,true,1.24627,0.26448,777.140456,true
ablation,Barriers,Barriers,PEBFMTstar_piecewise_only,PEBFMT*-piecewise-only,29,ablation_barriers_piecewise_only_official_benchmark.log,1111077516,720,60,6,exact_solution,true,true,false,1.95836,719.63166,0.999488416666667,true,1.95836,0.352999,790.071072,true
ablation,Barriers,Barriers,PEBFMTstar_piecewise_only,PEBFMT*-piecewise-only,30,ablation_barriers_piecewise_only_official_benchmark.log,1111077516,720,60,6,exact_solution,true,true,false,1.58528,717.817879,0.996969276388889,true,1.58528,0.361862,805.522274,true
ablation,Barriers,Barriers,PEBFMTstar_piecewise_only,PEBFMT*-piecewise-only,31,ablation_barriers_piecewise_only_official_benchmark.log,1111077516,720,60,6,exact_solution,true,true,false,7.83285,712.227915,0.9892054375,true,7.83285,0.27058,760.344638,true
ablation,Barriers,Barriers,PEBFMTstar_piecewise_only,PEBFMT*-piecewise-only,32,ablation_barriers_piecewise_only_official_benchmark.log,1111077516,720,60,6,exact_solution,true,true,false,1.16702,719.68663,0.999564763888889,true,1.16702,0.359417,782.769634,true
ablation,Barriers,Barriers,PEBFMTstar_piecewise_only,PEBFMT*-piecewise-only,33,ablation_barriers_piecewise_only_official_benchmark.log,1111077516,720,60,6,exact_solution,true,true,false,1.94026,711.779436,0.98858255,true,1.94026,0.382867,786.884374,true
ablation,Barriers,Barriers,PEBFMTstar_piecewise_only,PEBFMT*-piecewise-only,34,ablation_barriers_piecewise_only_official_benchmark.log,1111077516,720,60,6,exact_solution,true,true,false,0.885347,719.313303,0.999046254166667,true,0.885347,0.34311,783.752089,true
ablation,Barriers,Barriers,PEBFMTstar_piecewise_only,PEBFMT*-piecewise-only,35,ablation_barriers_piecewise_only_official_benchmark.log,1111077516,720,60,6,exact_solution,true,true,false,0.712167,719.233418,0.998935302777778,true,0.712167,0.306998,738.842591,true
ablation,Barriers,Barriers,PEBFMTstar_piecewise_only,PEBFMT*-piecewise-only,36,ablation_barriers_piecewise_only_official_benchmark.log,1111077516,720,60,6,exact_solution,true,true,false,0.903591,716.625675,0.9953134375,true,0.903591,0.290337,771.99022,true
ablation,Barriers,Barriers,PEBFMTstar_piecewise_only,PEBFMT*-piecewise-only,37,ablation_barriers_piecewise_only_official_benchmark.log,1111077516,720,60,6,exact_solution,true,true,false,1.11282,718.696703,0.998189865277778,true,1.11282,0.34789,764.013734,true
ablation,Barriers,Barriers,PEBFMTstar_piecewise_only,PEBFMT*-piecewise-only,38,ablation_barriers_piecewise_only_official_benchmark.log,1111077516,720,60,6,exact_solution,true,true,false,0.995957,717.273415,0.996213076388889,true,0.995957,0.285387,783.283828,true
ablation,Barriers,Barriers,PEBFMTstar_piecewise_only,PEBFMT*-piecewise-only,39,ablation_barriers_piecewise_only_official_benchmark.log,1111077516,720,60,6,exact_solution,true,true,false,0.932226,719.973202,0.999962780555556,true,0.931818,0.315854,749.485587,true
ablation,Barriers,Barriers,PEBFMTstar_piecewise_only,PEBFMT*-piecewise-only,40,ablation_barriers_piecewise_only_official_benchmark.log,1111077516,720,60,6,exact_solution,true,true,false,1.38504,715.349641,0.993541168055556,true,1.38504,0.344803,853.280474,true
ablation,Barriers,Barriers,PEBFMTstar_piecewise_only,PEBFMT*-piecewise-only,41,ablation_barriers_piecewise_only_official_benchmark.log,1111077516,720,60,6,exact_solution,true,true,false,2.15903,719.742335,0.999642131944445,true,2.15824,0.341586,797.673163,true
ablation,Barriers,Barriers,PEBFMTstar_piecewise_only,PEBFMT*-piecewise-only,42,ablation_barriers_piecewise_only_official_benchmark.log,1111077516,720,60,6,exact_solution,true,true,false,1.5022,718.193708,0.997491261111111,true,1.5022,0.297323,758.221061,true
ablation,Barriers,Barriers,PEBFMTstar_piecewise_only,PEBFMT*-piecewise-only,43,ablation_barriers_piecewise_only_official_benchmark.log,1111077516,720,60,6,exact_solution,true,true,false,0.706727,719.698211,0.999580848611111,true,0.706727,0.295686,765.356415,true
ablation,Barriers,Barriers,PEBFMTstar_piecewise_only,PEBFMT*-piecewise-only,44,ablation_barriers_piecewise_only_official_benchmark.log,1111077516,720,60,6,exact_solution,true,true,false,3.246,719.316825,0.999051145833333,true,3.24594,0.34996,779.481406,true
ablation,Barriers,Barriers,PEBFMTstar_piecewise_only,PEBFMT*-piecewise-only,45,ablation_barriers_piecewise_only_official_benchmark.log,1111077516,720,60,6,exact_solution,true,true,false,0.866258,717.680917,0.996779051388889,true,0.866258,0.292945,750.250604,true
ablation,Barriers,Barriers,PEBFMTstar_piecewise_only,PEBFMT*-piecewise-only,46,ablation_barriers_piecewise_only_official_benchmark.log,1111077516,720,60,6,exact_solution,true,true,false,4.69395,719.480929,0.999279068055555,true,4.69395,0.322266,764.648907,true
ablation,Barriers,Barriers,PEBFMTstar_piecewise_only,PEBFMT*-piecewise-only,47,ablation_barriers_piecewise_only_official_benchmark.log,1111077516,720,60,6,exact_solution,true,true,false,1.65607,714.509538,0.992374358333333,true,1.65607,0.348766,800.974627,true
ablation,Barriers,Barriers,PEBFMTstar_piecewise_only,PEBFMT*-piecewise-only,48,ablation_barriers_piecewise_only_official_benchmark.log,1111077516,720,60,6,exact_solution,true,true,false,0.582395,717.370267,0.996347593055556,true,0.582293,0.345622,777.172024,true
ablation,Barriers,Barriers,PEBFMTstar_piecewise_only,PEBFMT*-piecewise-only,49,ablation_barriers_piecewise_only_official_benchmark.log,1111077516,720,60,6,exact_solution,true,true,false,1.03548,719.568671,0.999400931944444,true,1.03548,0.310748,739.353605,true
ablation,Barriers,Barriers,PEBFMTstar_piecewise_only,PEBFMT*-piecewise-only,50,ablation_barriers_piecewise_only_official_benchmark.log,1111077516,720,60,6,exact_solution,true,true,false,2.49487,713.049342,0.990346308333333,true,2.49487,0.365358,776.15608,true
ablation,cubicles_opt,Cubicles_opt,BFMTstar_baseline,BFMT*,1,ablation_cubicles_opt_baseline_official_benchmark.log,140056263,1800,60,6,exact_solution,true,true,false,1.76449,1993.8,1.10766666666667,false,,1.76449,1993.8,false
ablation,cubicles_opt,Cubicles_opt,BFMTstar_baseline,BFMT*,2,ablation_cubicles_opt_baseline_official_benchmark.log,140056263,1800,60,6,exact_solution,true,true,false,1.79419,2009.09,1.11616111111111,false,,1.79419,2009.09,false
ablation,cubicles_opt,Cubicles_opt,BFMTstar_baseline,BFMT*,3,ablation_cubicles_opt_baseline_official_benchmark.log,140056263,1800,60,6,exact_solution,true,true,false,1.83375,1988.95,1.10497222222222,false,,1.83375,1988.95,false
ablation,cubicles_opt,Cubicles_opt,BFMTstar_baseline,BFMT*,4,ablation_cubicles_opt_baseline_official_benchmark.log,140056263,1800,60,6,exact_solution,true,true,false,1.72977,1984.95,1.10275,false,,1.72977,1984.95,false
ablation,cubicles_opt,Cubicles_opt,BFMTstar_baseline,BFMT*,5,ablation_cubicles_opt_baseline_official_benchmark.log,140056263,1800,60,6,exact_solution,true,true,false,1.71518,1971.17,1.09509444444444,false,,1.71518,1971.17,false
ablation,cubicles_opt,Cubicles_opt,BFMTstar_baseline,BFMT*,6,ablation_cubicles_opt_baseline_official_benchmark.log,140056263,1800,60,6,exact_solution,true,true,false,1.82979,1941.3,1.0785,false,,1.82979,1941.3,false
ablation,cubicles_opt,Cubicles_opt,BFMTstar_baseline,BFMT*,7,ablation_cubicles_opt_baseline_official_benchmark.log,140056263,1800,60,6,exact_solution,true,true,false,1.76754,1997.09,1.10949444444444,false,,1.76754,1997.09,false
ablation,cubicles_opt,Cubicles_opt,BFMTstar_baseline,BFMT*,8,ablation_cubicles_opt_baseline_official_benchmark.log,140056263,1800,60,6,exact_solution,true,true,false,1.7928,1983.05,1.10169444444444,false,,1.7928,1983.05,false
ablation,cubicles_opt,Cubicles_opt,BFMTstar_baseline,BFMT*,9,ablation_cubicles_opt_baseline_official_benchmark.log,140056263,1800,60,6,exact_solution,true,true,false,1.88032,2034.31,1.13017222222222,false,,1.88032,2034.31,false
ablation,cubicles_opt,Cubicles_opt,BFMTstar_baseline,BFMT*,10,ablation_cubicles_opt_baseline_official_benchmark.log,140056263,1800,60,6,exact_solution,true,true,false,1.8395,1970.84,1.09491111111111,false,,1.8395,1970.84,false
ablation,cubicles_opt,Cubicles_opt,BFMTstar_baseline,BFMT*,11,ablation_cubicles_opt_baseline_official_benchmark.log,140056263,1800,60,6,exact_solution,true,true,false,1.90212,2030.42,1.12801111111111,false,,1.90212,2030.42,false
ablation,cubicles_opt,Cubicles_opt,BFMTstar_baseline,BFMT*,12,ablation_cubicles_opt_baseline_official_benchmark.log,140056263,1800,60,6,exact_solution,true,true,false,1.85827,1928.54,1.07141111111111,false,,1.85827,1928.54,false
ablation,cubicles_opt,Cubicles_opt,BFMTstar_baseline,BFMT*,13,ablation_cubicles_opt_baseline_official_benchmark.log,140056263,1800,60,6,exact_solution,true,true,false,1.85553,1978.38,1.0991,false,,1.85553,1978.38,false
ablation,cubicles_opt,Cubicles_opt,BFMTstar_baseline,BFMT*,14,ablation_cubicles_opt_baseline_official_benchmark.log,140056263,1800,60,6,exact_solution,true,true,false,1.83855,1937.26,1.07625555555556,false,,1.83855,1937.26,false
ablation,cubicles_opt,Cubicles_opt,BFMTstar_baseline,BFMT*,15,ablation_cubicles_opt_baseline_official_benchmark.log,140056263,1800,60,6,exact_solution,true,true,false,1.95494,2012.87,1.11826111111111,false,,1.95494,2012.87,false
ablation,cubicles_opt,Cubicles_opt,BFMTstar_baseline,BFMT*,16,ablation_cubicles_opt_baseline_official_benchmark.log,140056263,1800,60,6,exact_solution,true,true,false,1.94861,1967.07,1.09281666666667,false,,1.94861,1967.07,false
ablation,cubicles_opt,Cubicles_opt,BFMTstar_baseline,BFMT*,17,ablation_cubicles_opt_baseline_official_benchmark.log,140056263,1800,60,6,exact_solution,true,true,false,1.86996,1996.54,1.10918888888889,false,,1.86996,1996.54,false
ablation,cubicles_opt,Cubicles_opt,BFMTstar_baseline,BFMT*,18,ablation_cubicles_opt_baseline_official_benchmark.log,140056263,1800,60,6,exact_solution,true,true,false,1.98231,2006.34,1.11463333333333,false,,1.98231,2006.34,false
ablation,cubicles_opt,Cubicles_opt,BFMTstar_baseline,BFMT*,19,ablation_cubicles_opt_baseline_official_benchmark.log,140056263,1800,60,6,exact_solution,true,true,false,1.96579,1965.13,1.09173888888889,false,,1.96579,1965.13,false
ablation,cubicles_opt,Cubicles_opt,BFMTstar_baseline,BFMT*,20,ablation_cubicles_opt_baseline_official_benchmark.log,140056263,1800,60,6,exact_solution,true,true,false,1.95985,1945.76,1.08097777777778,false,,1.95985,1945.76,false
ablation,cubicles_opt,Cubicles_opt,BFMTstar_baseline,BFMT*,21,ablation_cubicles_opt_baseline_official_benchmark.log,140056263,1800,60,6,exact_solution,true,true,false,1.97954,1948.07,1.08226111111111,false,,1.97954,1948.07,false
ablation,cubicles_opt,Cubicles_opt,BFMTstar_baseline,BFMT*,22,ablation_cubicles_opt_baseline_official_benchmark.log,140056263,1800,60,6,exact_solution,true,true,false,1.90186,1984.53,1.10251666666667,false,,1.90186,1984.53,false
ablation,cubicles_opt,Cubicles_opt,BFMTstar_baseline,BFMT*,23,ablation_cubicles_opt_baseline_official_benchmark.log,140056263,1800,60,6,exact_solution,true,true,false,1.96635,1968.25,1.09347222222222,false,,1.96635,1968.25,false
ablation,cubicles_opt,Cubicles_opt,BFMTstar_baseline,BFMT*,24,ablation_cubicles_opt_baseline_official_benchmark.log,140056263,1800,60,6,exact_solution,true,true,false,1.88814,1967.23,1.09290555555556,false,,1.88814,1967.23,false
ablation,cubicles_opt,Cubicles_opt,BFMTstar_baseline,BFMT*,25,ablation_cubicles_opt_baseline_official_benchmark.log,140056263,1800,60,6,exact_solution,true,true,false,1.91342,1946.47,1.08137222222222,false,,1.91342,1946.47,false
ablation,cubicles_opt,Cubicles_opt,BFMTstar_baseline,BFMT*,26,ablation_cubicles_opt_baseline_official_benchmark.log,140056263,1800,60,6,exact_solution,true,true,false,2.04589,1978.97,1.09942777777778,false,,2.04589,1978.97,false
ablation,cubicles_opt,Cubicles_opt,BFMTstar_baseline,BFMT*,27,ablation_cubicles_opt_baseline_official_benchmark.log,140056263,1800,60,6,exact_solution,true,true,false,1.94794,1905.7,1.05872222222222,false,,1.94794,1905.7,false
ablation,cubicles_opt,Cubicles_opt,BFMTstar_baseline,BFMT*,28,ablation_cubicles_opt_baseline_official_benchmark.log,140056263,1800,60,6,exact_solution,true,true,false,1.96268,1999.11,1.11061666666667,false,,1.96268,1999.11,false
ablation,cubicles_opt,Cubicles_opt,BFMTstar_baseline,BFMT*,29,ablation_cubicles_opt_baseline_official_benchmark.log,140056263,1800,60,6,exact_solution,true,true,false,1.91257,1949.08,1.08282222222222,false,,1.91257,1949.08,false
ablation,cubicles_opt,Cubicles_opt,BFMTstar_baseline,BFMT*,30,ablation_cubicles_opt_baseline_official_benchmark.log,140056263,1800,60,6,exact_solution,true,true,false,2.04314,1921.47,1.06748333333333,false,,2.04314,1921.47,false
ablation,cubicles_opt,Cubicles_opt,BFMTstar_baseline,BFMT*,31,ablation_cubicles_opt_baseline_official_benchmark.log,140056263,1800,60,6,exact_solution,true,true,false,1.90616,1970.84,1.09491111111111,false,,1.90616,1970.84,false
ablation,cubicles_opt,Cubicles_opt,BFMTstar_baseline,BFMT*,32,ablation_cubicles_opt_baseline_official_benchmark.log,140056263,1800,60,6,exact_solution,true,true,false,1.89801,1938.36,1.07686666666667,false,,1.89801,1938.36,false
ablation,cubicles_opt,Cubicles_opt,BFMTstar_baseline,BFMT*,33,ablation_cubicles_opt_baseline_official_benchmark.log,140056263,1800,60,6,exact_solution,true,true,false,1.9827,1892.76,1.05153333333333,false,,1.9827,1892.76,false
ablation,cubicles_opt,Cubicles_opt,BFMTstar_baseline,BFMT*,34,ablation_cubicles_opt_baseline_official_benchmark.log,140056263,1800,60,6,exact_solution,true,true,false,1.90487,1924.65,1.06925,false,,1.90487,1924.65,false
ablation,cubicles_opt,Cubicles_opt,BFMTstar_baseline,BFMT*,35,ablation_cubicles_opt_baseline_official_benchmark.log,140056263,1800,60,6,exact_solution,true,true,false,1.75592,1984.06,1.10225555555556,false,,1.75592,1984.06,false
ablation,cubicles_opt,Cubicles_opt,BFMTstar_baseline,BFMT*,36,ablation_cubicles_opt_baseline_official_benchmark.log,140056263,1800,60,6,exact_solution,true,true,false,1.83321,1949.78,1.08321111111111,false,,1.83321,1949.78,false
ablation,cubicles_opt,Cubicles_opt,BFMTstar_baseline,BFMT*,37,ablation_cubicles_opt_baseline_official_benchmark.log,140056263,1800,60,6,exact_solution,true,true,false,1.87336,1946.67,1.08148333333333,false,,1.87336,1946.67,false
ablation,cubicles_opt,Cubicles_opt,BFMTstar_baseline,BFMT*,38,ablation_cubicles_opt_baseline_official_benchmark.log,140056263,1800,60,6,exact_solution,true,true,false,1.86427,1926.72,1.0704,false,,1.86427,1926.72,false
ablation,cubicles_opt,Cubicles_opt,BFMTstar_baseline,BFMT*,39,ablation_cubicles_opt_baseline_official_benchmark.log,140056263,1800,60,6,exact_solution,true,true,false,1.87784,1969.67,1.09426111111111,false,,1.87784,1969.67,false
ablation,cubicles_opt,Cubicles_opt,BFMTstar_baseline,BFMT*,40,ablation_cubicles_opt_baseline_official_benchmark.log,140056263,1800,60,6,exact_solution,true,true,false,1.9444,2019.09,1.12171666666667,false,,1.9444,2019.09,false
ablation,cubicles_opt,Cubicles_opt,BFMTstar_baseline,BFMT*,41,ablation_cubicles_opt_baseline_official_benchmark.log,140056263,1800,60,6,exact_solution,true,true,false,2.04472,1977.89,1.09882777777778,false,,2.04472,1977.89,false
ablation,cubicles_opt,Cubicles_opt,BFMTstar_baseline,BFMT*,42,ablation_cubicles_opt_baseline_official_benchmark.log,140056263,1800,60,6,exact_solution,true,true,false,1.79857,2006.75,1.11486111111111,false,,1.79857,2006.75,false
ablation,cubicles_opt,Cubicles_opt,BFMTstar_baseline,BFMT*,43,ablation_cubicles_opt_baseline_official_benchmark.log,140056263,1800,60,6,exact_solution,true,true,false,1.94268,1920.39,1.06688333333333,false,,1.94268,1920.39,false
ablation,cubicles_opt,Cubicles_opt,BFMTstar_baseline,BFMT*,44,ablation_cubicles_opt_baseline_official_benchmark.log,140056263,1800,60,6,exact_solution,true,true,false,1.90322,1946.17,1.08120555555556,false,,1.90322,1946.17,false
ablation,cubicles_opt,Cubicles_opt,BFMTstar_baseline,BFMT*,45,ablation_cubicles_opt_baseline_official_benchmark.log,140056263,1800,60,6,exact_solution,true,true,false,2.00353,1945.65,1.08091666666667,false,,2.00353,1945.65,false
ablation,cubicles_opt,Cubicles_opt,BFMTstar_baseline,BFMT*,46,ablation_cubicles_opt_baseline_official_benchmark.log,140056263,1800,60,6,exact_solution,true,true,false,1.96462,1967.92,1.09328888888889,false,,1.96462,1967.92,false
ablation,cubicles_opt,Cubicles_opt,BFMTstar_baseline,BFMT*,47,ablation_cubicles_opt_baseline_official_benchmark.log,140056263,1800,60,6,exact_solution,true,true,false,1.86509,1968.41,1.09356111111111,false,,1.86509,1968.41,false
ablation,cubicles_opt,Cubicles_opt,BFMTstar_baseline,BFMT*,48,ablation_cubicles_opt_baseline_official_benchmark.log,140056263,1800,60,6,exact_solution,true,true,false,2.06436,1982.47,1.10137222222222,false,,2.06436,1982.47,false
ablation,cubicles_opt,Cubicles_opt,BFMTstar_baseline,BFMT*,49,ablation_cubicles_opt_baseline_official_benchmark.log,140056263,1800,60,6,exact_solution,true,true,false,1.93316,1968.94,1.09385555555556,false,,1.93316,1968.94,false
ablation,cubicles_opt,Cubicles_opt,BFMTstar_baseline,BFMT*,50,ablation_cubicles_opt_baseline_official_benchmark.log,140056263,1800,60,6,exact_solution,true,true,false,1.90332,1982.19,1.10121666666667,false,,1.90332,1982.19,false
ablation,cubicles_opt,Cubicles_opt,PEBFMTstar_full,PEBFMT*,1,ablation_cubicles_opt_full_official_benchmark.log,140119821,1800,60,6,exact_solution,true,true,false,30.9148,1796.974887,0.998319381666667,true,30.9148,1.7717,1968.715765,true
ablation,cubicles_opt,Cubicles_opt,PEBFMTstar_full,PEBFMT*,2,ablation_cubicles_opt_full_official_benchmark.log,140119821,1800,60,6,exact_solution,true,true,false,41.242,1799.117703,0.999509835,true,41.242,2.02712,1907.430937,true
ablation,cubicles_opt,Cubicles_opt,PEBFMTstar_full,PEBFMT*,3,ablation_cubicles_opt_full_official_benchmark.log,140119821,1800,60,6,exact_solution,true,true,false,39.0924,1799.995419,0.999997455,true,39.0924,2.06727,1977.322408,true
ablation,cubicles_opt,Cubicles_opt,PEBFMTstar_full,PEBFMT*,4,ablation_cubicles_opt_full_official_benchmark.log,140119821,1800,60,6,exact_solution,true,true,false,25.7425,1793.890504,0.996605835555555,true,25.7425,1.95331,1942.610515,true
ablation,cubicles_opt,Cubicles_opt,PEBFMTstar_full,PEBFMT*,5,ablation_cubicles_opt_full_official_benchmark.log,140119821,1800,60,6,exact_solution,true,true,false,24.9382,1799.748639,0.999860355,true,24.9382,1.99412,1966.374343,true
ablation,cubicles_opt,Cubicles_opt,PEBFMTstar_full,PEBFMT*,6,ablation_cubicles_opt_full_official_benchmark.log,140119821,1800,60,6,exact_solution,true,true,false,22.7393,1795.709262,0.997616256666667,true,22.7393,1.98599,1953.705809,true
ablation,cubicles_opt,Cubicles_opt,PEBFMTstar_full,PEBFMT*,7,ablation_cubicles_opt_full_official_benchmark.log,140119821,1800,60,6,exact_solution,true,true,false,34.3508,1798.20038,0.999000211111111,true,34.3508,1.87056,1895.750913,true
ablation,cubicles_opt,Cubicles_opt,PEBFMTstar_full,PEBFMT*,8,ablation_cubicles_opt_full_official_benchmark.log,140119821,1800,60,6,exact_solution,true,true,false,31.9776,1791.274087,0.995152270555556,true,31.9776,1.87291,1964.829105,true
ablation,cubicles_opt,Cubicles_opt,PEBFMTstar_full,PEBFMT*,9,ablation_cubicles_opt_full_official_benchmark.log,140119821,1800,60,6,exact_solution,true,true,false,30.7373,1799.537788,0.999743215555556,true,30.7373,1.8515,2008.80209,true
ablation,cubicles_opt,Cubicles_opt,PEBFMTstar_full,PEBFMT*,10,ablation_cubicles_opt_full_official_benchmark.log,140119821,1800,60,6,exact_solution,true,true,false,41.6102,1793.364624,0.99631368,true,41.6102,2.01448,1956.51218,true
ablation,cubicles_opt,Cubicles_opt,PEBFMTstar_full,PEBFMT*,11,ablation_cubicles_opt_full_official_benchmark.log,140119821,1800,60,6,exact_solution,true,true,false,52.5479,1778.90786,0.988282144444445,true,52.5479,1.92128,1960.899869,true
ablation,cubicles_opt,Cubicles_opt,PEBFMTstar_full,PEBFMT*,12,ablation_cubicles_opt_full_official_benchmark.log,140119821,1800,60,6,exact_solution,true,true,false,36.2306,1797.832505,0.998795836111111,true,36.2306,2.10681,1966.708724,true
ablation,cubicles_opt,Cubicles_opt,PEBFMTstar_full,PEBFMT*,13,ablation_cubicles_opt_full_official_benchmark.log,140119821,1800,60,6,exact_solution,true,true,false,27.0493,1778.649881,0.988138822777778,true,27.0493,1.78021,1958.901016,true
ablation,cubicles_opt,Cubicles_opt,PEBFMTstar_full,PEBFMT*,14,ablation_cubicles_opt_full_official_benchmark.log,140119821,1800,60,6,exact_solution,true,true,false,30.2511,1798.733736,0.99929652,true,30.2511,1.78763,1955.566703,true
ablation,cubicles_opt,Cubicles_opt,PEBFMTstar_full,PEBFMT*,15,ablation_cubicles_opt_full_official_benchmark.log,140119821,1800,60,6,exact_solution,true,true,false,30.7218,1791.21769,0.995120938888889,true,30.7218,1.78905,2019.451636,true
ablation,cubicles_opt,Cubicles_opt,PEBFMTstar_full,PEBFMT*,16,ablation_cubicles_opt_full_official_benchmark.log,140119821,1800,60,6,exact_solution,true,true,false,35.219,1798.075272,0.998930706666667,true,35.219,1.9168,1949.467893,true
ablation,cubicles_opt,Cubicles_opt,PEBFMTstar_full,PEBFMT*,17,ablation_cubicles_opt_full_official_benchmark.log,140119821,1800,60,6,exact_solution,true,true,false,37.2855,1798.658146,0.999254525555555,true,37.2855,1.75477,1977.334335,true
ablation,cubicles_opt,Cubicles_opt,PEBFMTstar_full,PEBFMT*,18,ablation_cubicles_opt_full_official_benchmark.log,140119821,1800,60,6,exact_solution,true,true,false,31.8803,1795.265915,0.997369952777778,true,31.8803,1.76056,1985.179351,true
ablation,cubicles_opt,Cubicles_opt,PEBFMTstar_full,PEBFMT*,19,ablation_cubicles_opt_full_official_benchmark.log,140119821,1800,60,6,exact_solution,true,true,false,33.5026,1795.897528,0.997720848888889,true,33.5026,1.69753,1982.853973,true
ablation,cubicles_opt,Cubicles_opt,PEBFMTstar_full,PEBFMT*,20,ablation_cubicles_opt_full_official_benchmark.log,140119821,1800,60,6,exact_solution,true,true,false,46.862,1777.390425,0.987439125,true,46.862,1.65785,1949.853858,true
ablation,cubicles_opt,Cubicles_opt,PEBFMTstar_full,PEBFMT*,21,ablation_cubicles_opt_full_official_benchmark.log,140119821,1800,60,6,exact_solution,true,true,false,28.5511,1799.922504,0.999956946666667,true,28.5511,1.82303,1950.724342,true
ablation,cubicles_opt,Cubicles_opt,PEBFMTstar_full,PEBFMT*,22,ablation_cubicles_opt_full_official_benchmark.log,140119821,1800,60,6,exact_solution,true,true,false,16.8376,1798.511618,0.999173121111111,true,16.8375,1.74992,1987.762215,true
ablation,cubicles_opt,Cubicles_opt,PEBFMTstar_full,PEBFMT*,23,ablation_cubicles_opt_full_official_benchmark.log,140119821,1800,60,6,exact_solution,true,true,false,33.8576,1791.626721,0.995348178333333,true,33.8576,1.7286,1978.056994,true
ablation,cubicles_opt,Cubicles_opt,PEBFMTstar_full,PEBFMT*,24,ablation_cubicles_opt_full_official_benchmark.log,140119821,1800,60,6,exact_solution,true,true,false,14.8645,1792.943764,0.996079868888889,true,14.8645,1.77196,1933.720574,true
ablation,cubicles_opt,Cubicles_opt,PEBFMTstar_full,PEBFMT*,25,ablation_cubicles_opt_full_official_benchmark.log,140119821,1800,60,6,exact_solution,true,true,false,37.445,1786.18087,0.992322705555555,true,37.445,1.84136,1982.734559,true
ablation,cubicles_opt,Cubicles_opt,PEBFMTstar_full,PEBFMT*,26,ablation_cubicles_opt_full_official_benchmark.log,140119821,1800,60,6,exact_solution,true,true,false,26.0808,1787.288591,0.992938106111111,true,26.0808,1.7134,1935.035181,true
ablation,cubicles_opt,Cubicles_opt,PEBFMTstar_full,PEBFMT*,27,ablation_cubicles_opt_full_official_benchmark.log,140119821,1800,60,6,exact_solution,true,true,false,25.973,1795.835962,0.997686645555556,true,25.973,1.76436,1888.144118,true
ablation,cubicles_opt,Cubicles_opt,PEBFMTstar_full,PEBFMT*,28,ablation_cubicles_opt_full_official_benchmark.log,140119821,1800,60,6,exact_solution,true,true,false,33.5227,1798.04877,0.998915983333333,true,33.5227,1.8094,1953.362144,true
ablation,cubicles_opt,Cubicles_opt,PEBFMTstar_full,PEBFMT*,29,ablation_cubicles_opt_full_official_benchmark.log,140119821,1800,60,6,exact_solution,true,true,false,27.6428,1791.887819,0.995493232777778,true,27.6428,1.86534,1956.335267,true
ablation,cubicles_opt,Cubicles_opt,PEBFMTstar_full,PEBFMT*,30,ablation_cubicles_opt_full_official_benchmark.log,140119821,1800,60,6,exact_solution,true,true,false,36.3491,1796.261419,0.997923010555556,true,36.3491,1.75811,1969.086404,true
ablation,cubicles_opt,Cubicles_opt,PEBFMTstar_full,PEBFMT*,31,ablation_cubicles_opt_full_official_benchmark.log,140119821,1800,60,6,exact_solution,true,true,false,57.304,1799.806975,0.999892763888889,true,57.3039,1.78037,1960.505424,true
ablation,cubicles_opt,Cubicles_opt,PEBFMTstar_full,PEBFMT*,32,ablation_cubicles_opt_full_official_benchmark.log,140119821,1800,60,6,exact_solution,true,true,false,27.0318,1792.441138,0.995800632222222,true,27.0318,2.38095,1960.706911,true
ablation,cubicles_opt,Cubicles_opt,PEBFMTstar_full,PEBFMT*,33,ablation_cubicles_opt_full_official_benchmark.log,140119821,1800,60,6,exact_solution,true,true,false,38.5467,1798.477073,0.999153929444444,true,38.5467,2.17667,2006.511615,true
ablation,cubicles_opt,Cubicles_opt,PEBFMTstar_full,PEBFMT*,34,ablation_cubicles_opt_full_official_benchmark.log,140119821,1800,60,6,exact_solution,true,true,false,10.465,1798.76923,0.999316238888889,true,10.465,2.09014,1908.893353,true
ablation,cubicles_opt,Cubicles_opt,PEBFMTstar_full,PEBFMT*,35,ablation_cubicles_opt_full_official_benchmark.log,140119821,1800,60,6,exact_solution,true,true,false,43.8558,1794.67509,0.997041716666667,true,43.8557,2.06463,1958.811384,true
ablation,cubicles_opt,Cubicles_opt,PEBFMTstar_full,PEBFMT*,36,ablation_cubicles_opt_full_official_benchmark.log,140119821,1800,60,6,exact_solution,true,true,false,22.2069,1780.450298,0.989139054444444,true,22.2069,1.94774,1937.943613,true
ablation,cubicles_opt,Cubicles_opt,PEBFMTstar_full,PEBFMT*,37,ablation_cubicles_opt_full_official_benchmark.log,140119821,1800,60,6,exact_solution,true,true,false,20.5375,1796.130354,0.997850196666667,true,20.5375,1.91054,1932.118793,true
ablation,cubicles_opt,Cubicles_opt,PEBFMTstar_full,PEBFMT*,38,ablation_cubicles_opt_full_official_benchmark.log,140119821,1800,60,6,exact_solution,true,true,false,20.4035,1799.390577,0.999661431666667,true,20.4035,1.97487,1922.796971,true
ablation,cubicles_opt,Cubicles_opt,PEBFMTstar_full,PEBFMT*,39,ablation_cubicles_opt_full_official_benchmark.log,140119821,1800,60,6,exact_solution,true,true,false,33.9813,1795.493551,0.997496417222222,true,33.98,1.96256,1996.131204,true
ablation,cubicles_opt,Cubicles_opt,PEBFMTstar_full,PEBFMT*,40,ablation_cubicles_opt_full_official_benchmark.log,140119821,1800,60,6,exact_solution,true,true,false,26.4908,1797.158503,0.998421390555556,true,26.4908,1.89085,2029.985441,true
ablation,cubicles_opt,Cubicles_opt,PEBFMTstar_full,PEBFMT*,41,ablation_cubicles_opt_full_official_benchmark.log,140119821,1800,60,6,exact_solution,true,true,false,27.523,1791.710406,0.99539467,true,27.523,1.79916,2003.015873,true
ablation,cubicles_opt,Cubicles_opt,PEBFMTstar_full,PEBFMT*,42,ablation_cubicles_opt_full_official_benchmark.log,140119821,1800,60,6,exact_solution,true,true,false,29.2709,1797.370531,0.998539183888889,true,29.2709,1.7551,1986.454016,true
ablation,cubicles_opt,Cubicles_opt,PEBFMTstar_full,PEBFMT*,43,ablation_cubicles_opt_full_official_benchmark.log,140119821,1800,60,6,exact_solution,true,true,false,26.0765,1788.196732,0.993442628888889,true,26.0765,1.83945,1990.005783,true
ablation,cubicles_opt,Cubicles_opt,PEBFMTstar_full,PEBFMT*,44,ablation_cubicles_opt_full_official_benchmark.log,140119821,1800,60,6,exact_solution,true,true,false,30.6058,1791.230286,0.995127936666667,true,30.6058,1.83433,1946.648261,true
ablation,cubicles_opt,Cubicles_opt,PEBFMTstar_full,PEBFMT*,45,ablation_cubicles_opt_full_official_benchmark.log,140119821,1800,60,6,exact_solution,true,true,false,36.7848,1795.395111,0.997441728333333,true,36.7848,1.87359,1912.589532,true
ablation,cubicles_opt,Cubicles_opt,PEBFMTstar_full,PEBFMT*,46,ablation_cubicles_opt_full_official_benchmark.log,140119821,1800,60,6,exact_solution,true,true,false,30.2049,1799.961179,0.999978432777778,true,30.2049,1.81883,1950.321318,true
ablation,cubicles_opt,Cubicles_opt,PEBFMTstar_full,PEBFMT*,47,ablation_cubicles_opt_full_official_benchmark.log,140119821,1800,60,6,exact_solution,true,true,false,17.5653,1796.53854,0.998076966666667,true,17.5653,1.74983,2010.475249,true
ablation,cubicles_opt,Cubicles_opt,PEBFMTstar_full,PEBFMT*,48,ablation_cubicles_opt_full_official_benchmark.log,140119821,1800,60,6,exact_solution,true,true,false,19.8772,1799.395569,0.999664205,true,19.8772,1.64427,1967.402954,true
ablation,cubicles_opt,Cubicles_opt,PEBFMTstar_full,PEBFMT*,49,ablation_cubicles_opt_full_official_benchmark.log,140119821,1800,60,6,exact_solution,true,true,false,32.1972,1788.827355,0.993792975,true,32.1972,1.68558,1962.080903,true
ablation,cubicles_opt,Cubicles_opt,PEBFMTstar_full,PEBFMT*,50,ablation_cubicles_opt_full_official_benchmark.log,140119821,1800,60,6,exact_solution,true,true,false,18.115,1799.785812,0.999881006666667,true,18.115,1.49578,1971.602197,true
ablation,cubicles_opt,Cubicles_opt,PEBFMTstar_global_only,PEBFMT*-global-only,1,ablation_cubicles_opt_global_only_official_benchmark.log,140099442,1800,60,6,exact_solution,true,true,false,12.8586,1798.35719,0.999087327777778,true,12.8586,1.87278,1958.709735,true
ablation,cubicles_opt,Cubicles_opt,PEBFMTstar_global_only,PEBFMT*-global-only,2,ablation_cubicles_opt_global_only_official_benchmark.log,140099442,1800,60,6,exact_solution,true,true,false,31.2574,1796.978636,0.998321464444444,true,31.2574,1.77764,2006.816907,true
ablation,cubicles_opt,Cubicles_opt,PEBFMTstar_global_only,PEBFMT*-global-only,3,ablation_cubicles_opt_global_only_official_benchmark.log,140099442,1800,60,6,exact_solution,true,true,false,57.5214,1798.178268,0.998987926666667,true,57.5214,2.01157,1993.006865,true
ablation,cubicles_opt,Cubicles_opt,PEBFMTstar_global_only,PEBFMT*-global-only,4,ablation_cubicles_opt_global_only_official_benchmark.log,140099442,1800,60,6,exact_solution,true,true,false,27.9129,1796.539307,0.998077392777778,true,27.9129,1.89744,1880.475076,true
ablation,cubicles_opt,Cubicles_opt,PEBFMTstar_global_only,PEBFMT*-global-only,5,ablation_cubicles_opt_global_only_official_benchmark.log,140099442,1800,60,6,exact_solution,true,true,false,36.3735,1798.627841,0.999237689444444,true,36.3734,1.86337,1963.67006,true
ablation,cubicles_opt,Cubicles_opt,PEBFMTstar_global_only,PEBFMT*-global-only,6,ablation_cubicles_opt_global_only_official_benchmark.log,140099442,1800,60,6,exact_solution,true,true,false,31.8037,1799.050198,0.999472332222222,true,31.8037,1.8735,1944.553055,true
ablation,cubicles_opt,Cubicles_opt,PEBFMTstar_global_only,PEBFMT*-global-only,7,ablation_cubicles_opt_global_only_official_benchmark.log,140099442,1800,60,6,exact_solution,true,true,false,35.6162,1792.11824,0.995621244444444,true,35.6162,1.92241,1939.418125,true
ablation,cubicles_opt,Cubicles_opt,PEBFMTstar_global_only,PEBFMT*-global-only,8,ablation_cubicles_opt_global_only_official_benchmark.log,140099442,1800,60,6,exact_solution,true,true,false,21.1679,1798.090316,0.998939064444444,true,21.1679,1.90586,1955.606761,true
ablation,cubicles_opt,Cubicles_opt,PEBFMTstar_global_only,PEBFMT*-global-only,9,ablation_cubicles_opt_global_only_official_benchmark.log,140099442,1800,60,6,exact_solution,true,true,false,41.1049,1791.785264,0.995436257777778,true,41.1049,1.95817,1960.9308,true
ablation,cubicles_opt,Cubicles_opt,PEBFMTstar_global_only,PEBFMT*-global-only,10,ablation_cubicles_opt_global_only_official_benchmark.log,140099442,1800,60,6,exact_solution,true,true,false,25.5096,1797.707265,0.998726258333333,true,25.5096,1.98075,2002.519485,true
ablation,cubicles_opt,Cubicles_opt,PEBFMTstar_global_only,PEBFMT*-global-only,11,ablation_cubicles_opt_global_only_official_benchmark.log,140099442,1800,60,6,exact_solution,true,true,false,35.9344,1798.171915,0.998984397222222,true,35.9344,1.96226,1993.70183,true
ablation,cubicles_opt,Cubicles_opt,PEBFMTstar_global_only,PEBFMT*-global-only,12,ablation_cubicles_opt_global_only_official_benchmark.log,140099442,1800,60,6,exact_solution,true,true,false,51.5122,1799.784813,0.999880451666667,true,51.5122,1.97358,1963.531527,true
ablation,cubicles_opt,Cubicles_opt,PEBFMTstar_global_only,PEBFMT*-global-only,13,ablation_cubicles_opt_global_only_official_benchmark.log,140099442,1800,60,6,exact_solution,true,true,false,21.5905,1791.698102,0.995387834444444,true,21.5905,1.89798,1959.539951,true
ablation,cubicles_opt,Cubicles_opt,PEBFMTstar_global_only,PEBFMT*-global-only,14,ablation_cubicles_opt_global_only_official_benchmark.log,140099442,1800,60,6,exact_solution,true,true,false,31.0437,1791.626729,0.995348182777778,true,31.0437,1.85776,2016.775217,true
ablation,cubicles_opt,Cubicles_opt,PEBFMTstar_global_only,PEBFMT*-global-only,15,ablation_cubicles_opt_global_only_official_benchmark.log,140099442,1800,60,6,exact_solution,true,true,false,37.9533,1766.265009,0.981258338333333,true,37.9533,1.76513,1970.67017,true
ablation,cubicles_opt,Cubicles_opt,PEBFMTstar_global_only,PEBFMT*-global-only,16,ablation_cubicles_opt_global_only_official_benchmark.log,140099442,1800,60,6,exact_solution,true,true,false,36.3276,1787.380443,0.992989135,true,36.3276,1.75594,1937.721625,true
ablation,cubicles_opt,Cubicles_opt,PEBFMTstar_global_only,PEBFMT*-global-only,17,ablation_cubicles_opt_global_only_official_benchmark.log,140099442,1800,60,6,exact_solution,true,true,false,38.882,1792.589846,0.995883247777778,true,38.882,1.73906,1932.228865,true
ablation,cubicles_opt,Cubicles_opt,PEBFMTstar_global_only,PEBFMT*-global-only,18,ablation_cubicles_opt_global_only_official_benchmark.log,140099442,1800,60,6,exact_solution,true,true,false,36.5986,1793.38281,0.996323783333333,true,36.5986,1.73904,1970.859482,true
ablation,cubicles_opt,Cubicles_opt,PEBFMTstar_global_only,PEBFMT*-global-only,19,ablation_cubicles_opt_global_only_official_benchmark.log,140099442,1800,60,6,exact_solution,true,true,false,21.6221,1799.08812,0.9994934,true,21.6221,1.80082,1977.257626,true
ablation,cubicles_opt,Cubicles_opt,PEBFMTstar_global_only,PEBFMT*-global-only,20,ablation_cubicles_opt_global_only_official_benchmark.log,140099442,1800,60,6,exact_solution,true,true,false,35.6206,1783.429216,0.990794008888889,true,35.6206,1.68554,1915.672385,true
ablation,cubicles_opt,Cubicles_opt,PEBFMTstar_global_only,PEBFMT*-global-only,21,ablation_cubicles_opt_global_only_official_benchmark.log,140099442,1800,60,6,exact_solution,true,true,false,38.4048,1798.378074,0.99909893,true,38.4048,1.73369,2042.248248,true
ablation,cubicles_opt,Cubicles_opt,PEBFMTstar_global_only,PEBFMT*-global-only,22,ablation_cubicles_opt_global_only_official_benchmark.log,140099442,1800,60,6,exact_solution,true,true,false,34.4436,1789.59247,0.994218038888889,true,34.4436,1.69083,1959.503135,true
ablation,cubicles_opt,Cubicles_opt,PEBFMTstar_global_only,PEBFMT*-global-only,23,ablation_cubicles_opt_global_only_official_benchmark.log,140099442,1800,60,6,exact_solution,true,true,false,25.5306,1775.625966,0.98645887,true,25.5306,1.79943,1945.273379,true
ablation,cubicles_opt,Cubicles_opt,PEBFMTstar_global_only,PEBFMT*-global-only,24,ablation_cubicles_opt_global_only_official_benchmark.log,140099442,1800,60,6,exact_solution,true,true,false,18.8533,1798.659899,0.999255499444444,true,18.8533,1.76347,1990.973215,true
ablation,cubicles_opt,Cubicles_opt,PEBFMTstar_global_only,PEBFMT*-global-only,25,ablation_cubicles_opt_global_only_official_benchmark.log,140099442,1800,60,6,exact_solution,true,true,false,22.8492,1798.264635,0.999035908333333,true,22.8492,1.73843,1931.300971,true
ablation,cubicles_opt,Cubicles_opt,PEBFMTstar_global_only,PEBFMT*-global-only,26,ablation_cubicles_opt_global_only_official_benchmark.log,140099442,1800,60,6,exact_solution,true,true,false,14.3122,1778.104558,0.987835865555556,true,14.3122,1.71712,1958.111663,true
ablation,cubicles_opt,Cubicles_opt,PEBFMTstar_global_only,PEBFMT*-global-only,27,ablation_cubicles_opt_global_only_official_benchmark.log,140099442,1800,60,6,exact_solution,true,true,false,17.9602,1799.671855,0.999817697222222,true,17.9602,1.55943,1905.719622,true
ablation,cubicles_opt,Cubicles_opt,PEBFMTstar_global_only,PEBFMT*-global-only,28,ablation_cubicles_opt_global_only_official_benchmark.log,140099442,1800,60,6,exact_solution,true,true,false,41.1928,1799.616198,0.999786776666667,true,41.1928,1.73672,1941.406264,true
ablation,cubicles_opt,Cubicles_opt,PEBFMTstar_global_only,PEBFMT*-global-only,29,ablation_cubicles_opt_global_only_official_benchmark.log,140099442,1800,60,6,exact_solution,true,true,false,25.1461,1794.106476,0.99672582,true,25.1461,1.64466,1975.007962,true
ablation,cubicles_opt,Cubicles_opt,PEBFMTstar_global_only,PEBFMT*-global-only,30,ablation_cubicles_opt_global_only_official_benchmark.log,140099442,1800,60,6,exact_solution,true,true,false,27.5639,1798.005229,0.998891793888889,true,27.5639,1.67472,2014.12719,true
ablation,cubicles_opt,Cubicles_opt,PEBFMTstar_global_only,PEBFMT*-global-only,31,ablation_cubicles_opt_global_only_official_benchmark.log,140099442,1800,60,6,exact_solution,true,true,false,20.0174,1789.423098,0.994123943333333,true,20.0174,1.74588,1979.81501,true
ablation,cubicles_opt,Cubicles_opt,PEBFMTstar_global_only,PEBFMT*-global-only,32,ablation_cubicles_opt_global_only_official_benchmark.log,140099442,1800,60,6,exact_solution,true,true,false,28.9073,1795.6035,0.9975575,true,28.9073,1.73732,1985.061545,true
ablation,cubicles_opt,Cubicles_opt,PEBFMTstar_global_only,PEBFMT*-global-only,33,ablation_cubicles_opt_global_only_official_benchmark.log,140099442,1800,60,6,exact_solution,true,true,false,31.4318,1772.377307,0.984654059444444,true,31.4318,2.29632,1969.90242,true
ablation,cubicles_opt,Cubicles_opt,PEBFMTstar_global_only,PEBFMT*-global-only,34,ablation_cubicles_opt_global_only_official_benchmark.log,140099442,1800,60,6,exact_solution,true,true,false,39.6687,1799.988235,0.999993463888889,true,39.6687,2.22509,1965.465218,true
ablation,cubicles_opt,Cubicles_opt,PEBFMTstar_global_only,PEBFMT*-global-only,35,ablation_cubicles_opt_global_only_official_benchmark.log,140099442,1800,60,6,exact_solution,true,true,false,42.9457,1799.023038,0.999457243333333,true,42.9456,2.04966,1952.105461,true
ablation,cubicles_opt,Cubicles_opt,PEBFMTstar_global_only,PEBFMT*-global-only,36,ablation_cubicles_opt_global_only_official_benchmark.log,140099442,1800,60,6,exact_solution,true,true,false,23.7873,1797.049599,0.998360888333333,true,23.7873,1.99958,1965.901069,true
ablation,cubicles_opt,Cubicles_opt,PEBFMTstar_global_only,PEBFMT*-global-only,37,ablation_cubicles_opt_global_only_official_benchmark.log,140099442,1800,60,6,exact_solution,true,true,false,28.7088,1796.642929,0.998134960555556,true,28.7088,2.11759,1956.547328,true
ablation,cubicles_opt,Cubicles_opt,PEBFMTstar_global_only,PEBFMT*-global-only,38,ablation_cubicles_opt_global_only_official_benchmark.log,140099442,1800,60,6,exact_solution,true,true,false,53.6558,1799.901042,0.999945023333333,true,53.6557,1.97512,1944.659764,true
ablation,cubicles_opt,Cubicles_opt,PEBFMTstar_global_only,PEBFMT*-global-only,39,ablation_cubicles_opt_global_only_official_benchmark.log,140099442,1800,60,6,exact_solution,true,true,false,27.9038,1788.99726,0.993887366666667,true,27.9038,2.16607,1951.546684,true
ablation,cubicles_opt,Cubicles_opt,PEBFMTstar_global_only,PEBFMT*-global-only,40,ablation_cubicles_opt_global_only_official_benchmark.log,140099442,1800,60,6,exact_solution,true,true,false,38.9756,1791.987945,0.995548858333333,true,38.9756,1.90532,1986.415531,true
ablation,cubicles_opt,Cubicles_opt,PEBFMTstar_global_only,PEBFMT*-global-only,41,ablation_cubicles_opt_global_only_official_benchmark.log,140099442,1800,60,6,exact_solution,true,true,false,38.7244,1786.47403,0.992485572222222,true,38.7244,1.87776,1971.500743,true
ablation,cubicles_opt,Cubicles_opt,PEBFMTstar_global_only,PEBFMT*-global-only,42,ablation_cubicles_opt_global_only_official_benchmark.log,140099442,1800,60,6,exact_solution,true,true,false,27.2722,1798.755517,0.999308620555556,true,27.2722,1.89795,2024.257397,true
ablation,cubicles_opt,Cubicles_opt,PEBFMTstar_global_only,PEBFMT*-global-only,43,ablation_cubicles_opt_global_only_official_benchmark.log,140099442,1800,60,6,exact_solution,true,true,false,15.6879,1796.984409,0.998324671666667,true,15.6879,1.76472,1921.291005,true
ablation,cubicles_opt,Cubicles_opt,PEBFMTstar_global_only,PEBFMT*-global-only,44,ablation_cubicles_opt_global_only_official_benchmark.log,140099442,1800,60,6,exact_solution,true,true,false,25.6886,1788.060049,0.993366693888889,true,25.6886,1.75908,2002.357304,true
ablation,cubicles_opt,Cubicles_opt,PEBFMTstar_global_only,PEBFMT*-global-only,45,ablation_cubicles_opt_global_only_official_benchmark.log,140099442,1800,60,6,exact_solution,true,true,false,21.3611,1794.958351,0.997199083888889,true,21.3611,1.83408,1961.724179,true
ablation,cubicles_opt,Cubicles_opt,PEBFMTstar_global_only,PEBFMT*-global-only,46,ablation_cubicles_opt_global_only_official_benchmark.log,140099442,1800,60,6,exact_solution,true,true,false,38.8992,1799.079251,0.999488472777778,true,38.8992,1.72543,2033.774268,true
ablation,cubicles_opt,Cubicles_opt,PEBFMTstar_global_only,PEBFMT*-global-only,47,ablation_cubicles_opt_global_only_official_benchmark.log,140099442,1800,60,6,exact_solution,true,true,false,25.4393,1782.996244,0.990553468888889,true,25.4393,1.68678,1956.146735,true
ablation,cubicles_opt,Cubicles_opt,PEBFMTstar_global_only,PEBFMT*-global-only,48,ablation_cubicles_opt_global_only_official_benchmark.log,140099442,1800,60,6,exact_solution,true,true,false,34.2166,1785.448928,0.991916071111111,true,34.2166,1.61782,1887.319251,true
ablation,cubicles_opt,Cubicles_opt,PEBFMTstar_global_only,PEBFMT*-global-only,49,ablation_cubicles_opt_global_only_official_benchmark.log,140099442,1800,60,6,exact_solution,true,true,false,15.8918,1798.754195,0.999307886111111,true,15.8918,1.64014,1946.767499,true
ablation,cubicles_opt,Cubicles_opt,PEBFMTstar_global_only,PEBFMT*-global-only,50,ablation_cubicles_opt_global_only_official_benchmark.log,140099442,1800,60,6,exact_solution,true,true,false,25.0645,1799.620334,0.999789074444444,true,25.0645,1.62046,1914.968769,true
ablation,cubicles_opt,Cubicles_opt,PEBFMTstar_piecewise_only,PEBFMT*-piecewise-only,1,ablation_cubicles_opt_piecewise_only_official_benchmark.log,140138833,1800,60,6,exact_solution,true,true,false,13.9476,1798.941151,0.999411750555556,true,13.9476,1.85986,2010.277747,true
ablation,cubicles_opt,Cubicles_opt,PEBFMTstar_piecewise_only,PEBFMT*-piecewise-only,2,ablation_cubicles_opt_piecewise_only_official_benchmark.log,140138833,1800,60,6,exact_solution,true,true,false,13.9695,1798.698298,0.999276832222222,true,13.9695,1.83588,1989.605172,true
ablation,cubicles_opt,Cubicles_opt,PEBFMTstar_piecewise_only,PEBFMT*-piecewise-only,3,ablation_cubicles_opt_piecewise_only_official_benchmark.log,140138833,1800,60,6,exact_solution,true,true,false,30.1325,1798.964135,0.999424519444444,true,30.1325,2.03993,1978.642719,true
ablation,cubicles_opt,Cubicles_opt,PEBFMTstar_piecewise_only,PEBFMT*-piecewise-only,4,ablation_cubicles_opt_piecewise_only_official_benchmark.log,140138833,1800,60,6,exact_solution,true,true,false,29.4545,1795.798265,0.997665702777778,true,29.4545,1.93229,1995.746027,true
ablation,cubicles_opt,Cubicles_opt,PEBFMTstar_piecewise_only,PEBFMT*-piecewise-only,5,ablation_cubicles_opt_piecewise_only_official_benchmark.log,140138833,1800,60,6,exact_solution,true,true,false,42.1978,1797.055506,0.99836417,true,42.1978,1.93602,1950.027469,true
ablation,cubicles_opt,Cubicles_opt,PEBFMTstar_piecewise_only,PEBFMT*-piecewise-only,6,ablation_cubicles_opt_piecewise_only_official_benchmark.log,140138833,1800,60,6,exact_solution,true,true,false,30.085,1796.563699,0.998090943888889,true,30.0847,1.92419,2030.158918,true
ablation,cubicles_opt,Cubicles_opt,PEBFMTstar_piecewise_only,PEBFMT*-piecewise-only,7,ablation_cubicles_opt_piecewise_only_official_benchmark.log,140138833,1800,60,6,exact_solution,true,true,false,25.005,1795.895451,0.997719695,true,25.005,1.83835,1963.019006,true
ablation,cubicles_opt,Cubicles_opt,PEBFMTstar_piecewise_only,PEBFMT*-piecewise-only,8,ablation_cubicles_opt_piecewise_only_official_benchmark.log,140138833,1800,60,6,exact_solution,true,true,false,25.5134,1799.335791,0.999630995,true,25.5134,1.85281,1997.939524,true
ablation,cubicles_opt,Cubicles_opt,PEBFMTstar_piecewise_only,PEBFMT*-piecewise-only,9,ablation_cubicles_opt_piecewise_only_official_benchmark.log,140138833,1800,60,6,exact_solution,true,true,false,28.4085,1797.868678,0.998815932222222,true,28.4084,1.76144,1996.757682,true
ablation,cubicles_opt,Cubicles_opt,PEBFMTstar_piecewise_only,PEBFMT*-piecewise-only,10,ablation_cubicles_opt_piecewise_only_official_benchmark.log,140138833,1800,60,6,exact_solution,true,true,false,21.3784,1799.125473,0.999514151666667,true,21.3784,1.84303,1948.647189,true
ablation,cubicles_opt,Cubicles_opt,PEBFMTstar_piecewise_only,PEBFMT*-piecewise-only,11,ablation_cubicles_opt_piecewise_only_official_benchmark.log,140138833,1800,60,6,exact_solution,true,true,false,30.4234,1799.968745,0.999982636111111,true,30.4234,1.93924,2019.121896,true
ablation,cubicles_opt,Cubicles_opt,PEBFMTstar_piecewise_only,PEBFMT*-piecewise-only,12,ablation_cubicles_opt_piecewise_only_official_benchmark.log,140138833,1800,60,6,exact_solution,true,true,false,41.2919,1796.376357,0.997986865,true,41.2919,1.91135,1946.255651,true
ablation,cubicles_opt,Cubicles_opt,PEBFMTstar_piecewise_only,PEBFMT*-piecewise-only,13,ablation_cubicles_opt_piecewise_only_official_benchmark.log,140138833,1800,60,6,exact_solution,true,true,false,21.8566,1798.127271,0.998959595,true,21.8566,1.79179,2054.136766,true
ablation,cubicles_opt,Cubicles_opt,PEBFMTstar_piecewise_only,PEBFMT*-piecewise-only,14,ablation_cubicles_opt_piecewise_only_official_benchmark.log,140138833,1800,60,6,exact_solution,true,true,false,55.6791,1798.333117,0.999073953888889,true,55.6791,1.85513,1976.910789,true
ablation,cubicles_opt,Cubicles_opt,PEBFMTstar_piecewise_only,PEBFMT*-piecewise-only,15,ablation_cubicles_opt_piecewise_only_official_benchmark.log,140138833,1800,60,6,exact_solution,true,true,false,17.6356,1796.241197,0.997911776111111,true,17.6355,1.91504,2003.346106,true
ablation,cubicles_opt,Cubicles_opt,PEBFMTstar_piecewise_only,PEBFMT*-piecewise-only,16,ablation_cubicles_opt_piecewise_only_official_benchmark.log,140138833,1800,60,6,exact_solution,true,true,false,31.3014,1793.27828,0.996265711111111,true,31.3014,1.88677,2066.643544,true
ablation,cubicles_opt,Cubicles_opt,PEBFMTstar_piecewise_only,PEBFMT*-piecewise-only,17,ablation_cubicles_opt_piecewise_only_official_benchmark.log,140138833,1800,60,6,exact_solution,true,true,false,27.381,1799.671424,0.999817457777778,true,27.381,1.72426,1920.654945,true
ablation,cubicles_opt,Cubicles_opt,PEBFMTstar_piecewise_only,PEBFMT*-piecewise-only,18,ablation_cubicles_opt_piecewise_only_official_benchmark.log,140138833,1800,60,6,exact_solution,true,true,false,21.0329,1798.963561,0.999424200555556,true,21.0329,1.82141,1929.514133,true
ablation,cubicles_opt,Cubicles_opt,PEBFMTstar_piecewise_only,PEBFMT*-piecewise-only,19,ablation_cubicles_opt_piecewise_only_official_benchmark.log,140138833,1800,60,6,exact_solution,true,true,false,23.614,1786.03108,0.992239488888889,true,23.614,1.70349,2005.083246,true
ablation,cubicles_opt,Cubicles_opt,PEBFMTstar_piecewise_only,PEBFMT*-piecewise-only,20,ablation_cubicles_opt_piecewise_only_official_benchmark.log,140138833,1800,60,6,exact_solution,true,true,false,14.6904,1793.644068,0.996468926666667,true,14.6903,1.64942,2049.72927,true
ablation,cubicles_opt,Cubicles_opt,PEBFMTstar_piecewise_only,PEBFMT*-piecewise-only,21,ablation_cubicles_opt_piecewise_only_official_benchmark.log,140138833,1800,60,6,exact_solution,true,true,false,17.1012,1788.371838,0.99353991,true,17.1012,1.66644,1946.777951,true
ablation,cubicles_opt,Cubicles_opt,PEBFMTstar_piecewise_only,PEBFMT*-piecewise-only,22,ablation_cubicles_opt_piecewise_only_official_benchmark.log,140138833,1800,60,6,exact_solution,true,true,false,27.6732,1798.327679,0.999070932777778,true,27.6732,1.70249,1906.954903,true
ablation,cubicles_opt,Cubicles_opt,PEBFMTstar_piecewise_only,PEBFMT*-piecewise-only,23,ablation_cubicles_opt_piecewise_only_official_benchmark.log,140138833,1800,60,6,exact_solution,true,true,false,23.1023,1795.872213,0.997706785,true,23.1023,1.64173,1950.554984,true
ablation,cubicles_opt,Cubicles_opt,PEBFMTstar_piecewise_only,PEBFMT*-piecewise-only,24,ablation_cubicles_opt_piecewise_only_official_benchmark.log,140138833,1800,60,6,exact_solution,true,true,false,30.1419,1797.707929,0.998726627222222,true,30.1419,1.67014,1945.99115,true
ablation,cubicles_opt,Cubicles_opt,PEBFMTstar_piecewise_only,PEBFMT*-piecewise-only,25,ablation_cubicles_opt_piecewise_only_official_benchmark.log,140138833,1800,60,6,exact_solution,true,true,false,36.7888,1783.335468,0.990741926666667,true,36.7888,1.74556,1931.675048,true
ablation,cubicles_opt,Cubicles_opt,PEBFMTstar_piecewise_only,PEBFMT*-piecewise-only,26,ablation_cubicles_opt_piecewise_only_official_benchmark.log,140138833,1800,60,6,exact_solution,true,true,false,30.4247,1797.600294,0.99866683,true,30.4247,1.68766,1939.715562,true
ablation,cubicles_opt,Cubicles_opt,PEBFMTstar_piecewise_only,PEBFMT*-piecewise-only,27,ablation_cubicles_opt_piecewise_only_official_benchmark.log,140138833,1800,60,6,exact_solution,true,true,false,12.1551,1796.41381,0.998007672222222,true,12.1551,1.61946,1896.428507,true
ablation,cubicles_opt,Cubicles_opt,PEBFMTstar_piecewise_only,PEBFMT*-piecewise-only,28,ablation_cubicles_opt_piecewise_only_official_benchmark.log,140138833,1800,60,6,exact_solution,true,true,false,33.5689,1790.889756,0.994938753333333,true,33.5689,1.72227,2021.149162,true
ablation,cubicles_opt,Cubicles_opt,PEBFMTstar_piecewise_only,PEBFMT*-piecewise-only,29,ablation_cubicles_opt_piecewise_only_official_benchmark.log,140138833,1800,60,6,exact_solution,true,true,false,25.0668,1790.471079,0.994706155,true,25.0668,1.7725,1900.65237,true
ablation,cubicles_opt,Cubicles_opt,PEBFMTstar_piecewise_only,PEBFMT*-piecewise-only,30,ablation_cubicles_opt_piecewise_only_official_benchmark.log,140138833,1800,60,6,exact_solution,true,true,false,44.8268,1794.923317,0.997179620555556,true,44.8268,1.64718,1992.972267,true
ablation,cubicles_opt,Cubicles_opt,PEBFMTstar_piecewise_only,PEBFMT*-piecewise-only,31,ablation_cubicles_opt_piecewise_only_official_benchmark.log,140138833,1800,60,6,exact_solution,true,true,false,27.1815,1788.746516,0.993748064444444,true,27.1815,1.69441,2027.887129,true
ablation,cubicles_opt,Cubicles_opt,PEBFMTstar_piecewise_only,PEBFMT*-piecewise-only,32,ablation_cubicles_opt_piecewise_only_official_benchmark.log,140138833,1800,60,6,exact_solution,true,true,false,29.9307,1799.555946,0.999753303333333,true,29.9306,1.64743,1946.77499,true
ablation,cubicles_opt,Cubicles_opt,PEBFMTstar_piecewise_only,PEBFMT*-piecewise-only,33,ablation_cubicles_opt_piecewise_only_official_benchmark.log,140138833,1800,60,6,exact_solution,true,true,false,38.648,1795.139773,0.997299873888889,true,38.648,1.77436,1984.583007,true
ablation,cubicles_opt,Cubicles_opt,PEBFMTstar_piecewise_only,PEBFMT*-piecewise-only,34,ablation_cubicles_opt_piecewise_only_official_benchmark.log,140138833,1800,60,6,exact_solution,true,true,false,23.0669,1793.854496,0.996585831111111,true,23.0669,1.70686,1992.00699,true
ablation,cubicles_opt,Cubicles_opt,PEBFMTstar_piecewise_only,PEBFMT*-piecewise-only,35,ablation_cubicles_opt_piecewise_only_official_benchmark.log,140138833,1800,60,6,exact_solution,true,true,false,15.6281,1797.647634,0.99869313,true,15.6281,1.75288,1911.97187,true
ablation,cubicles_opt,Cubicles_opt,PEBFMTstar_piecewise_only,PEBFMT*-piecewise-only,36,ablation_cubicles_opt_piecewise_only_official_benchmark.log,140138833,1800,60,6,exact_solution,true,true,false,32.4766,1795.702246,0.997612358888889,true,32.4766,1.83922,1963.655315,true
ablation,cubicles_opt,Cubicles_opt,PEBFMTstar_piecewise_only,PEBFMT*-piecewise-only,37,ablation_cubicles_opt_piecewise_only_official_benchmark.log,140138833,1800,60,6,exact_solution,true,true,false,42.7427,1791.449341,0.995249633888889,true,42.7427,2.17763,2003.013629,true
ablation,cubicles_opt,Cubicles_opt,PEBFMTstar_piecewise_only,PEBFMT*-piecewise-only,38,ablation_cubicles_opt_piecewise_only_official_benchmark.log,140138833,1800,60,6,exact_solution,true,true,false,31.3204,1794.567245,0.996981802777778,true,31.3204,2.32504,1924.377716,true
ablation,cubicles_opt,Cubicles_opt,PEBFMTstar_piecewise_only,PEBFMT*-piecewise-only,39,ablation_cubicles_opt_piecewise_only_official_benchmark.log,140138833,1800,60,6,exact_solution,true,true,false,46.2531,1798.799212,0.999332895555555,true,46.2531,2.16269,1994.444763,true
ablation,cubicles_opt,Cubicles_opt,PEBFMTstar_piecewise_only,PEBFMT*-piecewise-only,40,ablation_cubicles_opt_piecewise_only_official_benchmark.log,140138833,1800,60,6,exact_solution,true,true,false,24.3261,1799.081529,0.999489738333333,true,24.3261,2.03817,1983.770551,true
ablation,cubicles_opt,Cubicles_opt,PEBFMTstar_piecewise_only,PEBFMT*-piecewise-only,41,ablation_cubicles_opt_piecewise_only_official_benchmark.log,140138833,1800,60,6,exact_solution,true,true,false,35.8026,1794.897822,0.997165456666667,true,35.8026,2.11147,1991.719437,true
ablation,cubicles_opt,Cubicles_opt,PEBFMTstar_piecewise_only,PEBFMT*-piecewise-only,42,ablation_cubicles_opt_piecewise_only_official_benchmark.log,140138833,1800,60,6,exact_solution,true,true,false,33.0573,1795.394346,0.997441303333333,true,33.0573,1.82766,1914.321198,true
ablation,cubicles_opt,Cubicles_opt,PEBFMTstar_piecewise_only,PEBFMT*-piecewise-only,43,ablation_cubicles_opt_piecewise_only_official_benchmark.log,140138833,1800,60,6,exact_solution,true,true,false,26.1278,1796.791491,0.998217495,true,26.1278,1.94256,1899.532156,true
ablation,cubicles_opt,Cubicles_opt,PEBFMTstar_piecewise_only,PEBFMT*-piecewise-only,44,ablation_cubicles_opt_piecewise_only_official_benchmark.log,140138833,1800,60,6,exact_solution,true,true,false,16.9901,1798.804505,0.999335836111111,true,16.9901,1.83677,1968.309004,true
ablation,cubicles_opt,Cubicles_opt,PEBFMTstar_piecewise_only,PEBFMT*-piecewise-only,45,ablation_cubicles_opt_piecewise_only_official_benchmark.log,140138833,1800,60,6,exact_solution,true,true,false,23.5947,1797.243968,0.998468871111111,true,23.5946,1.94642,1952.461021,true
ablation,cubicles_opt,Cubicles_opt,PEBFMTstar_piecewise_only,PEBFMT*-piecewise-only,46,ablation_cubicles_opt_piecewise_only_official_benchmark.log,140138833,1800,60,6,exact_solution,true,true,false,23.9683,1789.081443,0.993934135,true,23.9683,1.88761,1924.324807,true
ablation,cubicles_opt,Cubicles_opt,PEBFMTstar_piecewise_only,PEBFMT*-piecewise-only,47,ablation_cubicles_opt_piecewise_only_official_benchmark.log,140138833,1800,60,6,exact_solution,true,true,false,24.093,1794.108334,0.996726852222222,true,24.093,1.7697,1939.176186,true
ablation,cubicles_opt,Cubicles_opt,PEBFMTstar_piecewise_only,PEBFMT*-piecewise-only,48,ablation_cubicles_opt_piecewise_only_official_benchmark.log,140138833,1800,60,6,exact_solution,true,true,false,44.4261,1794.971345,0.997206302777778,true,44.4261,1.8493,1953.92296,true
ablation,cubicles_opt,Cubicles_opt,PEBFMTstar_piecewise_only,PEBFMT*-piecewise-only,49,ablation_cubicles_opt_piecewise_only_official_benchmark.log,140138833,1800,60,6,exact_solution,true,true,false,39.0047,1799.558201,0.999754556111111,true,39.0046,1.77781,2000.60724,true
ablation,cubicles_opt,Cubicles_opt,PEBFMTstar_piecewise_only,PEBFMT*-piecewise-only,50,ablation_cubicles_opt_piecewise_only_official_benchmark.log,140138833,1800,60,6,exact_solution,true,true,false,17.3846,1796.381524,0.997989735555555,true,17.3846,1.70719,1989.888182,true
ablation,Home,Home,BFMTstar_baseline,BFMT*,1,ablation_home_baseline_official_benchmark.log,139980326,1200,60,6,exact_solution,true,true,false,2.47808,2022.03,1.685025,false,,2.47808,2022.03,false
ablation,Home,Home,BFMTstar_baseline,BFMT*,2,ablation_home_baseline_official_benchmark.log,139980326,1200,60,6,exact_solution,true,true,false,2.24627,1379.42,1.14951666666667,false,,2.24627,1379.42,false
ablation,Home,Home,BFMTstar_baseline,BFMT*,3,ablation_home_baseline_official_benchmark.log,139980326,1200,60,6,exact_solution,true,true,false,2.66192,1886.52,1.5721,false,,2.66192,1886.52,false
ablation,Home,Home,BFMTstar_baseline,BFMT*,4,ablation_home_baseline_official_benchmark.log,139980326,1200,60,6,exact_solution,true,true,false,2.44681,1923.75,1.603125,false,,2.44681,1923.75,false
ablation,Home,Home,BFMTstar_baseline,BFMT*,5,ablation_home_baseline_official_benchmark.log,139980326,1200,60,6,exact_solution,true,true,false,2.99713,1945.61,1.62134166666667,false,,2.99713,1945.61,false
ablation,Home,Home,BFMTstar_baseline,BFMT*,6,ablation_home_baseline_official_benchmark.log,139980326,1200,60,6,exact_solution,true,true,false,3.08605,2096.1,1.74675,false,,3.08605,2096.1,false
ablation,Home,Home,BFMTstar_baseline,BFMT*,7,ablation_home_baseline_official_benchmark.log,139980326,1200,60,6,exact_solution,true,true,false,2.744,1986.38,1.65531666666667,false,,2.744,1986.38,false
ablation,Home,Home,BFMTstar_baseline,BFMT*,8,ablation_home_baseline_official_benchmark.log,139980326,1200,60,6,exact_solution,true,true,false,2.67953,2133.7,1.77808333333333,false,,2.67953,2133.7,false
ablation,Home,Home,BFMTstar_baseline,BFMT*,9,ablation_home_baseline_official_benchmark.log,139980326,1200,60,6,exact_solution,true,true,false,2.58347,1910.37,1.591975,false,,2.58347,1910.37,false
ablation,Home,Home,BFMTstar_baseline,BFMT*,10,ablation_home_baseline_official_benchmark.log,139980326,1200,60,6,exact_solution,true,true,false,2.4878,2162.36,1.80196666666667,false,,2.4878,2162.36,false
ablation,Home,Home,BFMTstar_baseline,BFMT*,11,ablation_home_baseline_official_benchmark.log,139980326,1200,60,6,exact_solution,true,true,false,3.08622,1958.89,1.63240833333333,false,,3.08622,1958.89,false
ablation,Home,Home,BFMTstar_baseline,BFMT*,12,ablation_home_baseline_official_benchmark.log,139980326,1200,60,6,exact_solution,true,true,false,2.10291,1319.49,1.099575,false,,2.10291,1319.49,false
ablation,Home,Home,BFMTstar_baseline,BFMT*,13,ablation_home_baseline_official_benchmark.log,139980326,1200,60,6,exact_solution,true,true,false,3.02869,1917.48,1.5979,false,,3.02869,1917.48,false
ablation,Home,Home,BFMTstar_baseline,BFMT*,14,ablation_home_baseline_official_benchmark.log,139980326,1200,60,6,exact_solution,true,true,false,2.98725,1334.13,1.111775,false,,2.98725,1334.13,false
ablation,Home,Home,BFMTstar_baseline,BFMT*,15,ablation_home_baseline_official_benchmark.log,139980326,1200,60,6,exact_solution,true,true,false,2.64614,1950.39,1.625325,false,,2.64614,1950.39,false
ablation,Home,Home,BFMTstar_baseline,BFMT*,16,ablation_home_baseline_official_benchmark.log,139980326,1200,60,6,exact_solution,true,true,false,2.62035,1918.42,1.59868333333333,false,,2.62035,1918.42,false
ablation,Home,Home,BFMTstar_baseline,BFMT*,17,ablation_home_baseline_official_benchmark.log,139980326,1200,60,6,exact_solution,true,true,false,2.84531,1911.91,1.59325833333333,false,,2.84531,1911.91,false
ablation,Home,Home,BFMTstar_baseline,BFMT*,18,ablation_home_baseline_official_benchmark.log,139980326,1200,60,6,exact_solution,true,true,false,2.33493,1404.92,1.17076666666667,false,,2.33493,1404.92,false
ablation,Home,Home,BFMTstar_baseline,BFMT*,19,ablation_home_baseline_official_benchmark.log,139980326,1200,60,6,exact_solution,true,true,false,2.78261,1901.42,1.58451666666667,false,,2.78261,1901.42,false
ablation,Home,Home,BFMTstar_baseline,BFMT*,20,ablation_home_baseline_official_benchmark.log,139980326,1200,60,6,exact_solution,true,true,false,2.73448,1870.86,1.55905,false,,2.73448,1870.86,false
ablation,Home,Home,BFMTstar_baseline,BFMT*,21,ablation_home_baseline_official_benchmark.log,139980326,1200,60,6,exact_solution,true,true,false,2.23483,1523.79,1.269825,false,,2.23483,1523.79,false
ablation,Home,Home,BFMTstar_baseline,BFMT*,22,ablation_home_baseline_official_benchmark.log,139980326,1200,60,6,exact_solution,true,true,false,3.66644,1925.44,1.60453333333333,false,,3.66644,1925.44,false
ablation,Home,Home,BFMTstar_baseline,BFMT*,23,ablation_home_baseline_official_benchmark.log,139980326,1200,60,6,exact_solution,true,true,false,4.18778,1933.32,1.6111,false,,4.18778,1933.32,false
ablation,Home,Home,BFMTstar_baseline,BFMT*,24,ablation_home_baseline_official_benchmark.log,139980326,1200,60,6,exact_solution,true,true,false,2.04071,1285.67,1.07139166666667,false,,2.04071,1285.67,false
ablation,Home,Home,BFMTstar_baseline,BFMT*,25,ablation_home_baseline_official_benchmark.log,139980326,1200,60,6,exact_solution,true,true,false,2.31867,1590.85,1.32570833333333,false,,2.31867,1590.85,false
ablation,Home,Home,BFMTstar_baseline,BFMT*,26,ablation_home_baseline_official_benchmark.log,139980326,1200,60,6,exact_solution,true,true,false,2.64325,1931.38,1.60948333333333,false,,2.64325,1931.38,false
ablation,Home,Home,BFMTstar_baseline,BFMT*,27,ablation_home_baseline_official_benchmark.log,139980326,1200,60,6,exact_solution,true,true,false,2.8726,2022.98,1.68581666666667,false,,2.8726,2022.98,false
ablation,Home,Home,BFMTstar_baseline,BFMT*,28,ablation_home_baseline_official_benchmark.log,139980326,1200,60,6,exact_solution,true,true,false,2.64153,1934.34,1.61195,false,,2.64153,1934.34,false
ablation,Home,Home,BFMTstar_baseline,BFMT*,29,ablation_home_baseline_official_benchmark.log,139980326,1200,60,6,exact_solution,true,true,false,2.76505,1932.42,1.61035,false,,2.76505,1932.42,false
ablation,Home,Home,BFMTstar_baseline,BFMT*,30,ablation_home_baseline_official_benchmark.log,139980326,1200,60,6,exact_solution,true,true,false,2.87371,2017.19,1.68099166666667,false,,2.87371,2017.19,false
ablation,Home,Home,BFMTstar_baseline,BFMT*,31,ablation_home_baseline_official_benchmark.log,139980326,1200,60,6,exact_solution,true,true,false,2.81261,1936.9,1.61408333333333,false,,2.81261,1936.9,false
ablation,Home,Home,BFMTstar_baseline,BFMT*,32,ablation_home_baseline_official_benchmark.log,139980326,1200,60,6,exact_solution,true,true,false,2.78752,1967.79,1.639825,false,,2.78752,1967.79,false
ablation,Home,Home,BFMTstar_baseline,BFMT*,33,ablation_home_baseline_official_benchmark.log,139980326,1200,60,6,exact_solution,true,true,false,2.77395,1896.33,1.580275,false,,2.77395,1896.33,false
ablation,Home,Home,BFMTstar_baseline,BFMT*,34,ablation_home_baseline_official_benchmark.log,139980326,1200,60,6,exact_solution,true,true,false,2.7973,1913.82,1.59485,false,,2.7973,1913.82,false
ablation,Home,Home,BFMTstar_baseline,BFMT*,35,ablation_home_baseline_official_benchmark.log,139980326,1200,60,6,exact_solution,true,true,false,2.79754,1933.37,1.61114166666667,false,,2.79754,1933.37,false
ablation,Home,Home,BFMTstar_baseline,BFMT*,36,ablation_home_baseline_official_benchmark.log,139980326,1200,60,6,exact_solution,true,true,false,3.181,1958.6,1.63216666666667,false,,3.181,1958.6,false
ablation,Home,Home,BFMTstar_baseline,BFMT*,37,ablation_home_baseline_official_benchmark.log,139980326,1200,60,6,exact_solution,true,true,false,2.64839,1914.13,1.59510833333333,false,,2.64839,1914.13,false
ablation,Home,Home,BFMTstar_baseline,BFMT*,38,ablation_home_baseline_official_benchmark.log,139980326,1200,60,6,exact_solution,true,true,false,3.02876,2042.39,1.70199166666667,false,,3.02876,2042.39,false
ablation,Home,Home,BFMTstar_baseline,BFMT*,39,ablation_home_baseline_official_benchmark.log,139980326,1200,60,6,exact_solution,true,true,false,2.62011,1964.15,1.63679166666667,false,,2.62011,1964.15,false
ablation,Home,Home,BFMTstar_baseline,BFMT*,40,ablation_home_baseline_official_benchmark.log,139980326,1200,60,6,exact_solution,true,true,false,2.82657,1915.71,1.596425,false,,2.82657,1915.71,false
ablation,Home,Home,BFMTstar_baseline,BFMT*,41,ablation_home_baseline_official_benchmark.log,139980326,1200,60,6,exact_solution,true,true,false,2.58827,1902.2,1.58516666666667,false,,2.58827,1902.2,false
ablation,Home,Home,BFMTstar_baseline,BFMT*,42,ablation_home_baseline_official_benchmark.log,139980326,1200,60,6,exact_solution,true,true,false,4.06677,1925.2,1.60433333333333,false,,4.06677,1925.2,false
ablation,Home,Home,BFMTstar_baseline,BFMT*,43,ablation_home_baseline_official_benchmark.log,139980326,1200,60,6,exact_solution,true,true,false,2.49748,1982.72,1.65226666666667,false,,2.49748,1982.72,false
ablation,Home,Home,BFMTstar_baseline,BFMT*,44,ablation_home_baseline_official_benchmark.log,139980326,1200,60,6,exact_solution,true,true,false,2.81193,2280.99,1.900825,false,,2.81193,2280.99,false
ablation,Home,Home,BFMTstar_baseline,BFMT*,45,ablation_home_baseline_official_benchmark.log,139980326,1200,60,6,exact_solution,true,true,false,2.19279,1434.08,1.19506666666667,false,,2.19279,1434.08,false
ablation,Home,Home,BFMTstar_baseline,BFMT*,46,ablation_home_baseline_official_benchmark.log,139980326,1200,60,6,exact_solution,true,true,false,2.84178,1906.84,1.58903333333333,false,,2.84178,1906.84,false
ablation,Home,Home,BFMTstar_baseline,BFMT*,47,ablation_home_baseline_official_benchmark.log,139980326,1200,60,6,exact_solution,true,true,false,2.11843,1290.84,1.0757,false,,2.11843,1290.84,false
ablation,Home,Home,BFMTstar_baseline,BFMT*,48,ablation_home_baseline_official_benchmark.log,139980326,1200,60,6,exact_solution,true,true,false,2.85024,1948.08,1.6234,false,,2.85024,1948.08,false
ablation,Home,Home,BFMTstar_baseline,BFMT*,49,ablation_home_baseline_official_benchmark.log,139980326,1200,60,6,exact_solution,true,true,false,2.78478,1968.92,1.64076666666667,false,,2.78478,1968.92,false
ablation,Home,Home,BFMTstar_baseline,BFMT*,50,ablation_home_baseline_official_benchmark.log,139980326,1200,60,6,exact_solution,true,true,false,1.99244,1280.16,1.0668,false,,1.99244,1280.16,false
ablation,Home,Home,PEBFMTstar_full,PEBFMT*,1,ablation_home_full_official_benchmark.log,140035196,1200,60,6,exact_solution,true,true,false,60.139,1803.264649,1.50272054083333,false,,2.28162,1880.857049,true
ablation,Home,Home,PEBFMTstar_full,PEBFMT*,2,ablation_home_full_official_benchmark.log,140035196,1200,60,6,exact_solution,true,true,false,38.458,419.644261,0.349703550833333,true,38.458,2.83549,1954.405562,true
ablation,Home,Home,PEBFMTstar_full,PEBFMT*,3,ablation_home_full_official_benchmark.log,140035196,1200,60,6,exact_solution,true,true,false,34.1256,1182.867319,0.985722765833333,true,34.1256,2.92247,1914.275416,true
ablation,Home,Home,PEBFMTstar_full,PEBFMT*,4,ablation_home_full_official_benchmark.log,140035196,1200,60,6,exact_solution,true,true,false,14.1632,1192.394407,0.993662005833333,true,14.1632,2.70846,2298.153445,true
ablation,Home,Home,PEBFMTstar_full,PEBFMT*,5,ablation_home_full_official_benchmark.log,140035196,1200,60,6,exact_solution,true,true,false,39.8674,1199.915936,0.999929946666667,true,39.8674,2.63773,1905.117234,true
ablation,Home,Home,PEBFMTstar_full,PEBFMT*,6,ablation_home_full_official_benchmark.log,140035196,1200,60,6,exact_solution,true,true,false,53.103,1045.393734,0.871161445,true,53.103,2.82933,1947.111929,true
ablation,Home,Home,PEBFMTstar_full,PEBFMT*,7,ablation_home_full_official_benchmark.log,140035196,1200,60,6,exact_solution,true,true,false,60.0904,1210.733087,1.00894423916667,false,,2.6854,2047.045514,true
ablation,Home,Home,PEBFMTstar_full,PEBFMT*,8,ablation_home_full_official_benchmark.log,140035196,1200,60,6,exact_solution,true,true,false,60.0044,1202.686433,1.00223869416667,false,,3.03265,2054.102678,true
ablation,Home,Home,PEBFMTstar_full,PEBFMT*,9,ablation_home_full_official_benchmark.log,140035196,1200,60,6,exact_solution,true,true,false,45.814,1194.505462,0.995421218333333,true,45.814,2.58073,1864.007755,true
ablation,Home,Home,PEBFMTstar_full,PEBFMT*,10,ablation_home_full_official_benchmark.log,140035196,1200,60,6,exact_solution,true,true,false,43.5851,1186.06515,0.988387625,true,43.5851,2.76679,1912.677672,true
ablation,Home,Home,PEBFMTstar_full,PEBFMT*,11,ablation_home_full_official_benchmark.log,140035196,1200,60,6,exact_solution,true,true,false,16.4128,1191.214121,0.992678434166667,true,16.4128,2.64298,1947.446306,true
ablation,Home,Home,PEBFMTstar_full,PEBFMT*,12,ablation_home_full_official_benchmark.log,140035196,1200,60,6,exact_solution,true,true,false,32.6164,1178.920352,0.982433626666667,true,32.6164,2.57407,1918.499888,true
ablation,Home,Home,PEBFMTstar_full,PEBFMT*,13,ablation_home_full_official_benchmark.log,140035196,1200,60,6,exact_solution,true,true,false,12.602,1197.01727,0.997514391666667,true,12.602,2.70253,1368.731575,true
ablation,Home,Home,PEBFMTstar_full,PEBFMT*,14,ablation_home_full_official_benchmark.log,140035196,1200,60,6,exact_solution,true,true,false,44.6903,1190.925716,0.992438096666667,true,44.6903,3.06903,1971.989797,true
ablation,Home,Home,PEBFMTstar_full,PEBFMT*,15,ablation_home_full_official_benchmark.log,140035196,1200,60,6,exact_solution,true,true,false,60.0846,1208.842967,1.00736913916667,false,,2.73476,1904.992391,true
ablation,Home,Home,PEBFMTstar_full,PEBFMT*,16,ablation_home_full_official_benchmark.log,140035196,1200,60,6,exact_solution,true,true,false,31.2621,1181.170343,0.984308619166667,true,31.2621,2.03089,1401.613111,true
ablation,Home,Home,PEBFMTstar_full,PEBFMT*,17,ablation_home_full_official_benchmark.log,140035196,1200,60,6,exact_solution,true,true,false,60.089,1619.780385,1.3498169875,false,,2.82002,1867.974475,true
ablation,Home,Home,PEBFMTstar_full,PEBFMT*,18,ablation_home_full_official_benchmark.log,140035196,1200,60,6,exact_solution,true,true,false,60.1,1841.379343,1.53448278583333,false,,2.74068,1923.233397,true
ablation,Home,Home,PEBFMTstar_full,PEBFMT*,19,ablation_home_full_official_benchmark.log,140035196,1200,60,6,exact_solution,true,true,false,60.0549,1835.358134,1.52946511166667,false,,2.71515,1917.847102,true
ablation,Home,Home,PEBFMTstar_full,PEBFMT*,20,ablation_home_full_official_benchmark.log,140035196,1200,60,6,exact_solution,true,true,false,31.57,1198.148981,0.998457484166667,true,31.57,2.80524,2188.301208,true
ablation,Home,Home,PEBFMTstar_full,PEBFMT*,21,ablation_home_full_official_benchmark.log,140035196,1200,60,6,exact_solution,true,true,false,60.0748,1850.214153,1.5418451275,false,,2.64255,2124.122555,true
ablation,Home,Home,PEBFMTstar_full,PEBFMT*,22,ablation_home_full_official_benchmark.log,140035196,1200,60,6,exact_solution,true,true,false,24.9379,1192.870535,0.994058779166667,true,24.9379,2.08459,1314.141101,true
ablation,Home,Home,PEBFMTstar_full,PEBFMT*,23,ablation_home_full_official_benchmark.log,140035196,1200,60,6,exact_solution,true,true,false,38.9178,982.501331,0.818751109166667,true,38.9178,2.88722,1978.920659,true
ablation,Home,Home,PEBFMTstar_full,PEBFMT*,24,ablation_home_full_official_benchmark.log,140035196,1200,60,6,exact_solution,true,true,false,40.2583,1198.090813,0.998409010833333,true,40.2582,2.94477,1415.782639,true
ablation,Home,Home,PEBFMTstar_full,PEBFMT*,25,ablation_home_full_official_benchmark.log,140035196,1200,60,6,exact_solution,true,true,false,42.194,1194.917425,0.995764520833333,true,42.194,3.98988,2069.457569,true
ablation,Home,Home,PEBFMTstar_full,PEBFMT*,26,ablation_home_full_official_benchmark.log,140035196,1200,60,6,exact_solution,true,true,false,60.0273,1833.60713,1.52800594166667,false,,3.83305,2077.4054,true
ablation,Home,Home,PEBFMTstar_full,PEBFMT*,27,ablation_home_full_official_benchmark.log,140035196,1200,60,6,exact_solution,true,true,false,46.2063,1150.33763,0.958614691666667,true,46.2063,3.22624,1922.244389,true
ablation,Home,Home,PEBFMTstar_full,PEBFMT*,28,ablation_home_full_official_benchmark.log,140035196,1200,60,6,exact_solution,true,true,false,60.1167,1828.54664,1.52378886666667,false,,3.31823,1968.374317,true
ablation,Home,Home,PEBFMTstar_full,PEBFMT*,29,ablation_home_full_official_benchmark.log,140035196,1200,60,6,exact_solution,true,true,false,60.0862,1257.157669,1.04763139083333,false,,2.93373,2027.80114,true
ablation,Home,Home,PEBFMTstar_full,PEBFMT*,30,ablation_home_full_official_benchmark.log,140035196,1200,60,6,exact_solution,true,true,false,60.1371,1223.508179,1.01959014916667,false,,2.96025,1934.701641,true
ablation,Home,Home,PEBFMTstar_full,PEBFMT*,31,ablation_home_full_official_benchmark.log,140035196,1200,60,6,exact_solution,true,true,false,14.1041,1196.43457,0.997028808333333,true,14.1041,2.97593,1892.672093,true
ablation,Home,Home,PEBFMTstar_full,PEBFMT*,32,ablation_home_full_official_benchmark.log,140035196,1200,60,6,exact_solution,true,true,false,60.0615,1777.796251,1.48149687583333,false,,2.65769,1895.030065,true
ablation,Home,Home,PEBFMTstar_full,PEBFMT*,33,ablation_home_full_official_benchmark.log,140035196,1200,60,6,exact_solution,true,true,false,18.6381,1124.98709,0.937489241666667,true,18.638,2.26659,1896.518438,true
ablation,Home,Home,PEBFMTstar_full,PEBFMT*,34,ablation_home_full_official_benchmark.log,140035196,1200,60,6,exact_solution,true,true,false,58.5209,1172.621531,0.977184609166667,true,58.5209,2.61157,1967.968964,true
ablation,Home,Home,PEBFMTstar_full,PEBFMT*,35,ablation_home_full_official_benchmark.log,140035196,1200,60,6,exact_solution,true,true,false,38.3157,449.663653,0.374719710833333,true,38.3157,2.7509,1926.890663,true
ablation,Home,Home,PEBFMTstar_full,PEBFMT*,36,ablation_home_full_official_benchmark.log,140035196,1200,60,6,exact_solution,true,true,false,39.6714,1199.752644,0.99979387,true,39.6714,2.29429,1934.156951,true
ablation,Home,Home,PEBFMTstar_full,PEBFMT*,37,ablation_home_full_official_benchmark.log,140035196,1200,60,6,exact_solution,true,true,false,23.3133,631.70645,0.526422041666667,true,23.3133,2.07343,1927.835737,true
ablation,Home,Home,PEBFMTstar_full,PEBFMT*,38,ablation_home_full_official_benchmark.log,140035196,1200,60,6,exact_solution,true,true,false,60.0282,1841.862921,1.5348857675,false,,2.44413,1956.547316,true
ablation,Home,Home,PEBFMTstar_full,PEBFMT*,39,ablation_home_full_official_benchmark.log,140035196,1200,60,6,exact_solution,true,true,false,44.5849,1187.155165,0.989295970833333,true,44.5849,2.44577,1946.078855,true
ablation,Home,Home,PEBFMTstar_full,PEBFMT*,40,ablation_home_full_official_benchmark.log,140035196,1200,60,6,exact_solution,true,true,false,18.4928,1142.328033,0.9519400275,true,18.4928,2.2319,1911.543493,true
ablation,Home,Home,PEBFMTstar_full,PEBFMT*,41,ablation_home_full_official_benchmark.log,140035196,1200,60,6,exact_solution,true,true,false,18.1594,1198.043386,0.998369488333333,true,18.1594,2.58466,1966.694743,true
ablation,Home,Home,PEBFMTstar_full,PEBFMT*,42,ablation_home_full_official_benchmark.log,140035196,1200,60,6,exact_solution,true,true,false,60.0661,1822.431344,1.51869278666667,false,,2.77374,1876.940111,true
ablation,Home,Home,PEBFMTstar_full,PEBFMT*,43,ablation_home_full_official_benchmark.log,140035196,1200,60,6,exact_solution,true,true,false,60.0784,1833.898341,1.5282486175,false,,2.52153,1959.599575,true
ablation,Home,Home,PEBFMTstar_full,PEBFMT*,44,ablation_home_full_official_benchmark.log,140035196,1200,60,6,exact_solution,true,true,false,20.0358,1190.131731,0.9917764425,true,20.0357,2.73123,1875.573144,true
ablation,Home,Home,PEBFMTstar_full,PEBFMT*,45,ablation_home_full_official_benchmark.log,140035196,1200,60,6,exact_solution,true,true,false,26.9247,1199.294406,0.999412005,true,26.9247,1.8563,1237.244464,true
ablation,Home,Home,PEBFMTstar_full,PEBFMT*,46,ablation_home_full_official_benchmark.log,140035196,1200,60,6,exact_solution,true,true,false,11.2081,1195.150491,0.9959587425,true,11.2081,1.78148,1301.154001,true
ablation,Home,Home,PEBFMTstar_full,PEBFMT*,47,ablation_home_full_official_benchmark.log,140035196,1200,60,6,exact_solution,true,true,false,33.6237,1195.268964,0.99605747,true,33.6233,2.52753,1916.777469,true
ablation,Home,Home,PEBFMTstar_full,PEBFMT*,48,ablation_home_full_official_benchmark.log,140035196,1200,60,6,exact_solution,true,true,false,42.8199,1194.583447,0.995486205833333,true,42.8199,2.40729,1970.38216,true
ablation,Home,Home,PEBFMTstar_full,PEBFMT*,49,ablation_home_full_official_benchmark.log,140035196,1200,60,6,exact_solution,true,true,false,60.0809,1823.287099,1.51940591583333,false,,3.36986,1908.216241,true
ablation,Home,Home,PEBFMTstar_full,PEBFMT*,50,ablation_home_full_official_benchmark.log,140035196,1200,60,6,exact_solution,true,true,false,56.3505,1145.713085,0.954760904166667,true,56.3505,2.14526,1936.03333,true
ablation,Home,Home,PEBFMTstar_global_only,PEBFMT*-global-only,1,ablation_home_global_only_official_benchmark.log,140011338,1200,60,6,exact_solution,true,true,false,60.0201,1862.860073,1.55238339416667,false,,2.6139,1996.560456,true
ablation,Home,Home,PEBFMTstar_global_only,PEBFMT*-global-only,2,ablation_home_global_only_official_benchmark.log,140011338,1200,60,6,exact_solution,true,true,false,60.0406,1852.311321,1.5435927675,false,,2.97057,1961.038315,true
ablation,Home,Home,PEBFMTstar_global_only,PEBFMT*-global-only,3,ablation_home_global_only_official_benchmark.log,140011338,1200,60,6,exact_solution,true,true,false,25.9602,1187.373449,0.989477874166667,true,25.9602,2.99158,1890.199588,true
ablation,Home,Home,PEBFMTstar_global_only,PEBFMT*-global-only,4,ablation_home_global_only_official_benchmark.log,140011338,1200,60,6,exact_solution,true,true,false,54.7912,1184.994574,0.987495478333333,true,54.7911,2.82688,1931.288151,true
ablation,Home,Home,PEBFMTstar_global_only,PEBFMT*-global-only,5,ablation_home_global_only_official_benchmark.log,140011338,1200,60,6,exact_solution,true,true,false,22.9959,383.80994,0.319841616666667,true,22.9959,1.85838,1398.778077,true
ablation,Home,Home,PEBFMTstar_global_only,PEBFMT*-global-only,6,ablation_home_global_only_official_benchmark.log,140011338,1200,60,6,exact_solution,true,true,false,11.362,1194.515931,0.9954299425,true,11.362,2.80249,2033.604992,true
ablation,Home,Home,PEBFMTstar_global_only,PEBFMT*-global-only,7,ablation_home_global_only_official_benchmark.log,140011338,1200,60,6,exact_solution,true,true,false,37.207,422.722707,0.3522689225,true,37.207,2.74971,2197.164066,true
ablation,Home,Home,PEBFMTstar_global_only,PEBFMT*-global-only,8,ablation_home_global_only_official_benchmark.log,140011338,1200,60,6,exact_solution,true,true,false,60.0708,1219.242244,1.01603520333333,false,,2.39729,1906.95617,true
ablation,Home,Home,PEBFMTstar_global_only,PEBFMT*-global-only,9,ablation_home_global_only_official_benchmark.log,140011338,1200,60,6,exact_solution,true,true,false,39.6998,1193.885216,0.994904346666667,true,39.6998,2.051,1467.929188,true
ablation,Home,Home,PEBFMTstar_global_only,PEBFMT*-global-only,10,ablation_home_global_only_official_benchmark.log,140011338,1200,60,6,exact_solution,true,true,false,60.0066,1249.269364,1.04105780333333,false,,3.23334,1377.675914,true
ablation,Home,Home,PEBFMTstar_global_only,PEBFMT*-global-only,11,ablation_home_global_only_official_benchmark.log,140011338,1200,60,6,exact_solution,true,true,false,6.689,531.982679,0.443318899166667,true,6.689,3.11195,1958.128627,true
ablation,Home,Home,PEBFMTstar_global_only,PEBFMT*-global-only,12,ablation_home_global_only_official_benchmark.log,140011338,1200,60,6,exact_solution,true,true,false,60.0462,1841.995406,1.53499617166667,false,,2.55352,1953.349406,true
ablation,Home,Home,PEBFMTstar_global_only,PEBFMT*-global-only,13,ablation_home_global_only_official_benchmark.log,140011338,1200,60,6,exact_solution,true,true,false,39.5445,1177.324926,0.981104105,true,39.5445,2.75215,1965.051263,true
ablation,Home,Home,PEBFMTstar_global_only,PEBFMT*-global-only,14,ablation_home_global_only_official_benchmark.log,140011338,1200,60,6,exact_solution,true,true,false,5.30513,455.78867,0.379823891666667,true,5.30513,2.89799,1922.016806,true
ablation,Home,Home,PEBFMTstar_global_only,PEBFMT*-global-only,15,ablation_home_global_only_official_benchmark.log,140011338,1200,60,6,exact_solution,true,true,false,60.0877,1218.28342,1.01523618333333,false,,2.65897,1927.246941,true
ablation,Home,Home,PEBFMTstar_global_only,PEBFMT*-global-only,16,ablation_home_global_only_official_benchmark.log,140011338,1200,60,6,exact_solution,true,true,false,40.1966,1167.847101,0.9732059175,true,40.1966,2.36675,1904.862597,true
ablation,Home,Home,PEBFMTstar_global_only,PEBFMT*-global-only,17,ablation_home_global_only_official_benchmark.log,140011338,1200,60,6,exact_solution,true,true,false,25.5835,1100.239776,0.91686648,true,25.5835,2.47476,1972.253762,true
ablation,Home,Home,PEBFMTstar_global_only,PEBFMT*-global-only,18,ablation_home_global_only_official_benchmark.log,140011338,1200,60,6,exact_solution,true,true,false,15.9025,1181.395395,0.9844961625,true,15.9025,2.81697,1926.535909,true
ablation,Home,Home,PEBFMTstar_global_only,PEBFMT*-global-only,19,ablation_home_global_only_official_benchmark.log,140011338,1200,60,6,exact_solution,true,true,false,32.9573,1171.204556,0.976003796666667,true,32.9573,2.26462,1970.043501,true
ablation,Home,Home,PEBFMTstar_global_only,PEBFMT*-global-only,20,ablation_home_global_only_official_benchmark.log,140011338,1200,60,6,exact_solution,true,true,false,60.0962,1210.503423,1.0087528525,false,,2.67057,2002.025791,true
ablation,Home,Home,PEBFMTstar_global_only,PEBFMT*-global-only,21,ablation_home_global_only_official_benchmark.log,140011338,1200,60,6,exact_solution,true,true,false,56.7757,1198.561379,0.998801149166667,true,56.7757,2.63746,1974.366406,true
ablation,Home,Home,PEBFMTstar_global_only,PEBFMT*-global-only,22,ablation_home_global_only_official_benchmark.log,140011338,1200,60,6,exact_solution,true,true,false,39.3506,1186.759761,0.9889664675,true,39.3506,2.12223,1908.447176,true
ablation,Home,Home,PEBFMTstar_global_only,PEBFMT*-global-only,23,ablation_home_global_only_official_benchmark.log,140011338,1200,60,6,exact_solution,true,true,false,60.082,1212.817473,1.0106812275,false,,2.47019,1901.395175,true
ablation,Home,Home,PEBFMTstar_global_only,PEBFMT*-global-only,24,ablation_home_global_only_official_benchmark.log,140011338,1200,60,6,exact_solution,true,true,false,60.1084,1261.724792,1.05143732666667,false,,2.65077,2063.438361,true
ablation,Home,Home,PEBFMTstar_global_only,PEBFMT*-global-only,25,ablation_home_global_only_official_benchmark.log,140011338,1200,60,6,exact_solution,true,true,false,58.9364,1037.562197,0.864635164166667,true,58.9363,3.83679,1906.197341,true
ablation,Home,Home,PEBFMTstar_global_only,PEBFMT*-global-only,26,ablation_home_global_only_official_benchmark.log,140011338,1200,60,6,exact_solution,true,true,false,39.1548,1189.962578,0.991635481666667,true,39.1548,3.09268,1948.862269,true
ablation,Home,Home,PEBFMTstar_global_only,PEBFMT*-global-only,27,ablation_home_global_only_official_benchmark.log,140011338,1200,60,6,exact_solution,true,true,false,54.8507,1186.443168,0.98870264,true,54.8507,3.04641,1914.662603,true
ablation,Home,Home,PEBFMTstar_global_only,PEBFMT*-global-only,28,ablation_home_global_only_official_benchmark.log,140011338,1200,60,6,exact_solution,true,true,false,60.0487,1803.106331,1.50258860916667,false,,3.49238,1916.44492,true
ablation,Home,Home,PEBFMTstar_global_only,PEBFMT*-global-only,29,ablation_home_global_only_official_benchmark.log,140011338,1200,60,6,exact_solution,true,true,false,45.0186,1182.345764,0.985288136666667,true,45.0186,2.45522,1304.871238,true
ablation,Home,Home,PEBFMTstar_global_only,PEBFMT*-global-only,30,ablation_home_global_only_official_benchmark.log,140011338,1200,60,6,exact_solution,true,true,false,9.97866,1196.571804,0.99714317,true,9.97866,2.08821,1236.241031,true
ablation,Home,Home,PEBFMTstar_global_only,PEBFMT*-global-only,31,ablation_home_global_only_official_benchmark.log,140011338,1200,60,6,exact_solution,true,true,false,60.1028,1818.241923,1.5152016025,false,,2.96681,2001.718246,true
ablation,Home,Home,PEBFMTstar_global_only,PEBFMT*-global-only,32,ablation_home_global_only_official_benchmark.log,140011338,1200,60,6,exact_solution,true,true,false,60.0974,1220.320131,1.0169334425,false,,2.89592,1999.839016,true
ablation,Home,Home,PEBFMTstar_global_only,PEBFMT*-global-only,33,ablation_home_global_only_official_benchmark.log,140011338,1200,60,6,exact_solution,true,true,false,60.1209,1635.82061,1.36318384166667,false,,2.69014,1953.161073,true
ablation,Home,Home,PEBFMTstar_global_only,PEBFMT*-global-only,34,ablation_home_global_only_official_benchmark.log,140011338,1200,60,6,exact_solution,true,true,false,60.1232,1207.600615,1.00633384583333,false,,2.31822,2214.310412,true
ablation,Home,Home,PEBFMTstar_global_only,PEBFMT*-global-only,35,ablation_home_global_only_official_benchmark.log,140011338,1200,60,6,exact_solution,true,true,false,19.3419,1079.708695,0.899757245833333,true,19.3418,2.42122,2078.119839,true
ablation,Home,Home,PEBFMTstar_global_only,PEBFMT*-global-only,36,ablation_home_global_only_official_benchmark.log,140011338,1200,60,6,exact_solution,true,true,false,10.5404,420.022938,0.350019115,true,10.5404,1.92135,2204.138482,true
ablation,Home,Home,PEBFMTstar_global_only,PEBFMT*-global-only,37,ablation_home_global_only_official_benchmark.log,140011338,1200,60,6,exact_solution,true,true,false,60.0224,1207.37733,1.006147775,false,,2.37972,1962.959363,true
ablation,Home,Home,PEBFMTstar_global_only,PEBFMT*-global-only,38,ablation_home_global_only_official_benchmark.log,140011338,1200,60,6,exact_solution,true,true,false,60.0569,1780.926796,1.48410566333333,false,,2.19667,2183.485371,true
ablation,Home,Home,PEBFMTstar_global_only,PEBFMT*-global-only,39,ablation_home_global_only_official_benchmark.log,140011338,1200,60,6,exact_solution,true,true,false,60.057,1767.608003,1.47300666916667,false,,2.22231,1884.953822,true
ablation,Home,Home,PEBFMTstar_global_only,PEBFMT*-global-only,40,ablation_home_global_only_official_benchmark.log,140011338,1200,60,6,exact_solution,true,true,false,33.7341,1198.180575,0.9984838125,true,33.7341,2.82054,2001.473784,true
ablation,Home,Home,PEBFMTstar_global_only,PEBFMT*-global-only,41,ablation_home_global_only_official_benchmark.log,140011338,1200,60,6,exact_solution,true,true,false,26.1928,1196.629117,0.997190930833333,true,26.1928,2.68862,1996.646467,true
ablation,Home,Home,PEBFMTstar_global_only,PEBFMT*-global-only,42,ablation_home_global_only_official_benchmark.log,140011338,1200,60,6,exact_solution,true,true,false,17.9173,1199.712493,0.999760410833333,true,17.9173,2.34847,1970.662002,true
ablation,Home,Home,PEBFMTstar_global_only,PEBFMT*-global-only,43,ablation_home_global_only_official_benchmark.log,140011338,1200,60,6,exact_solution,true,true,false,60.0826,1244.898762,1.037415635,false,,2.52575,2009.725729,true
ablation,Home,Home,PEBFMTstar_global_only,PEBFMT*-global-only,44,ablation_home_global_only_official_benchmark.log,140011338,1200,60,6,exact_solution,true,true,false,8.46987,1189.100154,0.990916795,true,8.46987,1.65351,1551.995703,true
ablation,Home,Home,PEBFMTstar_global_only,PEBFMT*-global-only,45,ablation_home_global_only_official_benchmark.log,140011338,1200,60,6,exact_solution,true,true,false,60.0593,1209.840647,1.00820053916667,false,,2.29076,1908.952415,true
ablation,Home,Home,PEBFMTstar_global_only,PEBFMT*-global-only,46,ablation_home_global_only_official_benchmark.log,140011338,1200,60,6,exact_solution,true,true,false,6.72225,1193.707609,0.994756340833333,true,6.72225,2.32773,1913.00537,true
ablation,Home,Home,PEBFMTstar_global_only,PEBFMT*-global-only,47,ablation_home_global_only_official_benchmark.log,140011338,1200,60,6,exact_solution,true,true,false,11.6318,474.000747,0.3950006225,true,11.6318,2.42539,1910.732199,true
ablation,Home,Home,PEBFMTstar_global_only,PEBFMT*-global-only,48,ablation_home_global_only_official_benchmark.log,140011338,1200,60,6,exact_solution,true,true,false,29.733,1186.507354,0.988756128333333,true,29.733,2.23931,1932.068202,true
ablation,Home,Home,PEBFMTstar_global_only,PEBFMT*-global-only,49,ablation_home_global_only_official_benchmark.log,140011338,1200,60,6,exact_solution,true,true,false,33.1838,1199.34118,0.999450983333333,true,33.1838,2.25686,1894.597664,true
ablation,Home,Home,PEBFMTstar_global_only,PEBFMT*-global-only,50,ablation_home_global_only_official_benchmark.log,140011338,1200,60,6,exact_solution,true,true,false,29.3826,1190.680726,0.992233938333333,true,29.3826,2.19213,1939.948389,true
ablation,Home,Home,PEBFMTstar_piecewise_only,PEBFMT*-piecewise-only,1,ablation_home_piecewise_only_official_benchmark.log,140079271,1200,60,6,exact_solution,true,true,false,30.2481,1191.563542,0.992969618333333,true,30.2481,2.25743,1909.954353,true
ablation,Home,Home,PEBFMTstar_piecewise_only,PEBFMT*-piecewise-only,2,ablation_home_piecewise_only_official_benchmark.log,140079271,1200,60,6,exact_solution,true,true,false,33.8135,1195.387079,0.996155899166667,true,33.8135,3.00819,1907.599682,true
ablation,Home,Home,PEBFMTstar_piecewise_only,PEBFMT*-piecewise-only,3,ablation_home_piecewise_only_official_benchmark.log,140079271,1200,60,6,exact_solution,true,true,false,39.6822,1168.549389,0.9737911575,true,39.6821,2.28876,1438.716368,true
ablation,Home,Home,PEBFMTstar_piecewise_only,PEBFMT*-piecewise-only,4,ablation_home_piecewise_only_official_benchmark.log,140079271,1200,60,6,exact_solution,true,true,false,53.1988,1194.828279,0.9956902325,true,53.1988,3.12375,1924.605429,true
ablation,Home,Home,PEBFMTstar_piecewise_only,PEBFMT*-piecewise-only,5,ablation_home_piecewise_only_official_benchmark.log,140079271,1200,60,6,exact_solution,true,true,false,18.7528,1191.144203,0.992620169166667,true,18.7527,2.00963,1314.378959,true
ablation,Home,Home,PEBFMTstar_piecewise_only,PEBFMT*-piecewise-only,6,ablation_home_piecewise_only_official_benchmark.log,140079271,1200,60,6,exact_solution,true,true,false,40.9198,1188.129204,0.99010767,true,40.9198,2.14528,1509.114007,true
ablation,Home,Home,PEBFMTstar_piecewise_only,PEBFMT*-piecewise-only,7,ablation_home_piecewise_only_official_benchmark.log,140079271,1200,60,6,exact_solution,true,true,false,32.389,1198.743125,0.998952604166667,true,32.389,2.12968,1530.117646,true
ablation,Home,Home,PEBFMTstar_piecewise_only,PEBFMT*-piecewise-only,8,ablation_home_piecewise_only_official_benchmark.log,140079271,1200,60,6,exact_solution,true,true,false,60.0981,1827.467969,1.52288997416667,false,,2.67279,1907.994959,true
ablation,Home,Home,PEBFMTstar_piecewise_only,PEBFMT*-piecewise-only,9,ablation_home_piecewise_only_official_benchmark.log,140079271,1200,60,6,exact_solution,true,true,false,45.7727,1183.299881,0.986083234166667,true,45.7727,2.34606,1426.925593,true
ablation,Home,Home,PEBFMTstar_piecewise_only,PEBFMT*-piecewise-only,10,ablation_home_piecewise_only_official_benchmark.log,140079271,1200,60,6,exact_solution,true,true,false,60.0535,1746.536957,1.45544746416667,false,,2.66185,1908.69838,true
ablation,Home,Home,PEBFMTstar_piecewise_only,PEBFMT*-piecewise-only,11,ablation_home_piecewise_only_official_benchmark.log,140079271,1200,60,6,exact_solution,true,true,false,27.2275,1199.74325,0.999786041666667,true,27.2275,2.93038,1255.659318,true
ablation,Home,Home,PEBFMTstar_piecewise_only,PEBFMT*-piecewise-only,12,ablation_home_piecewise_only_official_benchmark.log,140079271,1200,60,6,exact_solution,true,true,false,36.5715,1192.132714,0.993443928333333,true,36.5715,2.50816,1956.40463,true
ablation,Home,Home,PEBFMTstar_piecewise_only,PEBFMT*-piecewise-only,13,ablation_home_piecewise_only_official_benchmark.log,140079271,1200,60,6,exact_solution,true,true,false,49.6637,1194.625292,0.995521076666667,true,49.6637,2.53947,1984.408328,true
ablation,Home,Home,PEBFMTstar_piecewise_only,PEBFMT*-piecewise-only,14,ablation_home_piecewise_only_official_benchmark.log,140079271,1200,60,6,exact_solution,true,true,false,40.3081,1192.476354,0.993730295,true,40.3081,2.29377,2122.469779,true
ablation,Home,Home,PEBFMTstar_piecewise_only,PEBFMT*-piecewise-only,15,ablation_home_piecewise_only_official_benchmark.log,140079271,1200,60,6,exact_solution,true,true,false,44.5363,1183.830572,0.986525476666667,true,44.5363,2.32374,1927.098744,true
ablation,Home,Home,PEBFMTstar_piecewise_only,PEBFMT*-piecewise-only,16,ablation_home_piecewise_only_official_benchmark.log,140079271,1200,60,6,exact_solution,true,true,false,22.8521,1197.926996,0.998272496666667,true,22.8521,2.51077,1255.404169,true
ablation,Home,Home,PEBFMTstar_piecewise_only,PEBFMT*-piecewise-only,17,ablation_home_piecewise_only_official_benchmark.log,140079271,1200,60,6,exact_solution,true,true,false,60.0826,1823.208594,1.519340495,false,,2.41405,1906.958721,true
ablation,Home,Home,PEBFMTstar_piecewise_only,PEBFMT*-piecewise-only,18,ablation_home_piecewise_only_official_benchmark.log,140079271,1200,60,6,exact_solution,true,true,false,35.8253,1193.846362,0.994871968333333,true,35.8253,2.48746,2138.808238,true
ablation,Home,Home,PEBFMTstar_piecewise_only,PEBFMT*-piecewise-only,19,ablation_home_piecewise_only_official_benchmark.log,140079271,1200,60,6,exact_solution,true,true,false,60.0632,1893.32037,1.577766975,false,,2.6316,1993.751314,true
ablation,Home,Home,PEBFMTstar_piecewise_only,PEBFMT*-piecewise-only,20,ablation_home_piecewise_only_official_benchmark.log,140079271,1200,60,6,exact_solution,true,true,false,60.0961,1573.185384,1.31098782,false,,2.57356,1925.1896,true
ablation,Home,Home,PEBFMTstar_piecewise_only,PEBFMT*-piecewise-only,21,ablation_home_piecewise_only_official_benchmark.log,140079271,1200,60,6,exact_solution,true,true,false,19.4272,1199.503631,0.999586359166667,true,19.4272,2.33846,2026.360784,true
ablation,Home,Home,PEBFMTstar_piecewise_only,PEBFMT*-piecewise-only,22,ablation_home_piecewise_only_official_benchmark.log,140079271,1200,60,6,exact_solution,true,true,false,60.0784,1822.248311,1.51854025916667,false,,2.33924,1966.800108,true
ablation,Home,Home,PEBFMTstar_piecewise_only,PEBFMT*-piecewise-only,23,ablation_home_piecewise_only_official_benchmark.log,140079271,1200,60,6,exact_solution,true,true,false,5.23868,1191.996181,0.993330150833333,true,5.23868,1.99343,1211.256669,true
ablation,Home,Home,PEBFMTstar_piecewise_only,PEBFMT*-piecewise-only,24,ablation_home_piecewise_only_official_benchmark.log,140079271,1200,60,6,exact_solution,true,true,false,29.2024,1193.094292,0.994245243333333,true,29.2024,2.54622,1983.92909,true
ablation,Home,Home,PEBFMTstar_piecewise_only,PEBFMT*-piecewise-only,25,ablation_home_piecewise_only_official_benchmark.log,140079271,1200,60,6,exact_solution,true,true,false,47.0038,1194.82225,0.995685208333333,true,47.0038,1.89012,1427.803416,true
ablation,Home,Home,PEBFMTstar_piecewise_only,PEBFMT*-piecewise-only,26,ablation_home_piecewise_only_official_benchmark.log,140079271,1200,60,6,exact_solution,true,true,false,60.0633,1221.335755,1.01777979583333,false,,3.20498,2034.543042,true
ablation,Home,Home,PEBFMTstar_piecewise_only,PEBFMT*-piecewise-only,27,ablation_home_piecewise_only_official_benchmark.log,140079271,1200,60,6,exact_solution,true,true,false,60.0503,1826.395877,1.52199656416667,false,,3.60752,1923.202331,true
ablation,Home,Home,PEBFMTstar_piecewise_only,PEBFMT*-piecewise-only,28,ablation_home_piecewise_only_official_benchmark.log,140079271,1200,60,6,exact_solution,true,true,false,17.4758,1179.330927,0.9827757725,true,17.4758,3.37989,2159.286433,true
ablation,Home,Home,PEBFMTstar_piecewise_only,PEBFMT*-piecewise-only,29,ablation_home_piecewise_only_official_benchmark.log,140079271,1200,60,6,exact_solution,true,true,false,60.0724,1779.992583,1.4833271525,false,,3.15788,1939.489998,true
ablation,Home,Home,PEBFMTstar_piecewise_only,PEBFMT*-piecewise-only,30,ablation_home_piecewise_only_official_benchmark.log,140079271,1200,60,6,exact_solution,true,true,false,60.0222,1216.082564,1.01340213666667,false,,2.94386,2285.919052,true
ablation,Home,Home,PEBFMTstar_piecewise_only,PEBFMT*-piecewise-only,31,ablation_home_piecewise_only_official_benchmark.log,140079271,1200,60,6,exact_solution,true,true,false,60.0093,1248.060563,1.04005046916667,false,,2.5675,1875.757736,true
ablation,Home,Home,PEBFMTstar_piecewise_only,PEBFMT*-piecewise-only,32,ablation_home_piecewise_only_official_benchmark.log,140079271,1200,60,6,exact_solution,true,true,false,28.7027,1199.881259,0.999901049166667,true,28.7027,2.06266,1404.47509,true
ablation,Home,Home,PEBFMTstar_piecewise_only,PEBFMT*-piecewise-only,33,ablation_home_piecewise_only_official_benchmark.log,140079271,1200,60,6,exact_solution,true,true,false,33.958,1197.639869,0.998033224166667,true,33.9579,2.69274,1916.328338,true
ablation,Home,Home,PEBFMTstar_piecewise_only,PEBFMT*-piecewise-only,34,ablation_home_piecewise_only_official_benchmark.log,140079271,1200,60,6,exact_solution,true,true,false,53.485,1178.615134,0.982179278333333,true,53.485,2.48691,1903.666964,true
ablation,Home,Home,PEBFMTstar_piecewise_only,PEBFMT*-piecewise-only,35,ablation_home_piecewise_only_official_benchmark.log,140079271,1200,60,6,exact_solution,true,true,false,49.2662,416.942119,0.347451765833333,true,49.2662,2.62096,1999.155795,true
ablation,Home,Home,PEBFMTstar_piecewise_only,PEBFMT*-piecewise-only,36,ablation_home_piecewise_only_official_benchmark.log,140079271,1200,60,6,exact_solution,true,true,false,37.3927,1196.205607,0.996838005833333,true,37.3927,2.976,1929.120394,true
ablation,Home,Home,PEBFMTstar_piecewise_only,PEBFMT*-piecewise-only,37,ablation_home_piecewise_only_official_benchmark.log,140079271,1200,60,6,exact_solution,true,true,false,60.0136,1807.625049,1.5063542075,false,,2.59513,2034.197717,true
ablation,Home,Home,PEBFMTstar_piecewise_only,PEBFMT*-piecewise-only,38,ablation_home_piecewise_only_official_benchmark.log,140079271,1200,60,6,exact_solution,true,true,false,60.0428,1216.19673,1.013497275,false,,2.19065,2087.420684,true
ablation,Home,Home,PEBFMTstar_piecewise_only,PEBFMT*-piecewise-only,39,ablation_home_piecewise_only_official_benchmark.log,140079271,1200,60,6,exact_solution,true,true,false,54.2919,1181.33229,0.984443575,true,54.2918,2.16723,1898.775224,true
ablation,Home,Home,PEBFMTstar_piecewise_only,PEBFMT*-piecewise-only,40,ablation_home_piecewise_only_official_benchmark.log,140079271,1200,60,6,exact_solution,true,true,false,30.7965,1198.933014,0.999110845,true,30.7965,2.53502,1959.267388,true
ablation,Home,Home,PEBFMTstar_piecewise_only,PEBFMT*-piecewise-only,41,ablation_home_piecewise_only_official_benchmark.log,140079271,1200,60,6,exact_solution,true,true,false,45.6675,1164.659973,0.9705499775,true,45.6673,2.50893,1964.307235,true
ablation,Home,Home,PEBFMTstar_piecewise_only,PEBFMT*-piecewise-only,42,ablation_home_piecewise_only_official_benchmark.log,140079271,1200,60,6,exact_solution,true,true,false,7.89011,1199.311225,0.999426020833333,true,7.89011,2.50196,2180.641835,true
ablation,Home,Home,PEBFMTstar_piecewise_only,PEBFMT*-piecewise-only,43,ablation_home_piecewise_only_official_benchmark.log,140079271,1200,60,6,exact_solution,true,true,false,12.4488,1199.428193,0.999523494166667,true,12.4488,2.43425,2001.044568,true
ablation,Home,Home,PEBFMTstar_piecewise_only,PEBFMT*-piecewise-only,44,ablation_home_piecewise_only_official_benchmark.log,140079271,1200,60,6,exact_solution,true,true,false,60.0795,1227.09522,1.02257935,false,,2.48057,1998.863944,true
ablation,Home,Home,PEBFMTstar_piecewise_only,PEBFMT*-piecewise-only,45,ablation_home_piecewise_only_official_benchmark.log,140079271,1200,60,6,exact_solution,true,true,false,17.1229,1194.33009,0.995275075,true,17.1229,2.2491,2111.80365,true
ablation,Home,Home,PEBFMTstar_piecewise_only,PEBFMT*-piecewise-only,46,ablation_home_piecewise_only_official_benchmark.log,140079271,1200,60,6,exact_solution,true,true,false,23.5925,1199.08268,0.999235566666667,true,23.5925,2.33596,1952.021035,true
ablation,Home,Home,PEBFMTstar_piecewise_only,PEBFMT*-piecewise-only,47,ablation_home_piecewise_only_official_benchmark.log,140079271,1200,60,6,exact_solution,true,true,false,21.1116,1197.452051,0.997876709166667,true,21.1116,2.22975,1930.630448,true
ablation,Home,Home,PEBFMTstar_piecewise_only,PEBFMT*-piecewise-only,48,ablation_home_piecewise_only_official_benchmark.log,140079271,1200,60,6,exact_solution,true,true,false,13.8763,1187.920927,0.989934105833333,true,13.8763,2.28593,2001.858796,true
ablation,Home,Home,PEBFMTstar_piecewise_only,PEBFMT*-piecewise-only,49,ablation_home_piecewise_only_official_benchmark.log,140079271,1200,60,6,exact_solution,true,true,false,27.547,1192.415537,0.993679614166667,true,27.547,2.27572,2116.769727,true
ablation,Home,Home,PEBFMTstar_piecewise_only,PEBFMT*-piecewise-only,50,ablation_home_piecewise_only_official_benchmark.log,140079271,1200,60,6,exact_solution,true,true,false,60.0412,1809.828146,1.50819012166667,false,,2.22765,1953.05295,true
