suite,scene_raw,scene,planner_raw,planner_public,run_id,source_log_id,benchmark_seed,target_cost,time_limit_s,status_code,status_label,solved,exact,approximate,final_time_s,final_cost,final_cost_normalized,target_hit,target_time_s,first_solution_time_s,first_solution_cost,progress_available
main,Abstract,Abstract,DAFMT_star,PEBFMT*,1,main_abstract_official_benchmark.log,3908945573,800,60,6,exact_solution,true,true,false,3.72319,692.516112,0.86564514,true,3.21767,3.21767,704.012311,true
main,Abstract,Abstract,DAFMT_star,PEBFMT*,2,main_abstract_official_benchmark.log,3908945573,800,60,6,exact_solution,true,true,false,7.20623,576.528724,0.720660905,true,6.63459,6.63459,674.341277,true
main,Abstract,Abstract,DAFMT_star,PEBFMT*,3,main_abstract_official_benchmark.log,3908945573,800,60,6,exact_solution,true,true,false,3.69509,789.413251,0.98676656375,true,2.87191,2.87191,792.89641,true
main,Abstract,Abstract,DAFMT_star,PEBFMT*,4,main_abstract_official_benchmark.log,3908945573,800,60,6,exact_solution,true,true,false,7.05155,712.148932,0.890186165,true,6.81274,6.81274,789.287636,true
main,Abstract,Abstract,DAFMT_star,PEBFMT*,5,main_abstract_official_benchmark.log,3908945573,800,60,6,exact_solution,true,true,false,11.4992,636.819698,0.7960246225,true,10.9582,10.9582,711.138576,true
main,Abstract,Abstract,DAFMT_star,PEBFMT*,6,main_abstract_official_benchmark.log,3908945573,800,60,6,exact_solution,true,true,false,20.2411,627.431132,0.784288915,true,19.9257,19.9257,638.89728,true
main,Abstract,Abstract,DAFMT_star,PEBFMT*,7,main_abstract_official_benchmark.log,3908945573,800,60,6,exact_solution,true,true,false,9.04683,585.871064,0.73233883,true,8.59813,8.59813,591.873579,true
main,Abstract,Abstract,DAFMT_star,PEBFMT*,8,main_abstract_official_benchmark.log,3908945573,800,60,6,exact_solution,true,true,false,8.07657,584.443806,0.7305547575,true,7.95352,7.95352,589.731779,true
main,Abstract,Abstract,DAFMT_star,PEBFMT*,9,main_abstract_official_benchmark.log,3908945573,800,60,6,exact_solution,true,true,false,9.05435,626.071017,0.78258877125,true,8.66611,8.66611,631.221501,true
main,Abstract,Abstract,DAFMT_star,PEBFMT*,10,main_abstract_official_benchmark.log,3908945573,800,60,6,exact_solution,true,true,false,12.2101,616.948895,0.77118611875,true,11.7477,11.7477,620.221368,true
main,Abstract,Abstract,DAFMT_star,PEBFMT*,11,main_abstract_official_benchmark.log,3908945573,800,60,6,exact_solution,true,true,false,8.54112,599.81015,0.7497626875,true,8.01417,8.01417,607.94367,true
main,Abstract,Abstract,DAFMT_star,PEBFMT*,12,main_abstract_official_benchmark.log,3908945573,800,60,6,exact_solution,true,true,false,12.831,697.83134,0.872289175,true,12.6852,12.6852,730.13786,true
main,Abstract,Abstract,DAFMT_star,PEBFMT*,13,main_abstract_official_benchmark.log,3908945573,800,60,6,exact_solution,true,true,false,14.7076,660.70595,0.8258824375,true,13.8121,13.8121,664.182296,true
main,Abstract,Abstract,DAFMT_star,PEBFMT*,14,main_abstract_official_benchmark.log,3908945573,800,60,6,exact_solution,true,true,false,9.13092,563.933803,0.70491725375,true,8.53389,8.53389,572.052477,true
main,Abstract,Abstract,DAFMT_star,PEBFMT*,15,main_abstract_official_benchmark.log,3908945573,800,60,6,exact_solution,true,true,false,9.40757,523.342538,0.6541781725,true,9.20108,9.20108,526.860122,true
main,Abstract,Abstract,DAFMT_star,PEBFMT*,16,main_abstract_official_benchmark.log,3908945573,800,60,6,exact_solution,true,true,false,8.84882,581.889184,0.72736148,true,8.607,8.607,599.689092,true
main,Abstract,Abstract,DAFMT_star,PEBFMT*,17,main_abstract_official_benchmark.log,3908945573,800,60,6,exact_solution,true,true,false,5.76192,637.330049,0.79666256125,true,5.53767,5.53767,637.577959,true
main,Abstract,Abstract,DAFMT_star,PEBFMT*,18,main_abstract_official_benchmark.log,3908945573,800,60,6,exact_solution,true,true,false,8.12868,760.472515,0.95059064375,true,7.50861,7.50861,763.683106,true
main,Abstract,Abstract,DAFMT_star,PEBFMT*,19,main_abstract_official_benchmark.log,3908945573,800,60,6,exact_solution,true,true,false,6.2617,578.070522,0.7225881525,true,5.59925,5.59925,588.861766,true
main,Abstract,Abstract,DAFMT_star,PEBFMT*,20,main_abstract_official_benchmark.log,3908945573,800,60,6,exact_solution,true,true,false,17.7287,689.555035,0.86194379375,true,17.2233,17.2233,689.763845,true
main,Abstract,Abstract,DAFMT_star,PEBFMT*,21,main_abstract_official_benchmark.log,3908945573,800,60,6,exact_solution,true,true,false,5.91396,631.275602,0.7890945025,true,5.33125,5.33125,660.702993,true
main,Abstract,Abstract,DAFMT_star,PEBFMT*,22,main_abstract_official_benchmark.log,3908945573,800,60,6,exact_solution,true,true,false,14.2165,568.951678,0.7111895975,true,11.1748,11.1748,587.767871,true
main,Abstract,Abstract,DAFMT_star,PEBFMT*,23,main_abstract_official_benchmark.log,3908945573,800,60,6,exact_solution,true,true,false,10.1587,701.215464,0.87651933,true,9.3663,9.3663,737.708394,true
main,Abstract,Abstract,DAFMT_star,PEBFMT*,24,main_abstract_official_benchmark.log,3908945573,800,60,6,exact_solution,true,true,false,9.13099,733.308507,0.91663563375,true,8.23646,8.23646,791.85621,true
main,Abstract,Abstract,DAFMT_star,PEBFMT*,25,main_abstract_official_benchmark.log,3908945573,800,60,6,exact_solution,true,true,false,9.81057,743.516295,0.92939536875,true,9.56266,9.56266,748.261575,true
main,Abstract,Abstract,DAFMT_star,PEBFMT*,26,main_abstract_official_benchmark.log,3908945573,800,60,6,exact_solution,true,true,false,11.2107,757.653916,0.947067395,true,10.9511,10.9511,772.035659,true
main,Abstract,Abstract,DAFMT_star,PEBFMT*,27,main_abstract_official_benchmark.log,3908945573,800,60,6,exact_solution,true,true,false,4.59796,536.405656,0.67050707,true,4.31935,4.31935,544.989979,true
main,Abstract,Abstract,DAFMT_star,PEBFMT*,28,main_abstract_official_benchmark.log,3908945573,800,60,6,exact_solution,true,true,false,3.89001,589.363103,0.73670387875,true,3.52681,3.52681,598.650203,true
main,Abstract,Abstract,DAFMT_star,PEBFMT*,29,main_abstract_official_benchmark.log,3908945573,800,60,6,exact_solution,true,true,false,4.68928,708.515535,0.88564441875,true,4.01954,4.01954,712.029055,true
main,Abstract,Abstract,DAFMT_star,PEBFMT*,30,main_abstract_official_benchmark.log,3908945573,800,60,6,exact_solution,true,true,false,7.90973,648.683686,0.8108546075,true,7.37693,7.37693,739.123482,true
main,Abstract,Abstract,DAFMT_star,PEBFMT*,31,main_abstract_official_benchmark.log,3908945573,800,60,6,exact_solution,true,true,false,11.0269,651.163176,0.81395397,true,10.6123,10.6123,653.38714,true
main,Abstract,Abstract,DAFMT_star,PEBFMT*,32,main_abstract_official_benchmark.log,3908945573,800,60,6,exact_solution,true,true,false,8.36548,608.021601,0.76002700125,true,7.77001,7.77001,608.041737,true
main,Abstract,Abstract,DAFMT_star,PEBFMT*,33,main_abstract_official_benchmark.log,3908945573,800,60,6,exact_solution,true,true,false,12.7376,594.433419,0.74304177375,true,12.4086,12.4086,690.564067,true
main,Abstract,Abstract,DAFMT_star,PEBFMT*,34,main_abstract_official_benchmark.log,3908945573,800,60,6,exact_solution,true,true,false,6.80159,546.027462,0.6825343275,true,6.09293,6.09293,562.011836,true
main,Abstract,Abstract,DAFMT_star,PEBFMT*,35,main_abstract_official_benchmark.log,3908945573,800,60,6,exact_solution,true,true,false,13.8365,646.536582,0.8081707275,true,10.6102,10.6102,663.454468,true
main,Abstract,Abstract,DAFMT_star,PEBFMT*,36,main_abstract_official_benchmark.log,3908945573,800,60,6,exact_solution,true,true,false,2.68107,664.531912,0.83066489,true,2.43991,2.43991,668.973926,true
main,Abstract,Abstract,DAFMT_star,PEBFMT*,37,main_abstract_official_benchmark.log,3908945573,800,60,6,exact_solution,true,true,false,6.06015,703.356944,0.87919618,true,5.8034,5.8034,704.390908,true
main,Abstract,Abstract,DAFMT_star,PEBFMT*,38,main_abstract_official_benchmark.log,3908945573,800,60,6,exact_solution,true,true,false,11.6852,626.658557,0.78332319625,true,11.5496,11.5496,691.875742,true
main,Abstract,Abstract,DAFMT_star,PEBFMT*,39,main_abstract_official_benchmark.log,3908945573,800,60,6,exact_solution,true,true,false,7.41753,586.083654,0.7326045675,true,6.76912,6.76912,599.493186,true
main,Abstract,Abstract,DAFMT_star,PEBFMT*,40,main_abstract_official_benchmark.log,3908945573,800,60,6,exact_solution,true,true,false,2.7229,789.737313,0.98717164125,true,2.06643,2.06643,790.177448,true
main,Abstract,Abstract,DAFMT_star,PEBFMT*,41,main_abstract_official_benchmark.log,3908945573,800,60,6,exact_solution,true,true,false,7.71194,555.964069,0.69495508625,true,7.08377,7.08377,568.072775,true
main,Abstract,Abstract,DAFMT_star,PEBFMT*,42,main_abstract_official_benchmark.log,3908945573,800,60,6,exact_solution,true,true,false,2.56555,589.525202,0.7369065025,true,2.43857,2.43857,595.631529,true
main,Abstract,Abstract,DAFMT_star,PEBFMT*,43,main_abstract_official_benchmark.log,3908945573,800,60,6,exact_solution,true,true,false,14.9884,690.34586,0.862932325,true,13.896,13.896,716.863484,true
main,Abstract,Abstract,DAFMT_star,PEBFMT*,44,main_abstract_official_benchmark.log,3908945573,800,60,6,exact_solution,true,true,false,13.101,587.344422,0.7341805275,true,12.4779,12.4779,594.320023,true
main,Abstract,Abstract,DAFMT_star,PEBFMT*,45,main_abstract_official_benchmark.log,3908945573,800,60,6,exact_solution,true,true,false,4.27282,664.601425,0.83075178125,true,3.78711,3.78711,702.813862,true
main,Abstract,Abstract,DAFMT_star,PEBFMT*,46,main_abstract_official_benchmark.log,3908945573,800,60,6,exact_solution,true,true,false,3.51655,560.159577,0.70019947125,true,2.8079,2.8079,562.22906,true
main,Abstract,Abstract,DAFMT_star,PEBFMT*,47,main_abstract_official_benchmark.log,3908945573,800,60,6,exact_solution,true,true,false,5.26213,711.208324,0.889010405,true,4.94887,4.94887,736.540015,true
main,Abstract,Abstract,DAFMT_star,PEBFMT*,48,main_abstract_official_benchmark.log,3908945573,800,60,6,exact_solution,true,true,false,11.563,750.884064,0.93860508,true,10.7754,10.7754,754.229815,true
main,Abstract,Abstract,DAFMT_star,PEBFMT*,49,main_abstract_official_benchmark.log,3908945573,800,60,6,exact_solution,true,true,false,18.991,688.145188,0.860181485,true,18.5332,18.5332,691.340162,true
main,Abstract,Abstract,DAFMT_star,PEBFMT*,50,main_abstract_official_benchmark.log,3908945573,800,60,6,exact_solution,true,true,false,9.48447,684.488288,0.85561036,true,8.93617,8.93617,689.787592,true
main,Abstract,Abstract,BFMT_star,BFMT*,1,main_abstract_official_benchmark.log,3908945573,800,60,6,exact_solution,true,true,false,5.34464,622.648,0.77831,true,5.34464,5.34464,622.648,false
main,Abstract,Abstract,BFMT_star,BFMT*,2,main_abstract_official_benchmark.log,3908945573,800,60,6,exact_solution,true,true,false,7.80519,780.631,0.97578875,true,7.80519,7.80519,780.631,false
main,Abstract,Abstract,BFMT_star,BFMT*,3,main_abstract_official_benchmark.log,3908945573,800,60,6,exact_solution,true,true,false,7.22924,648.765,0.81095625,true,7.22924,7.22924,648.765,false
main,Abstract,Abstract,BFMT_star,BFMT*,4,main_abstract_official_benchmark.log,3908945573,800,60,6,exact_solution,true,true,false,9.69534,577.194,0.7214925,true,9.69534,9.69534,577.194,false
main,Abstract,Abstract,BFMT_star,BFMT*,5,main_abstract_official_benchmark.log,3908945573,800,60,6,exact_solution,true,true,false,4.62064,670.441,0.83805125,true,4.62064,4.62064,670.441,false
main,Abstract,Abstract,BFMT_star,BFMT*,6,main_abstract_official_benchmark.log,3908945573,800,60,6,exact_solution,true,true,false,8.56934,651.803,0.81475375,true,8.56934,8.56934,651.803,false
main,Abstract,Abstract,BFMT_star,BFMT*,7,main_abstract_official_benchmark.log,3908945573,800,60,6,exact_solution,true,true,false,4.75917,689.11,0.8613875,true,4.75917,4.75917,689.11,false
main,Abstract,Abstract,BFMT_star,BFMT*,8,main_abstract_official_benchmark.log,3908945573,800,60,6,exact_solution,true,true,false,5.6403,545.434,0.6817925,true,5.6403,5.6403,545.434,false
main,Abstract,Abstract,BFMT_star,BFMT*,9,main_abstract_official_benchmark.log,3908945573,800,60,6,exact_solution,true,true,false,15.8838,636.097,0.79512125,true,15.8838,15.8838,636.097,false
main,Abstract,Abstract,BFMT_star,BFMT*,10,main_abstract_official_benchmark.log,3908945573,800,60,6,exact_solution,true,true,false,14.4123,587.267,0.73408375,true,14.4123,14.4123,587.267,false
main,Abstract,Abstract,BFMT_star,BFMT*,11,main_abstract_official_benchmark.log,3908945573,800,60,6,exact_solution,true,true,false,13.9518,668.151,0.83518875,true,13.9518,13.9518,668.151,false
main,Abstract,Abstract,BFMT_star,BFMT*,12,main_abstract_official_benchmark.log,3908945573,800,60,6,exact_solution,true,true,false,10.0677,638.275,0.79784375,true,10.0677,10.0677,638.275,false
main,Abstract,Abstract,BFMT_star,BFMT*,13,main_abstract_official_benchmark.log,3908945573,800,60,6,exact_solution,true,true,false,9.28901,863.873,1.07984125,false,,9.28901,863.873,false
main,Abstract,Abstract,BFMT_star,BFMT*,14,main_abstract_official_benchmark.log,3908945573,800,60,6,exact_solution,true,true,false,8.28298,628.074,0.7850925,true,8.28298,8.28298,628.074,false
main,Abstract,Abstract,BFMT_star,BFMT*,15,main_abstract_official_benchmark.log,3908945573,800,60,6,exact_solution,true,true,false,8.52617,613.87,0.7673375,true,8.52617,8.52617,613.87,false
main,Abstract,Abstract,BFMT_star,BFMT*,16,main_abstract_official_benchmark.log,3908945573,800,60,6,exact_solution,true,true,false,8.56478,626.777,0.78347125,true,8.56478,8.56478,626.777,false
main,Abstract,Abstract,BFMT_star,BFMT*,17,main_abstract_official_benchmark.log,3908945573,800,60,6,exact_solution,true,true,false,13.6371,751.476,0.939345,true,13.6371,13.6371,751.476,false
main,Abstract,Abstract,BFMT_star,BFMT*,18,main_abstract_official_benchmark.log,3908945573,800,60,6,exact_solution,true,true,false,9.90158,681.089,0.85136125,true,9.90158,9.90158,681.089,false
main,Abstract,Abstract,BFMT_star,BFMT*,19,main_abstract_official_benchmark.log,3908945573,800,60,6,exact_solution,true,true,false,0.68221,569.722,0.7121525,true,0.68221,0.68221,569.722,false
main,Abstract,Abstract,BFMT_star,BFMT*,20,main_abstract_official_benchmark.log,3908945573,800,60,6,exact_solution,true,true,false,6.04277,570.432,0.71304,true,6.04277,6.04277,570.432,false
main,Abstract,Abstract,BFMT_star,BFMT*,21,main_abstract_official_benchmark.log,3908945573,800,60,6,exact_solution,true,true,false,7.56837,605.477,0.75684625,true,7.56837,7.56837,605.477,false
main,Abstract,Abstract,BFMT_star,BFMT*,22,main_abstract_official_benchmark.log,3908945573,800,60,6,exact_solution,true,true,false,9.55549,734.355,0.91794375,true,9.55549,9.55549,734.355,false
main,Abstract,Abstract,BFMT_star,BFMT*,23,main_abstract_official_benchmark.log,3908945573,800,60,6,exact_solution,true,true,false,2.80988,651.946,0.8149325,true,2.80988,2.80988,651.946,false
main,Abstract,Abstract,BFMT_star,BFMT*,24,main_abstract_official_benchmark.log,3908945573,800,60,6,exact_solution,true,true,false,4.59461,601.607,0.75200875,true,4.59461,4.59461,601.607,false
main,Abstract,Abstract,BFMT_star,BFMT*,25,main_abstract_official_benchmark.log,3908945573,800,60,6,exact_solution,true,true,false,6.04281,826.699,1.03337375,false,,6.04281,826.699,false
main,Abstract,Abstract,BFMT_star,BFMT*,26,main_abstract_official_benchmark.log,3908945573,800,60,6,exact_solution,true,true,false,2.50617,630.929,0.78866125,true,2.50617,2.50617,630.929,false
main,Abstract,Abstract,BFMT_star,BFMT*,27,main_abstract_official_benchmark.log,3908945573,800,60,6,exact_solution,true,true,false,3.85173,630.785,0.78848125,true,3.85173,3.85173,630.785,false
main,Abstract,Abstract,BFMT_star,BFMT*,28,main_abstract_official_benchmark.log,3908945573,800,60,6,exact_solution,true,true,false,6.67794,582.947,0.72868375,true,6.67794,6.67794,582.947,false
main,Abstract,Abstract,BFMT_star,BFMT*,29,main_abstract_official_benchmark.log,3908945573,800,60,6,exact_solution,true,true,false,2.79823,708.332,0.885415,true,2.79823,2.79823,708.332,false
main,Abstract,Abstract,BFMT_star,BFMT*,30,main_abstract_official_benchmark.log,3908945573,800,60,6,exact_solution,true,true,false,12.9046,546.411,0.68301375,true,12.9046,12.9046,546.411,false
main,Abstract,Abstract,BFMT_star,BFMT*,31,main_abstract_official_benchmark.log,3908945573,800,60,6,exact_solution,true,true,false,12.0013,699.604,0.874505,true,12.0013,12.0013,699.604,false
main,Abstract,Abstract,BFMT_star,BFMT*,32,main_abstract_official_benchmark.log,3908945573,800,60,6,exact_solution,true,true,false,3.31025,615.492,0.769365,true,3.31025,3.31025,615.492,false
main,Abstract,Abstract,BFMT_star,BFMT*,33,main_abstract_official_benchmark.log,3908945573,800,60,6,exact_solution,true,true,false,5.65781,605.943,0.75742875,true,5.65781,5.65781,605.943,false
main,Abstract,Abstract,BFMT_star,BFMT*,34,main_abstract_official_benchmark.log,3908945573,800,60,6,exact_solution,true,true,false,14.1848,734.469,0.91808625,true,14.1848,14.1848,734.469,false
main,Abstract,Abstract,BFMT_star,BFMT*,35,main_abstract_official_benchmark.log,3908945573,800,60,6,exact_solution,true,true,false,15.3046,621.218,0.7765225,true,15.3046,15.3046,621.218,false
main,Abstract,Abstract,BFMT_star,BFMT*,36,main_abstract_official_benchmark.log,3908945573,800,60,6,exact_solution,true,true,false,5.61634,531.139,0.66392375,true,5.61634,5.61634,531.139,false
main,Abstract,Abstract,BFMT_star,BFMT*,37,main_abstract_official_benchmark.log,3908945573,800,60,6,exact_solution,true,true,false,15.4815,736.643,0.92080375,true,15.4815,15.4815,736.643,false
main,Abstract,Abstract,BFMT_star,BFMT*,38,main_abstract_official_benchmark.log,3908945573,800,60,6,exact_solution,true,true,false,7.3345,595.374,0.7442175,true,7.3345,7.3345,595.374,false
main,Abstract,Abstract,BFMT_star,BFMT*,39,main_abstract_official_benchmark.log,3908945573,800,60,6,exact_solution,true,true,false,2.09869,585.058,0.7313225,true,2.09869,2.09869,585.058,false
main,Abstract,Abstract,BFMT_star,BFMT*,40,main_abstract_official_benchmark.log,3908945573,800,60,6,exact_solution,true,true,false,16.5737,624.598,0.7807475,true,16.5737,16.5737,624.598,false
main,Abstract,Abstract,BFMT_star,BFMT*,41,main_abstract_official_benchmark.log,3908945573,800,60,6,exact_solution,true,true,false,3.47464,667.2,0.834,true,3.47464,3.47464,667.2,false
main,Abstract,Abstract,BFMT_star,BFMT*,42,main_abstract_official_benchmark.log,3908945573,800,60,6,exact_solution,true,true,false,12.0238,619.117,0.77389625,true,12.0238,12.0238,619.117,false
main,Abstract,Abstract,BFMT_star,BFMT*,43,main_abstract_official_benchmark.log,3908945573,800,60,6,exact_solution,true,true,false,1.03811,607.876,0.759845,true,1.03811,1.03811,607.876,false
main,Abstract,Abstract,BFMT_star,BFMT*,44,main_abstract_official_benchmark.log,3908945573,800,60,6,exact_solution,true,true,false,3.1692,625.641,0.78205125,true,3.1692,3.1692,625.641,false
main,Abstract,Abstract,BFMT_star,BFMT*,45,main_abstract_official_benchmark.log,3908945573,800,60,6,exact_solution,true,true,false,4.73658,598.913,0.74864125,true,4.73658,4.73658,598.913,false
main,Abstract,Abstract,BFMT_star,BFMT*,46,main_abstract_official_benchmark.log,3908945573,800,60,6,exact_solution,true,true,false,3.27028,542.221,0.67777625,true,3.27028,3.27028,542.221,false
main,Abstract,Abstract,BFMT_star,BFMT*,47,main_abstract_official_benchmark.log,3908945573,800,60,6,exact_solution,true,true,false,18.4691,598.742,0.7484275,true,18.4691,18.4691,598.742,false
main,Abstract,Abstract,BFMT_star,BFMT*,48,main_abstract_official_benchmark.log,3908945573,800,60,6,exact_solution,true,true,false,25.1566,688.52,0.86065,true,25.1566,25.1566,688.52,false
main,Abstract,Abstract,BFMT_star,BFMT*,49,main_abstract_official_benchmark.log,3908945573,800,60,6,exact_solution,true,true,false,11.4179,743.945,0.92993125,true,11.4179,11.4179,743.945,false
main,Abstract,Abstract,BFMT_star,BFMT*,50,main_abstract_official_benchmark.log,3908945573,800,60,6,exact_solution,true,true,false,2.68916,607.757,0.75969625,true,2.68916,2.68916,607.757,false
main,Abstract,Abstract,kBITstar,BIT*,1,main_abstract_official_benchmark.log,3908945573,800,60,6,exact_solution,true,true,false,1.73048,559.495,0.69936875,true,1.73048,1.73048,559.495,false
main,Abstract,Abstract,kBITstar,BIT*,2,main_abstract_official_benchmark.log,3908945573,800,60,6,exact_solution,true,true,false,1.81804,521.656,0.65207,true,1.81804,1.81804,521.656,false
main,Abstract,Abstract,kBITstar,BIT*,3,main_abstract_official_benchmark.log,3908945573,800,60,6,exact_solution,true,true,false,3.19082,618.335,0.77291875,true,3.19082,3.19082,618.335,false
main,Abstract,Abstract,kBITstar,BIT*,4,main_abstract_official_benchmark.log,3908945573,800,60,6,exact_solution,true,true,false,4.51309,572.893,0.71611625,true,4.51309,4.51309,572.893,false
main,Abstract,Abstract,kBITstar,BIT*,5,main_abstract_official_benchmark.log,3908945573,800,60,6,exact_solution,true,true,false,3.30797,637.524,0.796905,true,3.30797,3.30797,637.524,false
main,Abstract,Abstract,kBITstar,BIT*,6,main_abstract_official_benchmark.log,3908945573,800,60,6,exact_solution,true,true,false,1.34559,641.766,0.8022075,true,1.34559,1.34559,641.766,false
main,Abstract,Abstract,kBITstar,BIT*,7,main_abstract_official_benchmark.log,3908945573,800,60,6,exact_solution,true,true,false,2.39685,531.408,0.66426,true,2.39685,2.39685,531.408,false
main,Abstract,Abstract,kBITstar,BIT*,8,main_abstract_official_benchmark.log,3908945573,800,60,6,exact_solution,true,true,false,2.55933,618.187,0.77273375,true,2.55933,2.55933,618.187,false
main,Abstract,Abstract,kBITstar,BIT*,9,main_abstract_official_benchmark.log,3908945573,800,60,6,exact_solution,true,true,false,7.3855,532.546,0.6656825,true,7.3855,7.3855,532.546,false
main,Abstract,Abstract,kBITstar,BIT*,10,main_abstract_official_benchmark.log,3908945573,800,60,6,exact_solution,true,true,false,2.32077,555.135,0.69391875,true,2.32077,2.32077,555.135,false
main,Abstract,Abstract,kBITstar,BIT*,11,main_abstract_official_benchmark.log,3908945573,800,60,6,exact_solution,true,true,false,16.6097,575.36,0.7192,true,16.6097,16.6097,575.36,false
main,Abstract,Abstract,kBITstar,BIT*,12,main_abstract_official_benchmark.log,3908945573,800,60,6,exact_solution,true,true,false,4.6604,683.459,0.85432375,true,4.6604,4.6604,683.459,false
main,Abstract,Abstract,kBITstar,BIT*,13,main_abstract_official_benchmark.log,3908945573,800,60,6,exact_solution,true,true,false,2.45591,592.719,0.74089875,true,2.45591,2.45591,592.719,false
main,Abstract,Abstract,kBITstar,BIT*,14,main_abstract_official_benchmark.log,3908945573,800,60,6,exact_solution,true,true,false,2.00349,572.214,0.7152675,true,2.00349,2.00349,572.214,false
main,Abstract,Abstract,kBITstar,BIT*,15,main_abstract_official_benchmark.log,3908945573,800,60,6,exact_solution,true,true,false,1.16245,603.586,0.7544825,true,1.16245,1.16245,603.586,false
main,Abstract,Abstract,kBITstar,BIT*,16,main_abstract_official_benchmark.log,3908945573,800,60,6,exact_solution,true,true,false,5.85424,659.493,0.82436625,true,5.85424,5.85424,659.493,false
main,Abstract,Abstract,kBITstar,BIT*,17,main_abstract_official_benchmark.log,3908945573,800,60,6,exact_solution,true,true,false,2.89386,554.348,0.692935,true,2.89386,2.89386,554.348,false
main,Abstract,Abstract,kBITstar,BIT*,18,main_abstract_official_benchmark.log,3908945573,800,60,6,exact_solution,true,true,false,4.51505,754.793,0.94349125,true,4.51505,4.51505,754.793,false
main,Abstract,Abstract,kBITstar,BIT*,19,main_abstract_official_benchmark.log,3908945573,800,60,6,exact_solution,true,true,false,3.20636,545.697,0.68212125,true,3.20636,3.20636,545.697,false
main,Abstract,Abstract,kBITstar,BIT*,20,main_abstract_official_benchmark.log,3908945573,800,60,6,exact_solution,true,true,false,12.8113,561.806,0.7022575,true,12.8113,12.8113,561.806,false
main,Abstract,Abstract,kBITstar,BIT*,21,main_abstract_official_benchmark.log,3908945573,800,60,6,exact_solution,true,true,false,5.03903,551.207,0.68900875,true,5.03903,5.03903,551.207,false
main,Abstract,Abstract,kBITstar,BIT*,22,main_abstract_official_benchmark.log,3908945573,800,60,6,exact_solution,true,true,false,10.3379,610.019,0.76252375,true,10.3379,10.3379,610.019,false
main,Abstract,Abstract,kBITstar,BIT*,23,main_abstract_official_benchmark.log,3908945573,800,60,6,exact_solution,true,true,false,1.74306,761.187,0.95148375,true,1.74306,1.74306,761.187,false
main,Abstract,Abstract,kBITstar,BIT*,24,main_abstract_official_benchmark.log,3908945573,800,60,6,exact_solution,true,true,false,1.84473,567.397,0.70924625,true,1.84473,1.84473,567.397,false
main,Abstract,Abstract,kBITstar,BIT*,25,main_abstract_official_benchmark.log,3908945573,800,60,6,exact_solution,true,true,false,4.79259,575.956,0.719945,true,4.79259,4.79259,575.956,false
main,Abstract,Abstract,kBITstar,BIT*,26,main_abstract_official_benchmark.log,3908945573,800,60,6,exact_solution,true,true,false,17.6681,774.101,0.96762625,true,17.6681,17.6681,774.101,false
main,Abstract,Abstract,kBITstar,BIT*,27,main_abstract_official_benchmark.log,3908945573,800,60,6,exact_solution,true,true,false,11.6834,635.333,0.79416625,true,11.6834,11.6834,635.333,false
main,Abstract,Abstract,kBITstar,BIT*,28,main_abstract_official_benchmark.log,3908945573,800,60,6,exact_solution,true,true,false,7.20596,517.325,0.64665625,true,7.20596,7.20596,517.325,false
main,Abstract,Abstract,kBITstar,BIT*,29,main_abstract_official_benchmark.log,3908945573,800,60,6,exact_solution,true,true,false,2.46546,601.976,0.75247,true,2.46546,2.46546,601.976,false
main,Abstract,Abstract,kBITstar,BIT*,30,main_abstract_official_benchmark.log,3908945573,800,60,6,exact_solution,true,true,false,2.77414,545.308,0.681635,true,2.77414,2.77414,545.308,false
main,Abstract,Abstract,kBITstar,BIT*,31,main_abstract_official_benchmark.log,3908945573,800,60,6,exact_solution,true,true,false,2.73042,639.621,0.79952625,true,2.73042,2.73042,639.621,false
main,Abstract,Abstract,kBITstar,BIT*,32,main_abstract_official_benchmark.log,3908945573,800,60,6,exact_solution,true,true,false,8.83721,559.229,0.69903625,true,8.83721,8.83721,559.229,false
main,Abstract,Abstract,kBITstar,BIT*,33,main_abstract_official_benchmark.log,3908945573,800,60,6,exact_solution,true,true,false,1.69971,544.893,0.68111625,true,1.69971,1.69971,544.893,false
main,Abstract,Abstract,kBITstar,BIT*,34,main_abstract_official_benchmark.log,3908945573,800,60,6,exact_solution,true,true,false,1.16942,582.902,0.7286275,true,1.16942,1.16942,582.902,false
main,Abstract,Abstract,kBITstar,BIT*,35,main_abstract_official_benchmark.log,3908945573,800,60,6,exact_solution,true,true,false,2.14655,596.24,0.7453,true,2.14655,2.14655,596.24,false
main,Abstract,Abstract,kBITstar,BIT*,36,main_abstract_official_benchmark.log,3908945573,800,60,6,exact_solution,true,true,false,10.8218,522.047,0.65255875,true,10.8218,10.8218,522.047,false
main,Abstract,Abstract,kBITstar,BIT*,37,main_abstract_official_benchmark.log,3908945573,800,60,6,exact_solution,true,true,false,60.2495,875.725,1.09465625,false,,60.2495,875.725,false
main,Abstract,Abstract,kBITstar,BIT*,38,main_abstract_official_benchmark.log,3908945573,800,60,6,exact_solution,true,true,false,14.7334,759.908,0.949885,true,14.7334,14.7334,759.908,false
main,Abstract,Abstract,kBITstar,BIT*,39,main_abstract_official_benchmark.log,3908945573,800,60,6,exact_solution,true,true,false,1.40017,576.898,0.7211225,true,1.40017,1.40017,576.898,false
main,Abstract,Abstract,kBITstar,BIT*,40,main_abstract_official_benchmark.log,3908945573,800,60,6,exact_solution,true,true,false,4.9035,638.682,0.7983525,true,4.9035,4.9035,638.682,false
main,Abstract,Abstract,kBITstar,BIT*,41,main_abstract_official_benchmark.log,3908945573,800,60,6,exact_solution,true,true,false,1.45693,578.863,0.72357875,true,1.45693,1.45693,578.863,false
main,Abstract,Abstract,kBITstar,BIT*,42,main_abstract_official_benchmark.log,3908945573,800,60,6,exact_solution,true,true,false,2.36276,625.84,0.7823,true,2.36276,2.36276,625.84,false
main,Abstract,Abstract,kBITstar,BIT*,43,main_abstract_official_benchmark.log,3908945573,800,60,6,exact_solution,true,true,false,1.20543,593.419,0.74177375,true,1.20543,1.20543,593.419,false
main,Abstract,Abstract,kBITstar,BIT*,44,main_abstract_official_benchmark.log,3908945573,800,60,6,exact_solution,true,true,false,4.13078,519.988,0.649985,true,4.13078,4.13078,519.988,false
main,Abstract,Abstract,kBITstar,BIT*,45,main_abstract_official_benchmark.log,3908945573,800,60,6,exact_solution,true,true,false,5.73707,547.996,0.684995,true,5.73707,5.73707,547.996,false
main,Abstract,Abstract,kBITstar,BIT*,46,main_abstract_official_benchmark.log,3908945573,800,60,6,exact_solution,true,true,false,15.4701,534.254,0.6678175,true,15.4701,15.4701,534.254,false
main,Abstract,Abstract,kBITstar,BIT*,47,main_abstract_official_benchmark.log,3908945573,800,60,6,exact_solution,true,true,false,2.20828,556.844,0.696055,true,2.20828,2.20828,556.844,false
main,Abstract,Abstract,kBITstar,BIT*,48,main_abstract_official_benchmark.log,3908945573,800,60,6,exact_solution,true,true,false,1.27195,598.653,0.74831625,true,1.27195,1.27195,598.653,false
main,Abstract,Abstract,kBITstar,BIT*,49,main_abstract_official_benchmark.log,3908945573,800,60,6,exact_solution,true,true,false,2.15085,556.977,0.69622125,true,2.15085,2.15085,556.977,false
main,Abstract,Abstract,kBITstar,BIT*,50,main_abstract_official_benchmark.log,3908945573,800,60,6,exact_solution,true,true,false,4.63569,541.003,0.67625375,true,4.63569,4.63569,541.003,false
main,Abstract,Abstract,InformedRRTstar,Informed RRT*,1,main_abstract_official_benchmark.log,3908945573,800,60,5,approximate_solution,false,false,true,60.1287,,,false,,,,true
main,Abstract,Abstract,InformedRRTstar,Informed RRT*,2,main_abstract_official_benchmark.log,3908945573,800,60,6,exact_solution,true,true,false,59.118,709.273631,0.88659203875,true,59.1149,59.1149,709.273631,true
main,Abstract,Abstract,InformedRRTstar,Informed RRT*,3,main_abstract_official_benchmark.log,3908945573,800,60,5,approximate_solution,false,false,true,60.1517,,,false,,,,true
main,Abstract,Abstract,InformedRRTstar,Informed RRT*,4,main_abstract_official_benchmark.log,3908945573,800,60,5,approximate_solution,false,false,true,60.0934,,,false,,,,true
main,Abstract,Abstract,InformedRRTstar,Informed RRT*,5,main_abstract_official_benchmark.log,3908945573,800,60,6,exact_solution,true,true,false,7.93236,686.383253,0.85797906625,true,7.93236,7.93236,686.383253,true
main,Abstract,Abstract,InformedRRTstar,Informed RRT*,6,main_abstract_official_benchmark.log,3908945573,800,60,5,approximate_solution,false,false,true,60.1312,,,false,,,,true
main,Abstract,Abstract,InformedRRTstar,Informed RRT*,7,main_abstract_official_benchmark.log,3908945573,800,60,6,exact_solution,true,true,false,58.2965,548.445583,0.68555697875,true,58.2965,58.2965,548.445583,true
main,Abstract,Abstract,InformedRRTstar,Informed RRT*,8,main_abstract_official_benchmark.log,3908945573,800,60,5,approximate_solution,false,false,true,60.1208,,,false,,,,true
main,Abstract,Abstract,InformedRRTstar,Informed RRT*,9,main_abstract_official_benchmark.log,3908945573,800,60,5,approximate_solution,false,false,true,60.1179,,,false,,,,true
main,Abstract,Abstract,InformedRRTstar,Informed RRT*,10,main_abstract_official_benchmark.log,3908945573,800,60,6,exact_solution,true,true,false,22.5998,607.041874,0.7588023425,true,22.5998,22.5998,607.041874,true
main,Abstract,Abstract,InformedRRTstar,Informed RRT*,11,main_abstract_official_benchmark.log,3908945573,800,60,6,exact_solution,true,true,false,34.5612,517.116526,0.6463956575,true,34.5612,34.5612,517.116526,true
main,Abstract,Abstract,InformedRRTstar,Informed RRT*,12,main_abstract_official_benchmark.log,3908945573,800,60,6,exact_solution,true,true,false,34.2661,622.494947,0.77811868375,true,34.2661,34.2661,622.494947,true
main,Abstract,Abstract,InformedRRTstar,Informed RRT*,13,main_abstract_official_benchmark.log,3908945573,800,60,6,exact_solution,true,true,false,53.5909,620.847351,0.77605918875,true,53.5881,53.5881,620.847351,true
main,Abstract,Abstract,InformedRRTstar,Informed RRT*,14,main_abstract_official_benchmark.log,3908945573,800,60,5,approximate_solution,false,false,true,60.0949,,,false,,,,true
main,Abstract,Abstract,InformedRRTstar,Informed RRT*,15,main_abstract_official_benchmark.log,3908945573,800,60,5,approximate_solution,false,false,true,60.1198,,,false,,,,true
main,Abstract,Abstract,InformedRRTstar,Informed RRT*,16,main_abstract_official_benchmark.log,3908945573,800,60,5,approximate_solution,false,false,true,60.0053,,,false,,,,true
main,Abstract,Abstract,InformedRRTstar,Informed RRT*,17,main_abstract_official_benchmark.log,3908945573,800,60,6,exact_solution,true,true,false,40.2642,723.267837,0.90408479625,true,40.2596,40.2596,723.267837,true
main,Abstract,Abstract,InformedRRTstar,Informed RRT*,18,main_abstract_official_benchmark.log,3908945573,800,60,5,approximate_solution,false,false,true,60.1325,,,false,,,,true
main,Abstract,Abstract,InformedRRTstar,Informed RRT*,19,main_abstract_official_benchmark.log,3908945573,800,60,5,approximate_solution,false,false,true,60.1074,,,false,,,,true
main,Abstract,Abstract,InformedRRTstar,Informed RRT*,20,main_abstract_official_benchmark.log,3908945573,800,60,5,approximate_solution,false,false,true,60.1342,,,false,,,,true
main,Abstract,Abstract,InformedRRTstar,Informed RRT*,21,main_abstract_official_benchmark.log,3908945573,800,60,5,approximate_solution,false,false,true,60.1252,,,false,,,,true
main,Abstract,Abstract,InformedRRTstar,Informed RRT*,22,main_abstract_official_benchmark.log,3908945573,800,60,5,approximate_solution,false,false,true,60.1257,,,false,,,,true
main,Abstract,Abstract,InformedRRTstar,Informed RRT*,23,main_abstract_official_benchmark.log,3908945573,800,60,5,approximate_solution,false,false,true,60.1482,,,false,,,,true
main,Abstract,Abstract,InformedRRTstar,Informed RRT*,24,main_abstract_official_benchmark.log,3908945573,800,60,5,approximate_solution,false,false,true,60.1495,,,false,,,,true
main,Abstract,Abstract,InformedRRTstar,Informed RRT*,25,main_abstract_official_benchmark.log,3908945573,800,60,5,approximate_solution,false,false,true,60.1391,,,false,,,,true
main,Abstract,Abstract,InformedRRTstar,Informed RRT*,26,main_abstract_official_benchmark.log,3908945573,800,60,5,approximate_solution,false,false,true,60.1421,,,false,,,,true
main,Abstract,Abstract,InformedRRTstar,Informed RRT*,27,main_abstract_official_benchmark.log,3908945573,800,60,6,exact_solution,true,true,false,19.3871,587.97115,0.7349639375,true,19.3871,19.3871,587.97115,true
main,Abstract,Abstract,InformedRRTstar,Informed RRT*,28,main_abstract_official_benchmark.log,3908945573,800,60,5,approximate_solution,false,false,true,60.1431,,,false,,,,true
main,Abstract,Abstract,InformedRRTstar,Informed RRT*,29,main_abstract_official_benchmark.log,3908945573,800,60,5,approximate_solution,false,false,true,60.1534,,,false,,,,true
main,Abstract,Abstract,InformedRRTstar,Informed RRT*,30,main_abstract_official_benchmark.log,3908945573,800,60,5,approximate_solution,false,false,true,60.1409,,,false,,,,true
main,Abstract,Abstract,InformedRRTstar,Informed RRT*,31,main_abstract_official_benchmark.log,3908945573,800,60,5,approximate_solution,false,false,true,60.0072,,,false,,,,true
main,Abstract,Abstract,InformedRRTstar,Informed RRT*,32,main_abstract_official_benchmark.log,3908945573,800,60,6,exact_solution,true,true,false,11.3769,533.254707,0.66656838375,true,11.3769,11.3769,533.254707,true
main,Abstract,Abstract,InformedRRTstar,Informed RRT*,33,main_abstract_official_benchmark.log,3908945573,800,60,6,exact_solution,true,true,false,9.7102,776.665059,0.97083132375,true,9.7102,9.7102,776.665059,true
main,Abstract,Abstract,InformedRRTstar,Informed RRT*,34,main_abstract_official_benchmark.log,3908945573,800,60,6,exact_solution,true,true,false,44.3365,630.885331,0.78860666375,true,44.3314,44.3314,630.885331,true
main,Abstract,Abstract,InformedRRTstar,Informed RRT*,35,main_abstract_official_benchmark.log,3908945573,800,60,6,exact_solution,true,true,false,36.0034,645.387491,0.80673436375,true,36.0021,36.0021,645.387491,true
main,Abstract,Abstract,InformedRRTstar,Informed RRT*,36,main_abstract_official_benchmark.log,3908945573,800,60,6,exact_solution,true,true,false,53.7295,666.336066,0.8329200825,true,53.7294,53.7294,666.336066,true
main,Abstract,Abstract,InformedRRTstar,Informed RRT*,37,main_abstract_official_benchmark.log,3908945573,800,60,5,approximate_solution,false,false,true,60.0051,,,false,,,,true
main,Abstract,Abstract,InformedRRTstar,Informed RRT*,38,main_abstract_official_benchmark.log,3908945573,800,60,5,approximate_solution,false,false,true,60.0067,,,false,,,,true
main,Abstract,Abstract,InformedRRTstar,Informed RRT*,39,main_abstract_official_benchmark.log,3908945573,800,60,6,exact_solution,true,true,false,2.99547,769.849344,0.96231168,true,2.99547,2.98399,1019.767678,true
main,Abstract,Abstract,InformedRRTstar,Informed RRT*,40,main_abstract_official_benchmark.log,3908945573,800,60,5,approximate_solution,false,false,true,60.0535,,,false,,,,true
main,Abstract,Abstract,InformedRRTstar,Informed RRT*,41,main_abstract_official_benchmark.log,3908945573,800,60,5,approximate_solution,false,false,true,60.1139,,,false,,,,true
main,Abstract,Abstract,InformedRRTstar,Informed RRT*,42,main_abstract_official_benchmark.log,3908945573,800,60,5,approximate_solution,false,false,true,60.1425,,,false,,,,true
main,Abstract,Abstract,InformedRRTstar,Informed RRT*,43,main_abstract_official_benchmark.log,3908945573,800,60,5,approximate_solution,false,false,true,60.1359,,,false,,,,true
main,Abstract,Abstract,InformedRRTstar,Informed RRT*,44,main_abstract_official_benchmark.log,3908945573,800,60,5,approximate_solution,false,false,true,60.0086,,,false,,,,true
main,Abstract,Abstract,InformedRRTstar,Informed RRT*,45,main_abstract_official_benchmark.log,3908945573,800,60,5,approximate_solution,false,false,true,60.0152,,,false,,,,true
main,Abstract,Abstract,InformedRRTstar,Informed RRT*,46,main_abstract_official_benchmark.log,3908945573,800,60,6,exact_solution,true,true,false,2.90237,657.212273,0.82151534125,true,2.90237,2.90237,657.212273,true
main,Abstract,Abstract,InformedRRTstar,Informed RRT*,47,main_abstract_official_benchmark.log,3908945573,800,60,5,approximate_solution,false,false,true,60.0168,,,false,,,,true
main,Abstract,Abstract,InformedRRTstar,Informed RRT*,48,main_abstract_official_benchmark.log,3908945573,800,60,5,approximate_solution,false,false,true,60.1499,,,false,,,,true
main,Abstract,Abstract,InformedRRTstar,Informed RRT*,49,main_abstract_official_benchmark.log,3908945573,800,60,5,approximate_solution,false,false,true,60.0051,,,false,,,,true
main,Abstract,Abstract,InformedRRTstar,Informed RRT*,50,main_abstract_official_benchmark.log,3908945573,800,60,5,approximate_solution,false,false,true,60.0132,,,false,,,,true
main,Apartment_hard,Apartment_hard,DAFMT_star,PEBFMT*,1,main_apartment_hard_official_benchmark.log,3985853341,560,60,6,exact_solution,true,true,false,2.69982,470.434087,0.840060869642857,true,2.0758,2.0758,517.963378,true
main,Apartment_hard,Apartment_hard,DAFMT_star,PEBFMT*,2,main_apartment_hard_official_benchmark.log,3985853341,560,60,6,exact_solution,true,true,false,8.62855,408.976567,0.730315298214286,true,4.7659,4.7659,409.841048,true
main,Apartment_hard,Apartment_hard,DAFMT_star,PEBFMT*,3,main_apartment_hard_official_benchmark.log,3985853341,560,60,6,exact_solution,true,true,false,2.02771,456.508641,0.815194001785714,true,1.52358,1.52358,457.175123,true
main,Apartment_hard,Apartment_hard,DAFMT_star,PEBFMT*,4,main_apartment_hard_official_benchmark.log,3985853341,560,60,6,exact_solution,true,true,false,2.38337,542.760081,0.969214430357143,true,1.87939,1.87939,544.607784,true
main,Apartment_hard,Apartment_hard,DAFMT_star,PEBFMT*,5,main_apartment_hard_official_benchmark.log,3985853341,560,60,6,exact_solution,true,true,false,2.83117,446.912754,0.798058489285714,true,1.46201,1.46201,456.005509,true
main,Apartment_hard,Apartment_hard,DAFMT_star,PEBFMT*,6,main_apartment_hard_official_benchmark.log,3985853341,560,60,6,exact_solution,true,true,false,2.49889,544.896935,0.973030241071429,true,1.49305,1.49305,545.870225,true
main,Apartment_hard,Apartment_hard,DAFMT_star,PEBFMT*,7,main_apartment_hard_official_benchmark.log,3985853341,560,60,6,exact_solution,true,true,false,2.97409,451.27648,0.805850857142857,true,2.32329,2.32329,466.894611,true
main,Apartment_hard,Apartment_hard,DAFMT_star,PEBFMT*,8,main_apartment_hard_official_benchmark.log,3985853341,560,60,6,exact_solution,true,true,false,6.86774,457.967606,0.817799296428571,true,6.86774,6.21021,601.975412,true
main,Apartment_hard,Apartment_hard,DAFMT_star,PEBFMT*,9,main_apartment_hard_official_benchmark.log,3985853341,560,60,6,exact_solution,true,true,false,2.1174,464.760214,0.829928953571429,true,1.48148,1.48148,475.612161,true
main,Apartment_hard,Apartment_hard,DAFMT_star,PEBFMT*,10,main_apartment_hard_official_benchmark.log,3985853341,560,60,6,exact_solution,true,true,false,7.42967,549.205888,0.9807248,true,7.42963,6.33889,616.767306,true
main,Apartment_hard,Apartment_hard,DAFMT_star,PEBFMT*,11,main_apartment_hard_official_benchmark.log,3985853341,560,60,6,exact_solution,true,true,false,2.3407,537.943333,0.960613094642857,true,1.79343,1.79343,539.336842,true
main,Apartment_hard,Apartment_hard,DAFMT_star,PEBFMT*,12,main_apartment_hard_official_benchmark.log,3985853341,560,60,6,exact_solution,true,true,false,2.86436,525.108491,0.937693733928571,true,2.08422,2.08422,527.579679,true
main,Apartment_hard,Apartment_hard,DAFMT_star,PEBFMT*,13,main_apartment_hard_official_benchmark.log,3985853341,560,60,6,exact_solution,true,true,false,2.11819,509.773645,0.910310080357143,true,1.52163,1.52163,521.99043,true
main,Apartment_hard,Apartment_hard,DAFMT_star,PEBFMT*,14,main_apartment_hard_official_benchmark.log,3985853341,560,60,6,exact_solution,true,true,false,3.87444,523.833553,0.935417058928572,true,1.95356,1.95356,546.746098,true
main,Apartment_hard,Apartment_hard,DAFMT_star,PEBFMT*,15,main_apartment_hard_official_benchmark.log,3985853341,560,60,6,exact_solution,true,true,false,14.7128,559.933696,0.9998816,true,14.7128,2.40089,629.579896,true
main,Apartment_hard,Apartment_hard,DAFMT_star,PEBFMT*,16,main_apartment_hard_official_benchmark.log,3985853341,560,60,6,exact_solution,true,true,false,6.57253,557.253546,0.995095617857143,true,6.57248,4.11424,582.714275,true
main,Apartment_hard,Apartment_hard,DAFMT_star,PEBFMT*,17,main_apartment_hard_official_benchmark.log,3985853341,560,60,6,exact_solution,true,true,false,2.73603,438.474219,0.782989676785714,true,2.14009,2.14009,441.26875,true
main,Apartment_hard,Apartment_hard,DAFMT_star,PEBFMT*,18,main_apartment_hard_official_benchmark.log,3985853341,560,60,6,exact_solution,true,true,false,3.30609,517.833756,0.924703135714286,true,2.57005,2.57005,517.907911,true
main,Apartment_hard,Apartment_hard,DAFMT_star,PEBFMT*,19,main_apartment_hard_official_benchmark.log,3985853341,560,60,6,exact_solution,true,true,false,6.40946,556.081116,0.993001992857143,true,6.40946,5.83713,560.602559,true
main,Apartment_hard,Apartment_hard,DAFMT_star,PEBFMT*,20,main_apartment_hard_official_benchmark.log,3985853341,560,60,6,exact_solution,true,true,false,2.22115,438.164342,0.782436325,true,1.63698,1.63698,455.665887,true
main,Apartment_hard,Apartment_hard,DAFMT_star,PEBFMT*,21,main_apartment_hard_official_benchmark.log,3985853341,560,60,6,exact_solution,true,true,false,7.45931,470.713514,0.840559846428571,true,7.45931,4.31856,635.218595,true
main,Apartment_hard,Apartment_hard,DAFMT_star,PEBFMT*,22,main_apartment_hard_official_benchmark.log,3985853341,560,60,6,exact_solution,true,true,false,4.42556,464.250968,0.829019585714286,true,1.96814,1.96814,465.910812,true
main,Apartment_hard,Apartment_hard,DAFMT_star,PEBFMT*,23,main_apartment_hard_official_benchmark.log,3985853341,560,60,6,exact_solution,true,true,false,2.46452,479.418023,0.8561036125,true,1.71756,1.71756,480.163393,true
main,Apartment_hard,Apartment_hard,DAFMT_star,PEBFMT*,24,main_apartment_hard_official_benchmark.log,3985853341,560,60,6,exact_solution,true,true,false,6.14082,559.407582,0.998942110714286,true,6.14075,3.43548,683.891154,true
main,Apartment_hard,Apartment_hard,DAFMT_star,PEBFMT*,25,main_apartment_hard_official_benchmark.log,3985853341,560,60,6,exact_solution,true,true,false,4.74989,487.478979,0.870498176785714,true,4.74989,2.05551,690.509137,true
main,Apartment_hard,Apartment_hard,DAFMT_star,PEBFMT*,26,main_apartment_hard_official_benchmark.log,3985853341,560,60,6,exact_solution,true,true,false,2.12097,436.342987,0.779183905357143,true,1.72195,1.72195,436.521824,true
main,Apartment_hard,Apartment_hard,DAFMT_star,PEBFMT*,27,main_apartment_hard_official_benchmark.log,3985853341,560,60,6,exact_solution,true,true,false,11.1266,537.2329,0.959344464285714,true,5.93011,5.93011,537.265359,true
main,Apartment_hard,Apartment_hard,DAFMT_star,PEBFMT*,28,main_apartment_hard_official_benchmark.log,3985853341,560,60,6,exact_solution,true,true,false,17.3285,486.723972,0.86914995,true,17.3285,3.6774,619.518908,true
main,Apartment_hard,Apartment_hard,DAFMT_star,PEBFMT*,29,main_apartment_hard_official_benchmark.log,3985853341,560,60,6,exact_solution,true,true,false,5.74441,463.118303,0.826996969642857,true,3.38347,3.38347,463.838906,true
main,Apartment_hard,Apartment_hard,DAFMT_star,PEBFMT*,30,main_apartment_hard_official_benchmark.log,3985853341,560,60,6,exact_solution,true,true,false,4.71687,543.580538,0.970679532142857,true,4.71687,2.06631,658.900354,true
main,Apartment_hard,Apartment_hard,DAFMT_star,PEBFMT*,31,main_apartment_hard_official_benchmark.log,3985853341,560,60,6,exact_solution,true,true,false,3.26418,531.12402,0.94843575,true,3.26418,2.2022,721.72624,true
main,Apartment_hard,Apartment_hard,DAFMT_star,PEBFMT*,32,main_apartment_hard_official_benchmark.log,3985853341,560,60,6,exact_solution,true,true,false,5.74478,514.758665,0.919211901785714,true,5.74478,2.86485,660.377715,true
main,Apartment_hard,Apartment_hard,DAFMT_star,PEBFMT*,33,main_apartment_hard_official_benchmark.log,3985853341,560,60,6,exact_solution,true,true,false,11.7407,559.660482,0.999393717857143,true,11.7399,3.22104,678.402628,true
main,Apartment_hard,Apartment_hard,DAFMT_star,PEBFMT*,34,main_apartment_hard_official_benchmark.log,3985853341,560,60,6,exact_solution,true,true,false,2.66017,466.800315,0.833571991071429,true,2.10032,2.10032,466.810972,true
main,Apartment_hard,Apartment_hard,DAFMT_star,PEBFMT*,35,main_apartment_hard_official_benchmark.log,3985853341,560,60,6,exact_solution,true,true,false,5.39494,458.435702,0.818635182142857,true,2.82669,2.82669,462.559339,true
main,Apartment_hard,Apartment_hard,DAFMT_star,PEBFMT*,36,main_apartment_hard_official_benchmark.log,3985853341,560,60,6,exact_solution,true,true,false,4.33362,501.053525,0.8947384375,true,1.58052,1.58052,501.078976,true
main,Apartment_hard,Apartment_hard,DAFMT_star,PEBFMT*,37,main_apartment_hard_official_benchmark.log,3985853341,560,60,6,exact_solution,true,true,false,8.14158,506.275994,0.904064275,true,3.35211,3.35211,508.267277,true
main,Apartment_hard,Apartment_hard,DAFMT_star,PEBFMT*,38,main_apartment_hard_official_benchmark.log,3985853341,560,60,6,exact_solution,true,true,false,5.70514,495.706706,0.885190546428571,true,2.94659,2.94659,496.433812,true
main,Apartment_hard,Apartment_hard,DAFMT_star,PEBFMT*,39,main_apartment_hard_official_benchmark.log,3985853341,560,60,6,exact_solution,true,true,false,9.64139,530.649372,0.947588164285714,true,9.64139,2.47333,599.3374,true
main,Apartment_hard,Apartment_hard,DAFMT_star,PEBFMT*,40,main_apartment_hard_official_benchmark.log,3985853341,560,60,6,exact_solution,true,true,false,2.1774,504.913463,0.901631183928571,true,1.61306,1.61306,506.136904,true
main,Apartment_hard,Apartment_hard,DAFMT_star,PEBFMT*,41,main_apartment_hard_official_benchmark.log,3985853341,560,60,6,exact_solution,true,true,false,4.21513,504.328298,0.900586246428571,true,2.32672,2.32672,506.227915,true
main,Apartment_hard,Apartment_hard,DAFMT_star,PEBFMT*,42,main_apartment_hard_official_benchmark.log,3985853341,560,60,6,exact_solution,true,true,false,3.53959,511.794994,0.913919632142857,true,2.97953,2.97953,513.058149,true
main,Apartment_hard,Apartment_hard,DAFMT_star,PEBFMT*,43,main_apartment_hard_official_benchmark.log,3985853341,560,60,6,exact_solution,true,true,false,5.65929,466.324729,0.832722730357143,true,3.025,3.025,468.769125,true
main,Apartment_hard,Apartment_hard,DAFMT_star,PEBFMT*,44,main_apartment_hard_official_benchmark.log,3985853341,560,60,6,exact_solution,true,true,false,2.9452,502.411062,0.897162610714286,true,2.9452,2.20684,644.709012,true
main,Apartment_hard,Apartment_hard,DAFMT_star,PEBFMT*,45,main_apartment_hard_official_benchmark.log,3985853341,560,60,6,exact_solution,true,true,false,4.16242,479.066898,0.855476603571429,true,2.04739,2.04739,487.814328,true
main,Apartment_hard,Apartment_hard,DAFMT_star,PEBFMT*,46,main_apartment_hard_official_benchmark.log,3985853341,560,60,6,exact_solution,true,true,false,2.48985,546.32712,0.975584142857143,true,2.04082,2.04082,546.615367,true
main,Apartment_hard,Apartment_hard,DAFMT_star,PEBFMT*,47,main_apartment_hard_official_benchmark.log,3985853341,560,60,6,exact_solution,true,true,false,4.97149,559.119406,0.998427510714286,true,4.97149,3.199,561.549007,true
main,Apartment_hard,Apartment_hard,DAFMT_star,PEBFMT*,48,main_apartment_hard_official_benchmark.log,3985853341,560,60,6,exact_solution,true,true,false,4.16392,540.883704,0.965863757142857,true,4.16392,2.95818,606.349564,true
main,Apartment_hard,Apartment_hard,DAFMT_star,PEBFMT*,49,main_apartment_hard_official_benchmark.log,3985853341,560,60,6,exact_solution,true,true,false,3.1732,525.353942,0.938132039285714,true,1.92808,1.92808,526.134934,true
main,Apartment_hard,Apartment_hard,DAFMT_star,PEBFMT*,50,main_apartment_hard_official_benchmark.log,3985853341,560,60,6,exact_solution,true,true,false,5.43261,416.068545,0.742979544642857,true,3.16881,3.16881,417.441163,true
main,Apartment_hard,Apartment_hard,BFMT_star,BFMT*,1,main_apartment_hard_official_benchmark.log,3985853341,560,60,6,exact_solution,true,true,false,2.51975,450.546,0.804546428571429,true,2.51975,2.51975,450.546,false
main,Apartment_hard,Apartment_hard,BFMT_star,BFMT*,2,main_apartment_hard_official_benchmark.log,3985853341,560,60,6,exact_solution,true,true,false,2.14984,501.649,0.895801785714286,true,2.14984,2.14984,501.649,false
main,Apartment_hard,Apartment_hard,BFMT_star,BFMT*,3,main_apartment_hard_official_benchmark.log,3985853341,560,60,6,exact_solution,true,true,false,1.91539,472.358,0.843496428571429,true,1.91539,1.91539,472.358,false
main,Apartment_hard,Apartment_hard,BFMT_star,BFMT*,4,main_apartment_hard_official_benchmark.log,3985853341,560,60,6,exact_solution,true,true,false,1.7741,527.182,0.941396428571429,true,1.7741,1.7741,527.182,false
main,Apartment_hard,Apartment_hard,BFMT_star,BFMT*,5,main_apartment_hard_official_benchmark.log,3985853341,560,60,6,exact_solution,true,true,false,2.82493,559.199,0.998569642857143,true,2.82493,2.82493,559.199,false
main,Apartment_hard,Apartment_hard,BFMT_star,BFMT*,6,main_apartment_hard_official_benchmark.log,3985853341,560,60,6,exact_solution,true,true,false,3.13886,455.499,0.813391071428571,true,3.13886,3.13886,455.499,false
main,Apartment_hard,Apartment_hard,BFMT_star,BFMT*,7,main_apartment_hard_official_benchmark.log,3985853341,560,60,6,exact_solution,true,true,false,1.59451,438.637,0.783280357142857,true,1.59451,1.59451,438.637,false
main,Apartment_hard,Apartment_hard,BFMT_star,BFMT*,8,main_apartment_hard_official_benchmark.log,3985853341,560,60,6,exact_solution,true,true,false,6.08144,633.493,1.1312375,false,,6.08144,633.493,false
main,Apartment_hard,Apartment_hard,BFMT_star,BFMT*,9,main_apartment_hard_official_benchmark.log,3985853341,560,60,6,exact_solution,true,true,false,2.82435,538.006,0.960725,true,2.82435,2.82435,538.006,false
main,Apartment_hard,Apartment_hard,BFMT_star,BFMT*,10,main_apartment_hard_official_benchmark.log,3985853341,560,60,6,exact_solution,true,true,false,2.38768,655.879,1.1712125,false,,2.38768,655.879,false
main,Apartment_hard,Apartment_hard,BFMT_star,BFMT*,11,main_apartment_hard_official_benchmark.log,3985853341,560,60,6,exact_solution,true,true,false,1.98439,706.209,1.2610875,false,,1.98439,706.209,false
main,Apartment_hard,Apartment_hard,BFMT_star,BFMT*,12,main_apartment_hard_official_benchmark.log,3985853341,560,60,6,exact_solution,true,true,false,1.82754,591.379,1.05603392857143,false,,1.82754,591.379,false
main,Apartment_hard,Apartment_hard,BFMT_star,BFMT*,13,main_apartment_hard_official_benchmark.log,3985853341,560,60,6,exact_solution,true,true,false,1.64347,624.129,1.11451607142857,false,,1.64347,624.129,false
main,Apartment_hard,Apartment_hard,BFMT_star,BFMT*,14,main_apartment_hard_official_benchmark.log,3985853341,560,60,6,exact_solution,true,true,false,1.95005,514.996,0.919635714285714,true,1.95005,1.95005,514.996,false
main,Apartment_hard,Apartment_hard,BFMT_star,BFMT*,15,main_apartment_hard_official_benchmark.log,3985853341,560,60,6,exact_solution,true,true,false,2.11709,677.633,1.21005892857143,false,,2.11709,677.633,false
main,Apartment_hard,Apartment_hard,BFMT_star,BFMT*,16,main_apartment_hard_official_benchmark.log,3985853341,560,60,6,exact_solution,true,true,false,4.19535,577.193,1.03070178571429,false,,4.19535,577.193,false
main,Apartment_hard,Apartment_hard,BFMT_star,BFMT*,17,main_apartment_hard_official_benchmark.log,3985853341,560,60,6,exact_solution,true,true,false,1.50088,527.445,0.941866071428571,true,1.50088,1.50088,527.445,false
main,Apartment_hard,Apartment_hard,BFMT_star,BFMT*,18,main_apartment_hard_official_benchmark.log,3985853341,560,60,6,exact_solution,true,true,false,2.52781,714.709,1.27626607142857,false,,2.52781,714.709,false
main,Apartment_hard,Apartment_hard,BFMT_star,BFMT*,19,main_apartment_hard_official_benchmark.log,3985853341,560,60,6,exact_solution,true,true,false,1.53254,502.332,0.897021428571429,true,1.53254,1.53254,502.332,false
main,Apartment_hard,Apartment_hard,BFMT_star,BFMT*,20,main_apartment_hard_official_benchmark.log,3985853341,560,60,6,exact_solution,true,true,false,2.98769,643.967,1.14994107142857,false,,2.98769,643.967,false
main,Apartment_hard,Apartment_hard,BFMT_star,BFMT*,21,main_apartment_hard_official_benchmark.log,3985853341,560,60,6,exact_solution,true,true,false,6.51934,619.418,1.10610357142857,false,,6.51934,619.418,false
main,Apartment_hard,Apartment_hard,BFMT_star,BFMT*,22,main_apartment_hard_official_benchmark.log,3985853341,560,60,6,exact_solution,true,true,false,1.67368,446.203,0.796791071428571,true,1.67368,1.67368,446.203,false
main,Apartment_hard,Apartment_hard,BFMT_star,BFMT*,23,main_apartment_hard_official_benchmark.log,3985853341,560,60,6,exact_solution,true,true,false,2.95525,474.718,0.847710714285714,true,2.95525,2.95525,474.718,false
main,Apartment_hard,Apartment_hard,BFMT_star,BFMT*,24,main_apartment_hard_official_benchmark.log,3985853341,560,60,6,exact_solution,true,true,false,2.32044,558.381,0.997108928571429,true,2.32044,2.32044,558.381,false
main,Apartment_hard,Apartment_hard,BFMT_star,BFMT*,25,main_apartment_hard_official_benchmark.log,3985853341,560,60,6,exact_solution,true,true,false,2.79332,428.352,0.764914285714286,true,2.79332,2.79332,428.352,false
main,Apartment_hard,Apartment_hard,BFMT_star,BFMT*,26,main_apartment_hard_official_benchmark.log,3985853341,560,60,6,exact_solution,true,true,false,4.8694,626.694,1.11909642857143,false,,4.8694,626.694,false
main,Apartment_hard,Apartment_hard,BFMT_star,BFMT*,27,main_apartment_hard_official_benchmark.log,3985853341,560,60,6,exact_solution,true,true,false,1.7801,566.132,1.01095,false,,1.7801,566.132,false
main,Apartment_hard,Apartment_hard,BFMT_star,BFMT*,28,main_apartment_hard_official_benchmark.log,3985853341,560,60,6,exact_solution,true,true,false,3.2788,644.181,1.15032321428571,false,,3.2788,644.181,false
main,Apartment_hard,Apartment_hard,BFMT_star,BFMT*,29,main_apartment_hard_official_benchmark.log,3985853341,560,60,6,exact_solution,true,true,false,1.78695,651.037,1.16256607142857,false,,1.78695,651.037,false
main,Apartment_hard,Apartment_hard,BFMT_star,BFMT*,30,main_apartment_hard_official_benchmark.log,3985853341,560,60,6,exact_solution,true,true,false,2.90793,443.027,0.791119642857143,true,2.90793,2.90793,443.027,false
main,Apartment_hard,Apartment_hard,BFMT_star,BFMT*,31,main_apartment_hard_official_benchmark.log,3985853341,560,60,6,exact_solution,true,true,false,1.88826,558.363,0.997076785714286,true,1.88826,1.88826,558.363,false
main,Apartment_hard,Apartment_hard,BFMT_star,BFMT*,32,main_apartment_hard_official_benchmark.log,3985853341,560,60,6,exact_solution,true,true,false,5.11843,508.82,0.908607142857143,true,5.11843,5.11843,508.82,false
main,Apartment_hard,Apartment_hard,BFMT_star,BFMT*,33,main_apartment_hard_official_benchmark.log,3985853341,560,60,6,exact_solution,true,true,false,1.74287,473.062,0.844753571428571,true,1.74287,1.74287,473.062,false
main,Apartment_hard,Apartment_hard,BFMT_star,BFMT*,34,main_apartment_hard_official_benchmark.log,3985853341,560,60,6,exact_solution,true,true,false,1.78761,661.979,1.18210535714286,false,,1.78761,661.979,false
main,Apartment_hard,Apartment_hard,BFMT_star,BFMT*,35,main_apartment_hard_official_benchmark.log,3985853341,560,60,6,exact_solution,true,true,false,1.80785,505.906,0.903403571428571,true,1.80785,1.80785,505.906,false
main,Apartment_hard,Apartment_hard,BFMT_star,BFMT*,36,main_apartment_hard_official_benchmark.log,3985853341,560,60,6,exact_solution,true,true,false,2.50834,496.485,0.886580357142857,true,2.50834,2.50834,496.485,false
main,Apartment_hard,Apartment_hard,BFMT_star,BFMT*,37,main_apartment_hard_official_benchmark.log,3985853341,560,60,6,exact_solution,true,true,false,2.62528,495.289,0.884444642857143,true,2.62528,2.62528,495.289,false
main,Apartment_hard,Apartment_hard,BFMT_star,BFMT*,38,main_apartment_hard_official_benchmark.log,3985853341,560,60,6,exact_solution,true,true,false,1.92943,495.113,0.884130357142857,true,1.92943,1.92943,495.113,false
main,Apartment_hard,Apartment_hard,BFMT_star,BFMT*,39,main_apartment_hard_official_benchmark.log,3985853341,560,60,6,exact_solution,true,true,false,1.78344,498.262,0.889753571428571,true,1.78344,1.78344,498.262,false
main,Apartment_hard,Apartment_hard,BFMT_star,BFMT*,40,main_apartment_hard_official_benchmark.log,3985853341,560,60,6,exact_solution,true,true,false,3.14118,753.429,1.34540892857143,false,,3.14118,753.429,false
main,Apartment_hard,Apartment_hard,BFMT_star,BFMT*,41,main_apartment_hard_official_benchmark.log,3985853341,560,60,6,exact_solution,true,true,false,1.74463,507.952,0.907057142857143,true,1.74463,1.74463,507.952,false
main,Apartment_hard,Apartment_hard,BFMT_star,BFMT*,42,main_apartment_hard_official_benchmark.log,3985853341,560,60,6,exact_solution,true,true,false,4.28839,536.901,0.958751785714286,true,4.28839,4.28839,536.901,false
main,Apartment_hard,Apartment_hard,BFMT_star,BFMT*,43,main_apartment_hard_official_benchmark.log,3985853341,560,60,6,exact_solution,true,true,false,5.01043,594.86,1.06225,false,,5.01043,594.86,false
main,Apartment_hard,Apartment_hard,BFMT_star,BFMT*,44,main_apartment_hard_official_benchmark.log,3985853341,560,60,6,exact_solution,true,true,false,2.11619,487.002,0.869646428571429,true,2.11619,2.11619,487.002,false
main,Apartment_hard,Apartment_hard,BFMT_star,BFMT*,45,main_apartment_hard_official_benchmark.log,3985853341,560,60,6,exact_solution,true,true,false,2.857,479.451,0.8561625,true,2.857,2.857,479.451,false
main,Apartment_hard,Apartment_hard,BFMT_star,BFMT*,46,main_apartment_hard_official_benchmark.log,3985853341,560,60,6,exact_solution,true,true,false,2.40157,585.403,1.0453625,false,,2.40157,585.403,false
main,Apartment_hard,Apartment_hard,BFMT_star,BFMT*,47,main_apartment_hard_official_benchmark.log,3985853341,560,60,6,exact_solution,true,true,false,5.99169,522.209,0.932516071428571,true,5.99169,5.99169,522.209,false
main,Apartment_hard,Apartment_hard,BFMT_star,BFMT*,48,main_apartment_hard_official_benchmark.log,3985853341,560,60,6,exact_solution,true,true,false,1.76896,481.65,0.860089285714286,true,1.76896,1.76896,481.65,false
main,Apartment_hard,Apartment_hard,BFMT_star,BFMT*,49,main_apartment_hard_official_benchmark.log,3985853341,560,60,6,exact_solution,true,true,false,1.90458,499.859,0.892605357142857,true,1.90458,1.90458,499.859,false
main,Apartment_hard,Apartment_hard,BFMT_star,BFMT*,50,main_apartment_hard_official_benchmark.log,3985853341,560,60,6,exact_solution,true,true,false,2.2493,631.56,1.12778571428571,false,,2.2493,631.56,false
main,Apartment_hard,Apartment_hard,kBITstar,BIT*,1,main_apartment_hard_official_benchmark.log,3985853341,560,60,6,exact_solution,true,true,false,44.3974,515.109,0.9198375,true,44.3974,44.3974,515.109,false
main,Apartment_hard,Apartment_hard,kBITstar,BIT*,2,main_apartment_hard_official_benchmark.log,3985853341,560,60,4,timeout,false,false,false,60.0774,,,false,,,,false
main,Apartment_hard,Apartment_hard,kBITstar,BIT*,3,main_apartment_hard_official_benchmark.log,3985853341,560,60,6,exact_solution,true,true,false,57.1166,559.932,0.999878571428572,true,57.1166,57.1166,559.932,false
main,Apartment_hard,Apartment_hard,kBITstar,BIT*,4,main_apartment_hard_official_benchmark.log,3985853341,560,60,4,timeout,false,false,false,60.0501,,,false,,,,false
main,Apartment_hard,Apartment_hard,kBITstar,BIT*,5,main_apartment_hard_official_benchmark.log,3985853341,560,60,6,exact_solution,true,true,false,25.1401,547.99,0.978553571428571,true,25.1401,25.1401,547.99,false
main,Apartment_hard,Apartment_hard,kBITstar,BIT*,6,main_apartment_hard_official_benchmark.log,3985853341,560,60,4,timeout,false,false,false,60.0101,,,false,,,,false
main,Apartment_hard,Apartment_hard,kBITstar,BIT*,7,main_apartment_hard_official_benchmark.log,3985853341,560,60,4,timeout,false,false,false,60.0656,,,false,,,,false
main,Apartment_hard,Apartment_hard,kBITstar,BIT*,8,main_apartment_hard_official_benchmark.log,3985853341,560,60,6,exact_solution,true,true,false,2.14833,555.155,0.991348214285714,true,2.14833,2.14833,555.155,false
main,Apartment_hard,Apartment_hard,kBITstar,BIT*,9,main_apartment_hard_official_benchmark.log,3985853341,560,60,6,exact_solution,true,true,false,60.0311,560.841,1.00150178571429,false,,60.0311,560.841,false
main,Apartment_hard,Apartment_hard,kBITstar,BIT*,10,main_apartment_hard_official_benchmark.log,3985853341,560,60,6,exact_solution,true,true,false,11.2809,554.474,0.990132142857143,true,11.2809,11.2809,554.474,false
main,Apartment_hard,Apartment_hard,kBITstar,BIT*,11,main_apartment_hard_official_benchmark.log,3985853341,560,60,6,exact_solution,true,true,false,10.096,522.183,0.932469642857143,true,10.096,10.096,522.183,false
main,Apartment_hard,Apartment_hard,kBITstar,BIT*,12,main_apartment_hard_official_benchmark.log,3985853341,560,60,6,exact_solution,true,true,false,9.14223,557.672,0.995842857142857,true,9.14223,9.14223,557.672,false
main,Apartment_hard,Apartment_hard,kBITstar,BIT*,13,main_apartment_hard_official_benchmark.log,3985853341,560,60,6,exact_solution,true,true,false,29.6542,482.104,0.8609,true,29.6542,29.6542,482.104,false
main,Apartment_hard,Apartment_hard,kBITstar,BIT*,14,main_apartment_hard_official_benchmark.log,3985853341,560,60,6,exact_solution,true,true,false,1.09946,508.523,0.908076785714286,true,1.09946,1.09946,508.523,false
main,Apartment_hard,Apartment_hard,kBITstar,BIT*,15,main_apartment_hard_official_benchmark.log,3985853341,560,60,6,exact_solution,true,true,false,28.7595,494.182,0.882467857142857,true,28.7595,28.7595,494.182,false
main,Apartment_hard,Apartment_hard,kBITstar,BIT*,16,main_apartment_hard_official_benchmark.log,3985853341,560,60,6,exact_solution,true,true,false,60.0736,560.951,1.00169821428571,false,,60.0736,560.951,false
main,Apartment_hard,Apartment_hard,kBITstar,BIT*,17,main_apartment_hard_official_benchmark.log,3985853341,560,60,6,exact_solution,true,true,false,41.2081,488.758,0.872782142857143,true,41.2081,41.2081,488.758,false
main,Apartment_hard,Apartment_hard,kBITstar,BIT*,18,main_apartment_hard_official_benchmark.log,3985853341,560,60,4,timeout,false,false,false,60.0402,,,false,,,,false
main,Apartment_hard,Apartment_hard,kBITstar,BIT*,19,main_apartment_hard_official_benchmark.log,3985853341,560,60,6,exact_solution,true,true,false,59.7422,555.408,0.9918,true,59.7422,59.7422,555.408,false
main,Apartment_hard,Apartment_hard,kBITstar,BIT*,20,main_apartment_hard_official_benchmark.log,3985853341,560,60,4,timeout,false,false,false,60.1058,,,false,,,,false
main,Apartment_hard,Apartment_hard,kBITstar,BIT*,21,main_apartment_hard_official_benchmark.log,3985853341,560,60,4,timeout,false,false,false,60.1306,,,false,,,,false
main,Apartment_hard,Apartment_hard,kBITstar,BIT*,22,main_apartment_hard_official_benchmark.log,3985853341,560,60,6,exact_solution,true,true,false,35.5404,550.153,0.982416071428571,true,35.5404,35.5404,550.153,false
main,Apartment_hard,Apartment_hard,kBITstar,BIT*,23,main_apartment_hard_official_benchmark.log,3985853341,560,60,6,exact_solution,true,true,false,13.121,538.809,0.962158928571428,true,13.121,13.121,538.809,false
main,Apartment_hard,Apartment_hard,kBITstar,BIT*,24,main_apartment_hard_official_benchmark.log,3985853341,560,60,6,exact_solution,true,true,false,3.69525,491.47,0.877625,true,3.69525,3.69525,491.47,false
main,Apartment_hard,Apartment_hard,kBITstar,BIT*,25,main_apartment_hard_official_benchmark.log,3985853341,560,60,6,exact_solution,true,true,false,17.778,556.71,0.994125,true,17.778,17.778,556.71,false
main,Apartment_hard,Apartment_hard,kBITstar,BIT*,26,main_apartment_hard_official_benchmark.log,3985853341,560,60,6,exact_solution,true,true,false,34.3174,465.066,0.830475,true,34.3174,34.3174,465.066,false
main,Apartment_hard,Apartment_hard,kBITstar,BIT*,27,main_apartment_hard_official_benchmark.log,3985853341,560,60,4,timeout,false,false,false,60.1114,,,false,,,,false
main,Apartment_hard,Apartment_hard,kBITstar,BIT*,28,main_apartment_hard_official_benchmark.log,3985853341,560,60,6,exact_solution,true,true,false,44.5851,460.834,0.822917857142857,true,44.5851,44.5851,460.834,false
main,Apartment_hard,Apartment_hard,kBITstar,BIT*,29,main_apartment_hard_official_benchmark.log,3985853341,560,60,6,exact_solution,true,true,false,28.9425,429.973,0.767808928571429,true,28.9425,28.9425,429.973,false
main,Apartment_hard,Apartment_hard,kBITstar,BIT*,30,main_apartment_hard_official_benchmark.log,3985853341,560,60,4,timeout,false,false,false,60.11,,,false,,,,false
main,Apartment_hard,Apartment_hard,kBITstar,BIT*,31,main_apartment_hard_official_benchmark.log,3985853341,560,60,6,exact_solution,true,true,false,4.19686,483.641,0.863644642857143,true,4.19686,4.19686,483.641,false
main,Apartment_hard,Apartment_hard,kBITstar,BIT*,32,main_apartment_hard_official_benchmark.log,3985853341,560,60,4,timeout,false,false,false,60.1176,,,false,,,,false
main,Apartment_hard,Apartment_hard,kBITstar,BIT*,33,main_apartment_hard_official_benchmark.log,3985853341,560,60,4,timeout,false,false,false,60.112,,,false,,,,false
main,Apartment_hard,Apartment_hard,kBITstar,BIT*,34,main_apartment_hard_official_benchmark.log,3985853341,560,60,6,exact_solution,true,true,false,17.2837,486,0.867857142857143,true,17.2837,17.2837,486,false
main,Apartment_hard,Apartment_hard,kBITstar,BIT*,35,main_apartment_hard_official_benchmark.log,3985853341,560,60,6,exact_solution,true,true,false,4.94321,552.443,0.986505357142857,true,4.94321,4.94321,552.443,false
main,Apartment_hard,Apartment_hard,kBITstar,BIT*,36,main_apartment_hard_official_benchmark.log,3985853341,560,60,6,exact_solution,true,true,false,3.30193,518.318,0.925567857142857,true,3.30193,3.30193,518.318,false
main,Apartment_hard,Apartment_hard,kBITstar,BIT*,37,main_apartment_hard_official_benchmark.log,3985853341,560,60,4,timeout,false,false,false,60.1105,,,false,,,,false
main,Apartment_hard,Apartment_hard,kBITstar,BIT*,38,main_apartment_hard_official_benchmark.log,3985853341,560,60,6,exact_solution,true,true,false,60.1277,580.779,1.03710535714286,false,,60.1277,580.779,false
main,Apartment_hard,Apartment_hard,kBITstar,BIT*,39,main_apartment_hard_official_benchmark.log,3985853341,560,60,6,exact_solution,true,true,false,3.59719,528.867,0.944405357142857,true,3.59719,3.59719,528.867,false
main,Apartment_hard,Apartment_hard,kBITstar,BIT*,40,main_apartment_hard_official_benchmark.log,3985853341,560,60,6,exact_solution,true,true,false,21.2641,477.637,0.852923214285714,true,21.2641,21.2641,477.637,false
main,Apartment_hard,Apartment_hard,kBITstar,BIT*,41,main_apartment_hard_official_benchmark.log,3985853341,560,60,4,timeout,false,false,false,60.1016,,,false,,,,false
main,Apartment_hard,Apartment_hard,kBITstar,BIT*,42,main_apartment_hard_official_benchmark.log,3985853341,560,60,6,exact_solution,true,true,false,32.2489,454.06,0.810821428571429,true,32.2489,32.2489,454.06,false
main,Apartment_hard,Apartment_hard,kBITstar,BIT*,43,main_apartment_hard_official_benchmark.log,3985853341,560,60,6,exact_solution,true,true,false,11.5778,547.342,0.977396428571428,true,11.5778,11.5778,547.342,false
main,Apartment_hard,Apartment_hard,kBITstar,BIT*,44,main_apartment_hard_official_benchmark.log,3985853341,560,60,6,exact_solution,true,true,false,6.1561,435.618,0.777889285714286,true,6.1561,6.1561,435.618,false
main,Apartment_hard,Apartment_hard,kBITstar,BIT*,45,main_apartment_hard_official_benchmark.log,3985853341,560,60,4,timeout,false,false,false,60.1094,,,false,,,,false
main,Apartment_hard,Apartment_hard,kBITstar,BIT*,46,main_apartment_hard_official_benchmark.log,3985853341,560,60,6,exact_solution,true,true,false,1.92992,516.992,0.9232,true,1.92992,1.92992,516.992,false
main,Apartment_hard,Apartment_hard,kBITstar,BIT*,47,main_apartment_hard_official_benchmark.log,3985853341,560,60,4,timeout,false,false,false,60.1027,,,false,,,,false
main,Apartment_hard,Apartment_hard,kBITstar,BIT*,48,main_apartment_hard_official_benchmark.log,3985853341,560,60,4,timeout,false,false,false,60.1436,,,false,,,,false
main,Apartment_hard,Apartment_hard,kBITstar,BIT*,49,main_apartment_hard_official_benchmark.log,3985853341,560,60,6,exact_solution,true,true,false,9.03163,551.346,0.984546428571429,true,9.03163,9.03163,551.346,false
main,Apartment_hard,Apartment_hard,kBITstar,BIT*,50,main_apartment_hard_official_benchmark.log,3985853341,560,60,4,timeout,false,false,false,60.1361,,,false,,,,false
main,Apartment_hard,Apartment_hard,InformedRRTstar,Informed RRT*,1,main_apartment_hard_official_benchmark.log,3985853341,560,60,5,approximate_solution,false,false,true,60.1295,,,false,,,,true
main,Apartment_hard,Apartment_hard,InformedRRTstar,Informed RRT*,2,main_apartment_hard_official_benchmark.log,3985853341,560,60,5,approximate_solution,false,false,true,60.132,,,false,,,,true
main,Apartment_hard,Apartment_hard,InformedRRTstar,Informed RRT*,3,main_apartment_hard_official_benchmark.log,3985853341,560,60,5,approximate_solution,false,false,true,60.1151,,,false,,,,true
main,Apartment_hard,Apartment_hard,InformedRRTstar,Informed RRT*,4,main_apartment_hard_official_benchmark.log,3985853341,560,60,5,approximate_solution,false,false,true,60.1344,,,false,,,,true
main,Apartment_hard,Apartment_hard,InformedRRTstar,Informed RRT*,5,main_apartment_hard_official_benchmark.log,3985853341,560,60,5,approximate_solution,false,false,true,60.1426,,,false,,,,true
main,Apartment_hard,Apartment_hard,InformedRRTstar,Informed RRT*,6,main_apartment_hard_official_benchmark.log,3985853341,560,60,5,approximate_solution,false,false,true,60.1451,,,false,,,,true
main,Apartment_hard,Apartment_hard,InformedRRTstar,Informed RRT*,7,main_apartment_hard_official_benchmark.log,3985853341,560,60,5,approximate_solution,false,false,true,60.1428,,,false,,,,true
main,Apartment_hard,Apartment_hard,InformedRRTstar,Informed RRT*,8,main_apartment_hard_official_benchmark.log,3985853341,560,60,5,approximate_solution,false,false,true,60.1327,,,false,,,,true
main,Apartment_hard,Apartment_hard,InformedRRTstar,Informed RRT*,9,main_apartment_hard_official_benchmark.log,3985853341,560,60,5,approximate_solution,false,false,true,60.148,,,false,,,,true
main,Apartment_hard,Apartment_hard,InformedRRTstar,Informed RRT*,10,main_apartment_hard_official_benchmark.log,3985853341,560,60,6,exact_solution,true,true,false,41.6089,398.695877,0.711956923214286,true,41.6089,41.6089,398.695877,true
main,Apartment_hard,Apartment_hard,InformedRRTstar,Informed RRT*,11,main_apartment_hard_official_benchmark.log,3985853341,560,60,5,approximate_solution,false,false,true,60.1404,,,false,,,,true
main,Apartment_hard,Apartment_hard,InformedRRTstar,Informed RRT*,12,main_apartment_hard_official_benchmark.log,3985853341,560,60,5,approximate_solution,false,false,true,60.1424,,,false,,,,true
main,Apartment_hard,Apartment_hard,InformedRRTstar,Informed RRT*,13,main_apartment_hard_official_benchmark.log,3985853341,560,60,5,approximate_solution,false,false,true,60.0044,,,false,,,,true
main,Apartment_hard,Apartment_hard,InformedRRTstar,Informed RRT*,14,main_apartment_hard_official_benchmark.log,3985853341,560,60,5,approximate_solution,false,false,true,60.0565,,,false,,,,true
main,Apartment_hard,Apartment_hard,InformedRRTstar,Informed RRT*,15,main_apartment_hard_official_benchmark.log,3985853341,560,60,5,approximate_solution,false,false,true,60.1198,,,false,,,,true
main,Apartment_hard,Apartment_hard,InformedRRTstar,Informed RRT*,16,main_apartment_hard_official_benchmark.log,3985853341,560,60,5,approximate_solution,false,false,true,60.1234,,,false,,,,true
main,Apartment_hard,Apartment_hard,InformedRRTstar,Informed RRT*,17,main_apartment_hard_official_benchmark.log,3985853341,560,60,5,approximate_solution,false,false,true,60.0084,,,false,,,,true
main,Apartment_hard,Apartment_hard,InformedRRTstar,Informed RRT*,18,main_apartment_hard_official_benchmark.log,3985853341,560,60,5,approximate_solution,false,false,true,60.0185,,,false,,,,true
main,Apartment_hard,Apartment_hard,InformedRRTstar,Informed RRT*,19,main_apartment_hard_official_benchmark.log,3985853341,560,60,5,approximate_solution,false,false,true,60.0416,,,false,,,,true
main,Apartment_hard,Apartment_hard,InformedRRTstar,Informed RRT*,20,main_apartment_hard_official_benchmark.log,3985853341,560,60,5,approximate_solution,false,false,true,60.1466,,,false,,,,true
main,Apartment_hard,Apartment_hard,InformedRRTstar,Informed RRT*,21,main_apartment_hard_official_benchmark.log,3985853341,560,60,5,approximate_solution,false,false,true,60.1422,,,false,,,,true
main,Apartment_hard,Apartment_hard,InformedRRTstar,Informed RRT*,22,main_apartment_hard_official_benchmark.log,3985853341,560,60,5,approximate_solution,false,false,true,60.1464,,,false,,,,true
main,Apartment_hard,Apartment_hard,InformedRRTstar,Informed RRT*,23,main_apartment_hard_official_benchmark.log,3985853341,560,60,5,approximate_solution,false,false,true,60.0024,,,false,,,,true
main,Apartment_hard,Apartment_hard,InformedRRTstar,Informed RRT*,24,main_apartment_hard_official_benchmark.log,3985853341,560,60,5,approximate_solution,false,false,true,60.0131,,,false,,,,true
main,Apartment_hard,Apartment_hard,InformedRRTstar,Informed RRT*,25,main_apartment_hard_official_benchmark.log,3985853341,560,60,5,approximate_solution,false,false,true,60.0126,,,false,,,,true
main,Apartment_hard,Apartment_hard,InformedRRTstar,Informed RRT*,26,main_apartment_hard_official_benchmark.log,3985853341,560,60,5,approximate_solution,false,false,true,60.143,,,false,,,,true
main,Apartment_hard,Apartment_hard,InformedRRTstar,Informed RRT*,27,main_apartment_hard_official_benchmark.log,3985853341,560,60,5,approximate_solution,false,false,true,60.0148,,,false,,,,true
main,Apartment_hard,Apartment_hard,InformedRRTstar,Informed RRT*,28,main_apartment_hard_official_benchmark.log,3985853341,560,60,5,approximate_solution,false,false,true,60.0228,,,false,,,,true
main,Apartment_hard,Apartment_hard,InformedRRTstar,Informed RRT*,29,main_apartment_hard_official_benchmark.log,3985853341,560,60,5,approximate_solution,false,false,true,60.0984,,,false,,,,true
main,Apartment_hard,Apartment_hard,InformedRRTstar,Informed RRT*,30,main_apartment_hard_official_benchmark.log,3985853341,560,60,5,approximate_solution,false,false,true,60.0959,,,false,,,,true
main,Apartment_hard,Apartment_hard,InformedRRTstar,Informed RRT*,31,main_apartment_hard_official_benchmark.log,3985853341,560,60,5,approximate_solution,false,false,true,60.0938,,,false,,,,true
main,Apartment_hard,Apartment_hard,InformedRRTstar,Informed RRT*,32,main_apartment_hard_official_benchmark.log,3985853341,560,60,5,approximate_solution,false,false,true,60.0973,,,false,,,,true
main,Apartment_hard,Apartment_hard,InformedRRTstar,Informed RRT*,33,main_apartment_hard_official_benchmark.log,3985853341,560,60,5,approximate_solution,false,false,true,60.0989,,,false,,,,true
main,Apartment_hard,Apartment_hard,InformedRRTstar,Informed RRT*,34,main_apartment_hard_official_benchmark.log,3985853341,560,60,5,approximate_solution,false,false,true,60.1449,,,false,,,,true
main,Apartment_hard,Apartment_hard,InformedRRTstar,Informed RRT*,35,main_apartment_hard_official_benchmark.log,3985853341,560,60,5,approximate_solution,false,false,true,60.094,,,false,,,,true
main,Apartment_hard,Apartment_hard,InformedRRTstar,Informed RRT*,36,main_apartment_hard_official_benchmark.log,3985853341,560,60,5,approximate_solution,false,false,true,60.0965,,,false,,,,true
main,Apartment_hard,Apartment_hard,InformedRRTstar,Informed RRT*,37,main_apartment_hard_official_benchmark.log,3985853341,560,60,5,approximate_solution,false,false,true,60.1,,,false,,,,true
main,Apartment_hard,Apartment_hard,InformedRRTstar,Informed RRT*,38,main_apartment_hard_official_benchmark.log,3985853341,560,60,5,approximate_solution,false,false,true,60.1003,,,false,,,,true
main,Apartment_hard,Apartment_hard,InformedRRTstar,Informed RRT*,39,main_apartment_hard_official_benchmark.log,3985853341,560,60,5,approximate_solution,false,false,true,60.1024,,,false,,,,true
main,Apartment_hard,Apartment_hard,InformedRRTstar,Informed RRT*,40,main_apartment_hard_official_benchmark.log,3985853341,560,60,5,approximate_solution,false,false,true,60.0933,,,false,,,,true
main,Apartment_hard,Apartment_hard,InformedRRTstar,Informed RRT*,41,main_apartment_hard_official_benchmark.log,3985853341,560,60,5,approximate_solution,false,false,true,60.0943,,,false,,,,true
main,Apartment_hard,Apartment_hard,InformedRRTstar,Informed RRT*,42,main_apartment_hard_official_benchmark.log,3985853341,560,60,5,approximate_solution,false,false,true,60.1015,,,false,,,,true
main,Apartment_hard,Apartment_hard,InformedRRTstar,Informed RRT*,43,main_apartment_hard_official_benchmark.log,3985853341,560,60,5,approximate_solution,false,false,true,60.0994,,,false,,,,true
main,Apartment_hard,Apartment_hard,InformedRRTstar,Informed RRT*,44,main_apartment_hard_official_benchmark.log,3985853341,560,60,5,approximate_solution,false,false,true,60.0992,,,false,,,,true
main,Apartment_hard,Apartment_hard,InformedRRTstar,Informed RRT*,45,main_apartment_hard_official_benchmark.log,3985853341,560,60,5,approximate_solution,false,false,true,60.0941,,,false,,,,true
main,Apartment_hard,Apartment_hard,InformedRRTstar,Informed RRT*,46,main_apartment_hard_official_benchmark.log,3985853341,560,60,5,approximate_solution,false,false,true,60.0961,,,false,,,,true
main,Apartment_hard,Apartment_hard,InformedRRTstar,Informed RRT*,47,main_apartment_hard_official_benchmark.log,3985853341,560,60,5,approximate_solution,false,false,true,60.0996,,,false,,,,true
main,Apartment_hard,Apartment_hard,InformedRRTstar,Informed RRT*,48,main_apartment_hard_official_benchmark.log,3985853341,560,60,5,approximate_solution,false,false,true,60.0977,,,false,,,,true
main,Apartment_hard,Apartment_hard,InformedRRTstar,Informed RRT*,49,main_apartment_hard_official_benchmark.log,3985853341,560,60,5,approximate_solution,false,false,true,60.1079,,,false,,,,true
main,Apartment_hard,Apartment_hard,InformedRRTstar,Informed RRT*,50,main_apartment_hard_official_benchmark.log,3985853341,560,60,5,approximate_solution,false,false,true,60.1063,,,false,,,,true
main,Barriers,Barriers,DAFMT_star,PEBFMT*,1,main_barriers_official_benchmark.log,3962309208,720,60,6,exact_solution,true,true,false,1.17665,719.602156,0.999447438888889,true,1.17665,0.229769,785.326265,true
main,Barriers,Barriers,DAFMT_star,PEBFMT*,2,main_barriers_official_benchmark.log,3962309208,720,60,6,exact_solution,true,true,false,0.413666,712.057021,0.988968084722222,true,0.413666,0.28076,770.631594,true
main,Barriers,Barriers,DAFMT_star,PEBFMT*,3,main_barriers_official_benchmark.log,3962309208,720,60,6,exact_solution,true,true,false,1.03097,718.200226,0.997500313888889,true,1.03097,0.289801,766.927902,true
main,Barriers,Barriers,DAFMT_star,PEBFMT*,4,main_barriers_official_benchmark.log,3962309208,720,60,6,exact_solution,true,true,false,0.875452,714.23544,0.991993666666667,true,0.875452,0.237049,779.355596,true
main,Barriers,Barriers,DAFMT_star,PEBFMT*,5,main_barriers_official_benchmark.log,3962309208,720,60,6,exact_solution,true,true,false,0.637615,713.198267,0.990553148611111,true,0.637615,0.2871,790.056238,true
main,Barriers,Barriers,DAFMT_star,PEBFMT*,6,main_barriers_official_benchmark.log,3962309208,720,60,6,exact_solution,true,true,false,0.950894,717.149583,0.9960410875,true,0.950852,0.258741,758.387847,true
main,Barriers,Barriers,DAFMT_star,PEBFMT*,7,main_barriers_official_benchmark.log,3962309208,720,60,6,exact_solution,true,true,false,0.619006,718.396104,0.997772366666667,true,0.618951,0.189203,750.573605,true
main,Barriers,Barriers,DAFMT_star,PEBFMT*,8,main_barriers_official_benchmark.log,3962309208,720,60,6,exact_solution,true,true,false,2.1516,704.199304,0.978054588888889,true,2.1516,0.291687,764.946983,true
main,Barriers,Barriers,DAFMT_star,PEBFMT*,9,main_barriers_official_benchmark.log,3962309208,720,60,6,exact_solution,true,true,false,0.530473,716.481611,0.995113348611111,true,0.530473,0.235309,771.195459,true
main,Barriers,Barriers,DAFMT_star,PEBFMT*,10,main_barriers_official_benchmark.log,3962309208,720,60,6,exact_solution,true,true,false,0.831748,710.584786,0.986923313888889,true,0.83169,0.244876,759.071543,true
main,Barriers,Barriers,DAFMT_star,PEBFMT*,11,main_barriers_official_benchmark.log,3962309208,720,60,6,exact_solution,true,true,false,0.396054,719.784967,0.999701343055556,true,0.396054,0.193112,762.068852,true
main,Barriers,Barriers,DAFMT_star,PEBFMT*,12,main_barriers_official_benchmark.log,3962309208,720,60,6,exact_solution,true,true,false,1.20578,718.138337,0.997414356944444,true,1.20578,0.248382,773.033091,true
main,Barriers,Barriers,DAFMT_star,PEBFMT*,13,main_barriers_official_benchmark.log,3962309208,720,60,6,exact_solution,true,true,false,1.32149,718.545619,0.997980026388889,true,1.32149,0.289636,794.150714,true
main,Barriers,Barriers,DAFMT_star,PEBFMT*,14,main_barriers_official_benchmark.log,3962309208,720,60,6,exact_solution,true,true,false,2.0191,719.251281,0.9989601125,true,2.0191,0.2619,784.367422,true
main,Barriers,Barriers,DAFMT_star,PEBFMT*,15,main_barriers_official_benchmark.log,3962309208,720,60,6,exact_solution,true,true,false,0.795582,718.118147,0.997386315277778,true,0.795582,0.208899,767.085476,true
main,Barriers,Barriers,DAFMT_star,PEBFMT*,16,main_barriers_official_benchmark.log,3962309208,720,60,6,exact_solution,true,true,false,1.22209,709.666661,0.985648140277778,true,1.22209,0.283778,788.340576,true
main,Barriers,Barriers,DAFMT_star,PEBFMT*,17,main_barriers_official_benchmark.log,3962309208,720,60,6,exact_solution,true,true,false,2.15501,718.914004,0.998491672222222,true,2.15501,0.259105,775.483257,true
main,Barriers,Barriers,DAFMT_star,PEBFMT*,18,main_barriers_official_benchmark.log,3962309208,720,60,6,exact_solution,true,true,false,0.945432,705.589415,0.979985298611111,true,0.945397,0.267622,779.775225,true
main,Barriers,Barriers,DAFMT_star,PEBFMT*,19,main_barriers_official_benchmark.log,3962309208,720,60,6,exact_solution,true,true,false,0.527282,718.597592,0.998052211111111,true,0.527282,0.234406,778.358939,true
main,Barriers,Barriers,DAFMT_star,PEBFMT*,20,main_barriers_official_benchmark.log,3962309208,720,60,6,exact_solution,true,true,false,2.03257,717.877411,0.997051959722222,true,2.03257,0.258907,761.309711,true
main,Barriers,Barriers,DAFMT_star,PEBFMT*,21,main_barriers_official_benchmark.log,3962309208,720,60,6,exact_solution,true,true,false,1.34658,718.436647,0.997828676388889,true,1.34658,0.216183,738.707745,true
main,Barriers,Barriers,DAFMT_star,PEBFMT*,22,main_barriers_official_benchmark.log,3962309208,720,60,6,exact_solution,true,true,false,0.967016,714.780699,0.992750970833333,true,0.967016,0.237554,757.494531,true
main,Barriers,Barriers,DAFMT_star,PEBFMT*,23,main_barriers_official_benchmark.log,3962309208,720,60,6,exact_solution,true,true,false,1.53744,717.190365,0.996097729166667,true,1.53744,0.21812,753.908122,true
main,Barriers,Barriers,DAFMT_star,PEBFMT*,24,main_barriers_official_benchmark.log,3962309208,720,60,6,exact_solution,true,true,false,2.02454,717.341497,0.996307634722222,true,2.02454,0.290648,802.803085,true
main,Barriers,Barriers,DAFMT_star,PEBFMT*,25,main_barriers_official_benchmark.log,3962309208,720,60,6,exact_solution,true,true,false,1.04906,719.269362,0.998985225,true,1.04906,0.261785,790.905141,true
main,Barriers,Barriers,DAFMT_star,PEBFMT*,26,main_barriers_official_benchmark.log,3962309208,720,60,6,exact_solution,true,true,false,1.18443,712.926804,0.990176116666667,true,1.18443,0.257601,808.807089,true
main,Barriers,Barriers,DAFMT_star,PEBFMT*,27,main_barriers_official_benchmark.log,3962309208,720,60,6,exact_solution,true,true,false,1.93146,717.48368,0.996505111111111,true,1.93146,0.291538,802.313733,true
main,Barriers,Barriers,DAFMT_star,PEBFMT*,28,main_barriers_official_benchmark.log,3962309208,720,60,6,exact_solution,true,true,false,1.30301,717.467591,0.996482765277778,true,1.30301,0.286069,778.965156,true
main,Barriers,Barriers,DAFMT_star,PEBFMT*,29,main_barriers_official_benchmark.log,3962309208,720,60,6,exact_solution,true,true,false,8.66845,719.043775,0.998671909722222,true,8.66838,0.23974,786.059024,true
main,Barriers,Barriers,DAFMT_star,PEBFMT*,30,main_barriers_official_benchmark.log,3962309208,720,60,6,exact_solution,true,true,false,1.0474,718.001773,0.997224684722222,true,1.0474,0.231377,788.813812,true
main,Barriers,Barriers,DAFMT_star,PEBFMT*,31,main_barriers_official_benchmark.log,3962309208,720,60,6,exact_solution,true,true,false,1.41773,719.615402,0.999465836111111,true,1.41773,0.229796,763.019439,true
main,Barriers,Barriers,DAFMT_star,PEBFMT*,32,main_barriers_official_benchmark.log,3962309208,720,60,6,exact_solution,true,true,false,0.518259,713.172688,0.990517622222222,true,0.518213,0.223123,746.942678,true
main,Barriers,Barriers,DAFMT_star,PEBFMT*,33,main_barriers_official_benchmark.log,3962309208,720,60,6,exact_solution,true,true,false,0.331214,718.292934,0.997629075,true,0.331214,0.219452,727.127272,true
main,Barriers,Barriers,DAFMT_star,PEBFMT*,34,main_barriers_official_benchmark.log,3962309208,720,60,6,exact_solution,true,true,false,6.17038,719.947707,0.999927370833333,true,6.16953,0.24754,810.166898,true
main,Barriers,Barriers,DAFMT_star,PEBFMT*,35,main_barriers_official_benchmark.log,3962309208,720,60,6,exact_solution,true,true,false,1.16991,716.491722,0.995127391666667,true,1.16991,0.253325,762.778743,true
main,Barriers,Barriers,DAFMT_star,PEBFMT*,36,main_barriers_official_benchmark.log,3962309208,720,60,6,exact_solution,true,true,false,1.36066,714.841723,0.992835726388889,true,1.36066,0.239744,890.960664,true
main,Barriers,Barriers,DAFMT_star,PEBFMT*,37,main_barriers_official_benchmark.log,3962309208,720,60,6,exact_solution,true,true,false,0.563803,717.91363,0.997102263888889,true,0.563803,0.247615,754.585477,true
main,Barriers,Barriers,DAFMT_star,PEBFMT*,38,main_barriers_official_benchmark.log,3962309208,720,60,6,exact_solution,true,true,false,2.27452,715.958714,0.994387102777778,true,2.27452,0.259574,778.016178,true
main,Barriers,Barriers,DAFMT_star,PEBFMT*,39,main_barriers_official_benchmark.log,3962309208,720,60,6,exact_solution,true,true,false,0.922331,719.823892,0.999755405555556,true,0.922331,0.212584,736.872828,true
main,Barriers,Barriers,DAFMT_star,PEBFMT*,40,main_barriers_official_benchmark.log,3962309208,720,60,6,exact_solution,true,true,false,0.596377,717.422121,0.9964196125,true,0.596377,0.291472,769.251017,true
main,Barriers,Barriers,DAFMT_star,PEBFMT*,41,main_barriers_official_benchmark.log,3962309208,720,60,6,exact_solution,true,true,false,0.617893,711.282694,0.987892630555556,true,0.617655,0.282496,777.720208,true
main,Barriers,Barriers,DAFMT_star,PEBFMT*,42,main_barriers_official_benchmark.log,3962309208,720,60,6,exact_solution,true,true,false,0.824194,719.639721,0.9994996125,true,0.824194,0.284815,788.581017,true
main,Barriers,Barriers,DAFMT_star,PEBFMT*,43,main_barriers_official_benchmark.log,3962309208,720,60,6,exact_solution,true,true,false,0.531595,719.11615,0.998772430555556,true,0.531595,0.212761,740.578,true
main,Barriers,Barriers,DAFMT_star,PEBFMT*,44,main_barriers_official_benchmark.log,3962309208,720,60,6,exact_solution,true,true,false,0.510345,716.645269,0.995340651388889,true,0.510345,0.21547,746.965135,true
main,Barriers,Barriers,DAFMT_star,PEBFMT*,45,main_barriers_official_benchmark.log,3962309208,720,60,6,exact_solution,true,true,false,1.20167,716.26373,0.994810736111111,true,1.20167,0.311703,767.898426,true
main,Barriers,Barriers,DAFMT_star,PEBFMT*,46,main_barriers_official_benchmark.log,3962309208,720,60,6,exact_solution,true,true,false,1.80018,716.43134,0.995043527777778,true,1.80018,0.236508,776.502017,true
main,Barriers,Barriers,DAFMT_star,PEBFMT*,47,main_barriers_official_benchmark.log,3962309208,720,60,6,exact_solution,true,true,false,2.96985,719.783056,0.999698688888889,true,2.96985,0.238638,800.542759,true
main,Barriers,Barriers,DAFMT_star,PEBFMT*,48,main_barriers_official_benchmark.log,3962309208,720,60,6,exact_solution,true,true,false,0.508033,710.282695,0.986503743055556,true,0.508033,0.231357,755.170715,true
main,Barriers,Barriers,DAFMT_star,PEBFMT*,49,main_barriers_official_benchmark.log,3962309208,720,60,6,exact_solution,true,true,false,0.812674,719.569837,0.999402551388889,true,0.812674,0.237422,770.074443,true
main,Barriers,Barriers,DAFMT_star,PEBFMT*,50,main_barriers_official_benchmark.log,3962309208,720,60,6,exact_solution,true,true,false,0.540629,718.346811,0.997703904166667,true,0.540629,0.235948,737.41033,true
main,Barriers,Barriers,BFMT_star,BFMT*,1,main_barriers_official_benchmark.log,3962309208,720,60,6,exact_solution,true,true,false,0.246426,810.411,1.12557083333333,false,,0.246426,810.411,false
main,Barriers,Barriers,BFMT_star,BFMT*,2,main_barriers_official_benchmark.log,3962309208,720,60,6,exact_solution,true,true,false,0.22304,764.96,1.06244444444444,false,,0.22304,764.96,false
main,Barriers,Barriers,BFMT_star,BFMT*,3,main_barriers_official_benchmark.log,3962309208,720,60,6,exact_solution,true,true,false,0.261555,777.866,1.08036944444444,false,,0.261555,777.866,false
main,Barriers,Barriers,BFMT_star,BFMT*,4,main_barriers_official_benchmark.log,3962309208,720,60,6,exact_solution,true,true,false,0.304749,779.011,1.08195972222222,false,,0.304749,779.011,false
main,Barriers,Barriers,BFMT_star,BFMT*,5,main_barriers_official_benchmark.log,3962309208,720,60,6,exact_solution,true,true,false,0.339404,783.478,1.08816388888889,false,,0.339404,783.478,false
main,Barriers,Barriers,BFMT_star,BFMT*,6,main_barriers_official_benchmark.log,3962309208,720,60,6,exact_solution,true,true,false,0.311367,778.374,1.081075,false,,0.311367,778.374,false
main,Barriers,Barriers,BFMT_star,BFMT*,7,main_barriers_official_benchmark.log,3962309208,720,60,6,exact_solution,true,true,false,0.247502,750.697,1.04263472222222,false,,0.247502,750.697,false
main,Barriers,Barriers,BFMT_star,BFMT*,8,main_barriers_official_benchmark.log,3962309208,720,60,6,exact_solution,true,true,false,0.252749,751.929,1.04434583333333,false,,0.252749,751.929,false
main,Barriers,Barriers,BFMT_star,BFMT*,9,main_barriers_official_benchmark.log,3962309208,720,60,6,exact_solution,true,true,false,0.290521,797.96,1.10827777777778,false,,0.290521,797.96,false
main,Barriers,Barriers,BFMT_star,BFMT*,10,main_barriers_official_benchmark.log,3962309208,720,60,6,exact_solution,true,true,false,0.258536,770.324,1.06989444444444,false,,0.258536,770.324,false
main,Barriers,Barriers,BFMT_star,BFMT*,11,main_barriers_official_benchmark.log,3962309208,720,60,6,exact_solution,true,true,false,0.260578,793.56,1.10216666666667,false,,0.260578,793.56,false
main,Barriers,Barriers,BFMT_star,BFMT*,12,main_barriers_official_benchmark.log,3962309208,720,60,6,exact_solution,true,true,false,0.230169,754.713,1.0482125,false,,0.230169,754.713,false
main,Barriers,Barriers,BFMT_star,BFMT*,13,main_barriers_official_benchmark.log,3962309208,720,60,6,exact_solution,true,true,false,0.322573,807.322,1.12128055555556,false,,0.322573,807.322,false
main,Barriers,Barriers,BFMT_star,BFMT*,14,main_barriers_official_benchmark.log,3962309208,720,60,6,exact_solution,true,true,false,0.241375,823.724,1.14406111111111,false,,0.241375,823.724,false
main,Barriers,Barriers,BFMT_star,BFMT*,15,main_barriers_official_benchmark.log,3962309208,720,60,6,exact_solution,true,true,false,0.185234,736.871,1.02343194444444,false,,0.185234,736.871,false
main,Barriers,Barriers,BFMT_star,BFMT*,16,main_barriers_official_benchmark.log,3962309208,720,60,6,exact_solution,true,true,false,0.23794,776.172,1.07801666666667,false,,0.23794,776.172,false
main,Barriers,Barriers,BFMT_star,BFMT*,17,main_barriers_official_benchmark.log,3962309208,720,60,6,exact_solution,true,true,false,0.255395,777.137,1.07935694444444,false,,0.255395,777.137,false
main,Barriers,Barriers,BFMT_star,BFMT*,18,main_barriers_official_benchmark.log,3962309208,720,60,6,exact_solution,true,true,false,0.28354,790.96,1.09855555555556,false,,0.28354,790.96,false
main,Barriers,Barriers,BFMT_star,BFMT*,19,main_barriers_official_benchmark.log,3962309208,720,60,6,exact_solution,true,true,false,0.256822,777.591,1.0799875,false,,0.256822,777.591,false
main,Barriers,Barriers,BFMT_star,BFMT*,20,main_barriers_official_benchmark.log,3962309208,720,60,6,exact_solution,true,true,false,0.243367,780.048,1.0834,false,,0.243367,780.048,false
main,Barriers,Barriers,BFMT_star,BFMT*,21,main_barriers_official_benchmark.log,3962309208,720,60,6,exact_solution,true,true,false,0.239793,763.986,1.06109166666667,false,,0.239793,763.986,false
main,Barriers,Barriers,BFMT_star,BFMT*,22,main_barriers_official_benchmark.log,3962309208,720,60,6,exact_solution,true,true,false,0.182916,705.813,0.980295833333333,true,0.182916,0.182916,705.813,false
main,Barriers,Barriers,BFMT_star,BFMT*,23,main_barriers_official_benchmark.log,3962309208,720,60,6,exact_solution,true,true,false,0.260858,739.878,1.02760833333333,false,,0.260858,739.878,false
main,Barriers,Barriers,BFMT_star,BFMT*,24,main_barriers_official_benchmark.log,3962309208,720,60,6,exact_solution,true,true,false,0.253323,785.756,1.09132777777778,false,,0.253323,785.756,false
main,Barriers,Barriers,BFMT_star,BFMT*,25,main_barriers_official_benchmark.log,3962309208,720,60,6,exact_solution,true,true,false,0.272327,811.125,1.1265625,false,,0.272327,811.125,false
main,Barriers,Barriers,BFMT_star,BFMT*,26,main_barriers_official_benchmark.log,3962309208,720,60,6,exact_solution,true,true,false,0.204122,726.689,1.00929027777778,false,,0.204122,726.689,false
main,Barriers,Barriers,BFMT_star,BFMT*,27,main_barriers_official_benchmark.log,3962309208,720,60,6,exact_solution,true,true,false,0.210116,742.223,1.03086527777778,false,,0.210116,742.223,false
main,Barriers,Barriers,BFMT_star,BFMT*,28,main_barriers_official_benchmark.log,3962309208,720,60,6,exact_solution,true,true,false,0.26843,775.65,1.07729166666667,false,,0.26843,775.65,false
main,Barriers,Barriers,BFMT_star,BFMT*,29,main_barriers_official_benchmark.log,3962309208,720,60,6,exact_solution,true,true,false,0.283454,750.206,1.04195277777778,false,,0.283454,750.206,false
main,Barriers,Barriers,BFMT_star,BFMT*,30,main_barriers_official_benchmark.log,3962309208,720,60,6,exact_solution,true,true,false,0.26916,780.513,1.08404583333333,false,,0.26916,780.513,false
main,Barriers,Barriers,BFMT_star,BFMT*,31,main_barriers_official_benchmark.log,3962309208,720,60,6,exact_solution,true,true,false,0.241804,753.353,1.04632361111111,false,,0.241804,753.353,false
main,Barriers,Barriers,BFMT_star,BFMT*,32,main_barriers_official_benchmark.log,3962309208,720,60,6,exact_solution,true,true,false,0.280134,847.076,1.17649444444444,false,,0.280134,847.076,false
main,Barriers,Barriers,BFMT_star,BFMT*,33,main_barriers_official_benchmark.log,3962309208,720,60,6,exact_solution,true,true,false,0.185305,748.311,1.03932083333333,false,,0.185305,748.311,false
main,Barriers,Barriers,BFMT_star,BFMT*,34,main_barriers_official_benchmark.log,3962309208,720,60,6,exact_solution,true,true,false,0.241987,773.077,1.07371805555556,false,,0.241987,773.077,false
main,Barriers,Barriers,BFMT_star,BFMT*,35,main_barriers_official_benchmark.log,3962309208,720,60,6,exact_solution,true,true,false,0.269651,766.017,1.0639125,false,,0.269651,766.017,false
main,Barriers,Barriers,BFMT_star,BFMT*,36,main_barriers_official_benchmark.log,3962309208,720,60,6,exact_solution,true,true,false,0.222942,745.3,1.03513888888889,false,,0.222942,745.3,false
main,Barriers,Barriers,BFMT_star,BFMT*,37,main_barriers_official_benchmark.log,3962309208,720,60,6,exact_solution,true,true,false,0.224073,788.067,1.0945375,false,,0.224073,788.067,false
main,Barriers,Barriers,BFMT_star,BFMT*,38,main_barriers_official_benchmark.log,3962309208,720,60,6,exact_solution,true,true,false,0.251682,760.506,1.05625833333333,false,,0.251682,760.506,false
main,Barriers,Barriers,BFMT_star,BFMT*,39,main_barriers_official_benchmark.log,3962309208,720,60,6,exact_solution,true,true,false,0.243982,785.222,1.09058611111111,false,,0.243982,785.222,false
main,Barriers,Barriers,BFMT_star,BFMT*,40,main_barriers_official_benchmark.log,3962309208,720,60,6,exact_solution,true,true,false,0.264019,767.533,1.06601805555556,false,,0.264019,767.533,false
main,Barriers,Barriers,BFMT_star,BFMT*,41,main_barriers_official_benchmark.log,3962309208,720,60,6,exact_solution,true,true,false,0.248945,738.692,1.02596111111111,false,,0.248945,738.692,false
main,Barriers,Barriers,BFMT_star,BFMT*,42,main_barriers_official_benchmark.log,3962309208,720,60,6,exact_solution,true,true,false,0.292166,790.281,1.0976125,false,,0.292166,790.281,false
main,Barriers,Barriers,BFMT_star,BFMT*,43,main_barriers_official_benchmark.log,3962309208,720,60,6,exact_solution,true,true,false,0.286469,794.875,1.10399305555556,false,,0.286469,794.875,false
main,Barriers,Barriers,BFMT_star,BFMT*,44,main_barriers_official_benchmark.log,3962309208,720,60,6,exact_solution,true,true,false,0.248173,801.37,1.11301388888889,false,,0.248173,801.37,false
main,Barriers,Barriers,BFMT_star,BFMT*,45,main_barriers_official_benchmark.log,3962309208,720,60,6,exact_solution,true,true,false,0.295687,831.006,1.154175,false,,0.295687,831.006,false
main,Barriers,Barriers,BFMT_star,BFMT*,46,main_barriers_official_benchmark.log,3962309208,720,60,6,exact_solution,true,true,false,0.183832,741.556,1.02993888888889,false,,0.183832,741.556,false
main,Barriers,Barriers,BFMT_star,BFMT*,47,main_barriers_official_benchmark.log,3962309208,720,60,6,exact_solution,true,true,false,0.192596,753.746,1.04686944444444,false,,0.192596,753.746,false
main,Barriers,Barriers,BFMT_star,BFMT*,48,main_barriers_official_benchmark.log,3962309208,720,60,6,exact_solution,true,true,false,0.219224,726.977,1.00969027777778,false,,0.219224,726.977,false
main,Barriers,Barriers,BFMT_star,BFMT*,49,main_barriers_official_benchmark.log,3962309208,720,60,6,exact_solution,true,true,false,0.289069,788.5,1.09513888888889,false,,0.289069,788.5,false
main,Barriers,Barriers,BFMT_star,BFMT*,50,main_barriers_official_benchmark.log,3962309208,720,60,6,exact_solution,true,true,false,0.24968,749.144,1.04047777777778,false,,0.24968,749.144,false
main,Barriers,Barriers,kBITstar,BIT*,1,main_barriers_official_benchmark.log,3962309208,720,60,6,exact_solution,true,true,false,16.5186,716.699,0.995415277777778,true,16.5186,16.5186,716.699,false
main,Barriers,Barriers,kBITstar,BIT*,2,main_barriers_official_benchmark.log,3962309208,720,60,6,exact_solution,true,true,false,6.24323,719.744,0.999644444444444,true,6.24323,6.24323,719.744,false
main,Barriers,Barriers,kBITstar,BIT*,3,main_barriers_official_benchmark.log,3962309208,720,60,6,exact_solution,true,true,false,26.6807,719.614,0.999463888888889,true,26.6807,26.6807,719.614,false
main,Barriers,Barriers,kBITstar,BIT*,4,main_barriers_official_benchmark.log,3962309208,720,60,6,exact_solution,true,true,false,9.30112,719.44,0.999222222222222,true,9.30112,9.30112,719.44,false
main,Barriers,Barriers,kBITstar,BIT*,5,main_barriers_official_benchmark.log,3962309208,720,60,6,exact_solution,true,true,false,15.5599,718.655,0.998131944444444,true,15.5599,15.5599,718.655,false
main,Barriers,Barriers,kBITstar,BIT*,6,main_barriers_official_benchmark.log,3962309208,720,60,6,exact_solution,true,true,false,24.3176,719.882,0.999836111111111,true,24.3176,24.3176,719.882,false
main,Barriers,Barriers,kBITstar,BIT*,7,main_barriers_official_benchmark.log,3962309208,720,60,6,exact_solution,true,true,false,11.7019,712.26,0.98925,true,11.7019,11.7019,712.26,false
main,Barriers,Barriers,kBITstar,BIT*,8,main_barriers_official_benchmark.log,3962309208,720,60,6,exact_solution,true,true,false,12.1644,714.495,0.992354166666667,true,12.1644,12.1644,714.495,false
main,Barriers,Barriers,kBITstar,BIT*,9,main_barriers_official_benchmark.log,3962309208,720,60,6,exact_solution,true,true,false,14.286,719.046,0.998675,true,14.286,14.286,719.046,false
main,Barriers,Barriers,kBITstar,BIT*,10,main_barriers_official_benchmark.log,3962309208,720,60,6,exact_solution,true,true,false,8.9538,718.711,0.998209722222222,true,8.9538,8.9538,718.711,false
main,Barriers,Barriers,kBITstar,BIT*,11,main_barriers_official_benchmark.log,3962309208,720,60,6,exact_solution,true,true,false,16.695,718.522,0.997947222222222,true,16.695,16.695,718.522,false
main,Barriers,Barriers,kBITstar,BIT*,12,main_barriers_official_benchmark.log,3962309208,720,60,6,exact_solution,true,true,false,14.6169,719.995,0.999993055555556,true,14.6169,14.6169,719.995,false
main,Barriers,Barriers,kBITstar,BIT*,13,main_barriers_official_benchmark.log,3962309208,720,60,6,exact_solution,true,true,false,8.42761,718.789,0.998318055555556,true,8.42761,8.42761,718.789,false
main,Barriers,Barriers,kBITstar,BIT*,14,main_barriers_official_benchmark.log,3962309208,720,60,6,exact_solution,true,true,false,4.80551,719.968,0.999955555555555,true,4.80551,4.80551,719.968,false
main,Barriers,Barriers,kBITstar,BIT*,15,main_barriers_official_benchmark.log,3962309208,720,60,6,exact_solution,true,true,false,19.078,719.634,0.999491666666667,true,19.078,19.078,719.634,false
main,Barriers,Barriers,kBITstar,BIT*,16,main_barriers_official_benchmark.log,3962309208,720,60,6,exact_solution,true,true,false,17.9797,719.974,0.999963888888889,true,17.9797,17.9797,719.974,false
main,Barriers,Barriers,kBITstar,BIT*,17,main_barriers_official_benchmark.log,3962309208,720,60,6,exact_solution,true,true,false,11.0025,719.299,0.999026388888889,true,11.0025,11.0025,719.299,false
main,Barriers,Barriers,kBITstar,BIT*,18,main_barriers_official_benchmark.log,3962309208,720,60,6,exact_solution,true,true,false,7.14293,715.195,0.993326388888889,true,7.14293,7.14293,715.195,false
main,Barriers,Barriers,kBITstar,BIT*,19,main_barriers_official_benchmark.log,3962309208,720,60,6,exact_solution,true,true,false,11.1179,719.775,0.9996875,true,11.1179,11.1179,719.775,false
main,Barriers,Barriers,kBITstar,BIT*,20,main_barriers_official_benchmark.log,3962309208,720,60,6,exact_solution,true,true,false,1.45063,719.813,0.999740277777778,true,1.45063,1.45063,719.813,false
main,Barriers,Barriers,kBITstar,BIT*,21,main_barriers_official_benchmark.log,3962309208,720,60,6,exact_solution,true,true,false,9.84181,719.428,0.999205555555556,true,9.84181,9.84181,719.428,false
main,Barriers,Barriers,kBITstar,BIT*,22,main_barriers_official_benchmark.log,3962309208,720,60,6,exact_solution,true,true,false,7.59802,719.35,0.999097222222222,true,7.59802,7.59802,719.35,false
main,Barriers,Barriers,kBITstar,BIT*,23,main_barriers_official_benchmark.log,3962309208,720,60,6,exact_solution,true,true,false,14.5286,719.973,0.9999625,true,14.5286,14.5286,719.973,false
main,Barriers,Barriers,kBITstar,BIT*,24,main_barriers_official_benchmark.log,3962309208,720,60,6,exact_solution,true,true,false,13.9933,718.567,0.998009722222222,true,13.9933,13.9933,718.567,false
main,Barriers,Barriers,kBITstar,BIT*,25,main_barriers_official_benchmark.log,3962309208,720,60,6,exact_solution,true,true,false,15.0171,719.979,0.999970833333333,true,15.0171,15.0171,719.979,false
main,Barriers,Barriers,kBITstar,BIT*,26,main_barriers_official_benchmark.log,3962309208,720,60,6,exact_solution,true,true,false,16.1227,717.558,0.996608333333333,true,16.1227,16.1227,717.558,false
main,Barriers,Barriers,kBITstar,BIT*,27,main_barriers_official_benchmark.log,3962309208,720,60,6,exact_solution,true,true,false,12.7224,719.957,0.999940277777778,true,12.7224,12.7224,719.957,false
main,Barriers,Barriers,kBITstar,BIT*,28,main_barriers_official_benchmark.log,3962309208,720,60,6,exact_solution,true,true,false,18.8825,717.198,0.996108333333333,true,18.8825,18.8825,717.198,false
main,Barriers,Barriers,kBITstar,BIT*,29,main_barriers_official_benchmark.log,3962309208,720,60,6,exact_solution,true,true,false,15.3833,719.239,0.998943055555556,true,15.3833,15.3833,719.239,false
main,Barriers,Barriers,kBITstar,BIT*,30,main_barriers_official_benchmark.log,3962309208,720,60,6,exact_solution,true,true,false,8.68633,719.464,0.999255555555556,true,8.68633,8.68633,719.464,false
main,Barriers,Barriers,kBITstar,BIT*,31,main_barriers_official_benchmark.log,3962309208,720,60,6,exact_solution,true,true,false,18.9795,719.65,0.999513888888889,true,18.9795,18.9795,719.65,false
main,Barriers,Barriers,kBITstar,BIT*,32,main_barriers_official_benchmark.log,3962309208,720,60,6,exact_solution,true,true,false,3.89164,715.279,0.993443055555556,true,3.89164,3.89164,715.279,false
main,Barriers,Barriers,kBITstar,BIT*,33,main_barriers_official_benchmark.log,3962309208,720,60,6,exact_solution,true,true,false,7.40182,718.483,0.997893055555556,true,7.40182,7.40182,718.483,false
main,Barriers,Barriers,kBITstar,BIT*,34,main_barriers_official_benchmark.log,3962309208,720,60,6,exact_solution,true,true,false,2.6796,716.636,0.995327777777778,true,2.6796,2.6796,716.636,false
main,Barriers,Barriers,kBITstar,BIT*,35,main_barriers_official_benchmark.log,3962309208,720,60,6,exact_solution,true,true,false,3.9108,719.883,0.9998375,true,3.9108,3.9108,719.883,false
main,Barriers,Barriers,kBITstar,BIT*,36,main_barriers_official_benchmark.log,3962309208,720,60,6,exact_solution,true,true,false,14.1923,719.549,0.999373611111111,true,14.1923,14.1923,719.549,false
main,Barriers,Barriers,kBITstar,BIT*,37,main_barriers_official_benchmark.log,3962309208,720,60,6,exact_solution,true,true,false,7.95145,719.931,0.999904166666667,true,7.95145,7.95145,719.931,false
main,Barriers,Barriers,kBITstar,BIT*,38,main_barriers_official_benchmark.log,3962309208,720,60,6,exact_solution,true,true,false,7.93264,719.606,0.999452777777778,true,7.93264,7.93264,719.606,false
main,Barriers,Barriers,kBITstar,BIT*,39,main_barriers_official_benchmark.log,3962309208,720,60,6,exact_solution,true,true,false,50.7122,718.637,0.998106944444444,true,50.7122,50.7122,718.637,false
main,Barriers,Barriers,kBITstar,BIT*,40,main_barriers_official_benchmark.log,3962309208,720,60,6,exact_solution,true,true,false,6.738,714.156,0.991883333333333,true,6.738,6.738,714.156,false
main,Barriers,Barriers,kBITstar,BIT*,41,main_barriers_official_benchmark.log,3962309208,720,60,6,exact_solution,true,true,false,19.0232,717.737,0.996856944444444,true,19.0232,19.0232,717.737,false
main,Barriers,Barriers,kBITstar,BIT*,42,main_barriers_official_benchmark.log,3962309208,720,60,6,exact_solution,true,true,false,7.01759,719.788,0.999705555555556,true,7.01759,7.01759,719.788,false
main,Barriers,Barriers,kBITstar,BIT*,43,main_barriers_official_benchmark.log,3962309208,720,60,6,exact_solution,true,true,false,6.28059,719.718,0.999608333333333,true,6.28059,6.28059,719.718,false
main,Barriers,Barriers,kBITstar,BIT*,44,main_barriers_official_benchmark.log,3962309208,720,60,6,exact_solution,true,true,false,1.70611,719.817,0.999745833333333,true,1.70611,1.70611,719.817,false
main,Barriers,Barriers,kBITstar,BIT*,45,main_barriers_official_benchmark.log,3962309208,720,60,6,exact_solution,true,true,false,7.37445,717.306,0.996258333333333,true,7.37445,7.37445,717.306,false
main,Barriers,Barriers,kBITstar,BIT*,46,main_barriers_official_benchmark.log,3962309208,720,60,6,exact_solution,true,true,false,2.59567,719.54,0.999361111111111,true,2.59567,2.59567,719.54,false
main,Barriers,Barriers,kBITstar,BIT*,47,main_barriers_official_benchmark.log,3962309208,720,60,6,exact_solution,true,true,false,7.36527,719.862,0.999808333333333,true,7.36527,7.36527,719.862,false
main,Barriers,Barriers,kBITstar,BIT*,48,main_barriers_official_benchmark.log,3962309208,720,60,6,exact_solution,true,true,false,32.3841,718.377,0.997745833333333,true,32.3841,32.3841,718.377,false
main,Barriers,Barriers,kBITstar,BIT*,49,main_barriers_official_benchmark.log,3962309208,720,60,6,exact_solution,true,true,false,20.4714,719.472,0.999266666666667,true,20.4714,20.4714,719.472,false
main,Barriers,Barriers,kBITstar,BIT*,50,main_barriers_official_benchmark.log,3962309208,720,60,6,exact_solution,true,true,false,19.8394,717.599,0.996665277777778,true,19.8394,19.8394,717.599,false
main,Barriers,Barriers,InformedRRTstar,Informed RRT*,1,main_barriers_official_benchmark.log,3962309208,720,60,6,exact_solution,true,true,false,13.8974,718.030973,0.997265240277778,true,13.8974,0.643304,874.578886,true
main,Barriers,Barriers,InformedRRTstar,Informed RRT*,2,main_barriers_official_benchmark.log,3962309208,720,60,6,exact_solution,true,true,false,16.0825,717.561515,0.996613215277778,true,16.0825,0.984682,1526.986536,true
main,Barriers,Barriers,InformedRRTstar,Informed RRT*,3,main_barriers_official_benchmark.log,3962309208,720,60,6,exact_solution,true,true,false,14.5839,717.383286,0.996365675,true,14.5839,0.670916,1036.041689,true
main,Barriers,Barriers,InformedRRTstar,Informed RRT*,4,main_barriers_official_benchmark.log,3962309208,720,60,6,exact_solution,true,true,false,10.0591,705.651899,0.980072081944444,true,10.0591,0.31624,1157.637354,true
main,Barriers,Barriers,InformedRRTstar,Informed RRT*,5,main_barriers_official_benchmark.log,3962309208,720,60,6,exact_solution,true,true,false,60.026,726.586769,1.00914829027778,false,,1.15361,869.023752,true
main,Barriers,Barriers,InformedRRTstar,Informed RRT*,6,main_barriers_official_benchmark.log,3962309208,720,60,6,exact_solution,true,true,false,9.01329,719.341474,0.999085380555556,true,9.01329,0.416836,1144.582647,true
main,Barriers,Barriers,InformedRRTstar,Informed RRT*,7,main_barriers_official_benchmark.log,3962309208,720,60,6,exact_solution,true,true,false,18.0228,718.971208,0.998571122222222,true,18.0228,0.913158,1023.065367,true
main,Barriers,Barriers,InformedRRTstar,Informed RRT*,8,main_barriers_official_benchmark.log,3962309208,720,60,6,exact_solution,true,true,false,29.7613,717.612137,0.996683523611111,true,29.7613,0.936805,892.81588,true
main,Barriers,Barriers,InformedRRTstar,Informed RRT*,9,main_barriers_official_benchmark.log,3962309208,720,60,6,exact_solution,true,true,false,18.1998,719.876778,0.999828858333333,true,18.1998,1.06466,880.724685,true
main,Barriers,Barriers,InformedRRTstar,Informed RRT*,10,main_barriers_official_benchmark.log,3962309208,720,60,6,exact_solution,true,true,false,13.4696,718.949078,0.998540386111111,true,13.4696,1.03088,1022.020779,true
main,Barriers,Barriers,InformedRRTstar,Informed RRT*,11,main_barriers_official_benchmark.log,3962309208,720,60,6,exact_solution,true,true,false,29.7317,719.278436,0.998997827777778,true,29.7317,1.19771,921.297122,true
main,Barriers,Barriers,InformedRRTstar,Informed RRT*,12,main_barriers_official_benchmark.log,3962309208,720,60,6,exact_solution,true,true,false,60.0772,728.787805,1.01220528472222,false,,0.906753,1288.871765,true
main,Barriers,Barriers,InformedRRTstar,Informed RRT*,13,main_barriers_official_benchmark.log,3962309208,720,60,6,exact_solution,true,true,false,60.0826,723.655162,1.00507661388889,false,,0.807931,943.707536,true
main,Barriers,Barriers,InformedRRTstar,Informed RRT*,14,main_barriers_official_benchmark.log,3962309208,720,60,6,exact_solution,true,true,false,11.6765,719.943368,0.999921344444444,true,11.6765,0.617161,1009.626766,true
main,Barriers,Barriers,InformedRRTstar,Informed RRT*,15,main_barriers_official_benchmark.log,3962309208,720,60,6,exact_solution,true,true,false,60.0141,737.663794,1.02453304722222,false,,3.19701,1198.842251,true
main,Barriers,Barriers,InformedRRTstar,Informed RRT*,16,main_barriers_official_benchmark.log,3962309208,720,60,6,exact_solution,true,true,false,8.95374,718.840955,0.998390215277778,true,8.95374,0.738303,1219.653472,true
main,Barriers,Barriers,InformedRRTstar,Informed RRT*,17,main_barriers_official_benchmark.log,3962309208,720,60,6,exact_solution,true,true,false,60.0275,724.708241,1.00653922361111,false,,0.271945,1170.910079,true
main,Barriers,Barriers,InformedRRTstar,Informed RRT*,18,main_barriers_official_benchmark.log,3962309208,720,60,6,exact_solution,true,true,false,56.1661,718.600834,0.998056713888889,true,56.1657,0.996982,1179.721802,true
main,Barriers,Barriers,InformedRRTstar,Informed RRT*,19,main_barriers_official_benchmark.log,3962309208,720,60,6,exact_solution,true,true,false,7.74666,718.035719,0.997271831944444,true,7.74666,0.943987,1219.087046,true
main,Barriers,Barriers,InformedRRTstar,Informed RRT*,20,main_barriers_official_benchmark.log,3962309208,720,60,6,exact_solution,true,true,false,60.0038,723.815909,1.00529987361111,false,,0.598993,887.088693,true
main,Barriers,Barriers,InformedRRTstar,Informed RRT*,21,main_barriers_official_benchmark.log,3962309208,720,60,6,exact_solution,true,true,false,60.123,724.575577,1.00635496805556,false,,1.37315,1071.440336,true
main,Barriers,Barriers,InformedRRTstar,Informed RRT*,22,main_barriers_official_benchmark.log,3962309208,720,60,6,exact_solution,true,true,false,60.1194,725.011747,1.00696075972222,false,,0.977366,1511.273343,true
main,Barriers,Barriers,InformedRRTstar,Informed RRT*,23,main_barriers_official_benchmark.log,3962309208,720,60,6,exact_solution,true,true,false,8.72303,718.305608,0.997646677777778,true,8.72303,0.443822,831.27682,true
main,Barriers,Barriers,InformedRRTstar,Informed RRT*,24,main_barriers_official_benchmark.log,3962309208,720,60,6,exact_solution,true,true,false,17.6532,719.414266,0.999186480555556,true,17.6532,1.11635,1021.638229,true
main,Barriers,Barriers,InformedRRTstar,Informed RRT*,25,main_barriers_official_benchmark.log,3962309208,720,60,6,exact_solution,true,true,false,53.9702,710.892034,0.987350047222222,true,53.9702,0.5299,1335.34784,true
main,Barriers,Barriers,InformedRRTstar,Informed RRT*,26,main_barriers_official_benchmark.log,3962309208,720,60,6,exact_solution,true,true,false,60.13,721.923372,1.00267135,false,,0.52654,971.087415,true
main,Barriers,Barriers,InformedRRTstar,Informed RRT*,27,main_barriers_official_benchmark.log,3962309208,720,60,6,exact_solution,true,true,false,14.0014,719.89138,0.999849138888889,true,14.0014,0.409759,1336.973798,true
main,Barriers,Barriers,InformedRRTstar,Informed RRT*,28,main_barriers_official_benchmark.log,3962309208,720,60,6,exact_solution,true,true,false,41.775,719.752769,0.999656623611111,true,41.775,0.73503,1247.809137,true
main,Barriers,Barriers,InformedRRTstar,Informed RRT*,29,main_barriers_official_benchmark.log,3962309208,720,60,6,exact_solution,true,true,false,60.0027,724.903885,1.00681095138889,false,,1.37807,885.98215,true
main,Barriers,Barriers,InformedRRTstar,Informed RRT*,30,main_barriers_official_benchmark.log,3962309208,720,60,6,exact_solution,true,true,false,13.9687,719.972657,0.999962023611111,true,13.9687,0.910276,1116.137397,true
main,Barriers,Barriers,InformedRRTstar,Informed RRT*,31,main_barriers_official_benchmark.log,3962309208,720,60,6,exact_solution,true,true,false,44.5457,719.991353,0.999987990277778,true,44.5457,0.683451,964.365941,true
main,Barriers,Barriers,InformedRRTstar,Informed RRT*,32,main_barriers_official_benchmark.log,3962309208,720,60,6,exact_solution,true,true,false,9.12904,719.869699,0.999819026388889,true,9.12904,0.852615,1115.799365,true
main,Barriers,Barriers,InformedRRTstar,Informed RRT*,33,main_barriers_official_benchmark.log,3962309208,720,60,6,exact_solution,true,true,false,15.6196,719.492257,0.999294801388889,true,15.6195,0.574283,923.36601,true
main,Barriers,Barriers,InformedRRTstar,Informed RRT*,34,main_barriers_official_benchmark.log,3962309208,720,60,6,exact_solution,true,true,false,13.0536,717.411376,0.996404688888889,true,13.0536,0.79888,1226.731955,true
main,Barriers,Barriers,InformedRRTstar,Informed RRT*,35,main_barriers_official_benchmark.log,3962309208,720,60,6,exact_solution,true,true,false,17.1163,719.600027,0.999444481944444,true,17.1163,0.234724,1113.03299,true
main,Barriers,Barriers,InformedRRTstar,Informed RRT*,36,main_barriers_official_benchmark.log,3962309208,720,60,6,exact_solution,true,true,false,57.6469,719.842206,0.999780841666667,true,57.6469,1.00412,1108.74027,true
main,Barriers,Barriers,InformedRRTstar,Informed RRT*,37,main_barriers_official_benchmark.log,3962309208,720,60,6,exact_solution,true,true,false,21.831,719.650784,0.999514977777778,true,21.831,0.191099,1244.299778,true
main,Barriers,Barriers,InformedRRTstar,Informed RRT*,38,main_barriers_official_benchmark.log,3962309208,720,60,6,exact_solution,true,true,false,60.1077,725.185426,1.00720198055556,false,,1.04221,851.37208,true
main,Barriers,Barriers,InformedRRTstar,Informed RRT*,39,main_barriers_official_benchmark.log,3962309208,720,60,6,exact_solution,true,true,false,13.9073,714.494394,0.992353325,true,13.9073,0.735555,1285.981033,true
main,Barriers,Barriers,InformedRRTstar,Informed RRT*,40,main_barriers_official_benchmark.log,3962309208,720,60,6,exact_solution,true,true,false,60.1412,724.833287,1.00671289861111,false,,0.681234,1345.378071,true
main,Barriers,Barriers,InformedRRTstar,Informed RRT*,41,main_barriers_official_benchmark.log,3962309208,720,60,6,exact_solution,true,true,false,16.8899,719.252256,0.998961466666667,true,16.8899,0.605368,1225.456308,true
main,Barriers,Barriers,InformedRRTstar,Informed RRT*,42,main_barriers_official_benchmark.log,3962309208,720,60,6,exact_solution,true,true,false,49.0996,716.391565,0.994988284722222,true,49.0996,0.370151,913.313102,true
main,Barriers,Barriers,InformedRRTstar,Informed RRT*,43,main_barriers_official_benchmark.log,3962309208,720,60,6,exact_solution,true,true,false,60.0988,722.133782,1.00296358611111,false,,1.838,1190.988812,true
main,Barriers,Barriers,InformedRRTstar,Informed RRT*,44,main_barriers_official_benchmark.log,3962309208,720,60,6,exact_solution,true,true,false,60.0997,725.071452,1.00704368333333,false,,0.583187,1628.779799,true
main,Barriers,Barriers,InformedRRTstar,Informed RRT*,45,main_barriers_official_benchmark.log,3962309208,720,60,6,exact_solution,true,true,false,18.0379,719.191043,0.998876448611111,true,18.0379,1.14636,1245.379197,true
main,Barriers,Barriers,InformedRRTstar,Informed RRT*,46,main_barriers_official_benchmark.log,3962309208,720,60,6,exact_solution,true,true,false,19.4929,713.903794,0.991533047222222,true,19.4929,0.757999,818.160137,true
main,Barriers,Barriers,InformedRRTstar,Informed RRT*,47,main_barriers_official_benchmark.log,3962309208,720,60,6,exact_solution,true,true,false,7.72725,708.49282,0.984017805555556,true,7.72725,0.813804,937.851744,true
main,Barriers,Barriers,InformedRRTstar,Informed RRT*,48,main_barriers_official_benchmark.log,3962309208,720,60,6,exact_solution,true,true,false,22.7172,719.845788,0.999785816666667,true,22.7172,0.233589,1333.740853,true
main,Barriers,Barriers,InformedRRTstar,Informed RRT*,49,main_barriers_official_benchmark.log,3962309208,720,60,6,exact_solution,true,true,false,9.19821,719.772276,0.999683716666667,true,9.19821,0.74703,913.149588,true
main,Barriers,Barriers,InformedRRTstar,Informed RRT*,50,main_barriers_official_benchmark.log,3962309208,720,60,6,exact_solution,true,true,false,25.4379,719.904609,0.9998675125,true,25.4379,2.0297,870.829022,true
main,cubicles_opt,Cubicles_opt,DAFMT_star,PEBFMT*,1,main_cubicles_opt_official_benchmark.log,4019389281,1800,60,6,exact_solution,true,true,false,28.4222,1797.096527,0.998386959444444,true,28.4222,1.60642,2004.053323,true
main,cubicles_opt,Cubicles_opt,DAFMT_star,PEBFMT*,2,main_cubicles_opt_official_benchmark.log,4019389281,1800,60,6,exact_solution,true,true,false,34.0359,1798.878187,0.999376770555556,true,34.0359,1.55431,1925.816465,true
main,cubicles_opt,Cubicles_opt,DAFMT_star,PEBFMT*,3,main_cubicles_opt_official_benchmark.log,4019389281,1800,60,6,exact_solution,true,true,false,40.9075,1795.167914,0.997315507777778,true,40.9075,1.63748,1937.746289,true
main,cubicles_opt,Cubicles_opt,DAFMT_star,PEBFMT*,4,main_cubicles_opt_official_benchmark.log,4019389281,1800,60,6,exact_solution,true,true,false,39.0986,1794.479021,0.996932789444445,true,39.0986,1.7094,1994.319466,true
main,cubicles_opt,Cubicles_opt,DAFMT_star,PEBFMT*,5,main_cubicles_opt_official_benchmark.log,4019389281,1800,60,6,exact_solution,true,true,false,30.3248,1794.984916,0.997213842222222,true,30.3248,1.79627,1969.614354,true
main,cubicles_opt,Cubicles_opt,DAFMT_star,PEBFMT*,6,main_cubicles_opt_official_benchmark.log,4019389281,1800,60,6,exact_solution,true,true,false,26.1681,1784.681423,0.991489679444444,true,26.1681,1.72757,1937.530348,true
main,cubicles_opt,Cubicles_opt,DAFMT_star,PEBFMT*,7,main_cubicles_opt_official_benchmark.log,4019389281,1800,60,6,exact_solution,true,true,false,17.8678,1799.826656,0.999903697777778,true,17.8678,1.66755,1926.283366,true
main,cubicles_opt,Cubicles_opt,DAFMT_star,PEBFMT*,8,main_cubicles_opt_official_benchmark.log,4019389281,1800,60,6,exact_solution,true,true,false,39.5104,1799.09546,0.999497477777778,true,39.5104,1.69068,1955.896379,true
main,cubicles_opt,Cubicles_opt,DAFMT_star,PEBFMT*,9,main_cubicles_opt_official_benchmark.log,4019389281,1800,60,6,exact_solution,true,true,false,27.478,1787.831275,0.993239597222222,true,27.478,1.777,1939.928093,true
main,cubicles_opt,Cubicles_opt,DAFMT_star,PEBFMT*,10,main_cubicles_opt_official_benchmark.log,4019389281,1800,60,6,exact_solution,true,true,false,20.342,1797.362446,0.998534692222222,true,20.342,1.89943,1976.391667,true
main,cubicles_opt,Cubicles_opt,DAFMT_star,PEBFMT*,11,main_cubicles_opt_official_benchmark.log,4019389281,1800,60,6,exact_solution,true,true,false,31.8378,1799.957061,0.999976145,true,31.8378,1.67365,1978.695848,true
main,cubicles_opt,Cubicles_opt,DAFMT_star,PEBFMT*,12,main_cubicles_opt_official_benchmark.log,4019389281,1800,60,6,exact_solution,true,true,false,26.6528,1792.693172,0.995940651111111,true,26.6528,1.6487,1940.004831,true
main,cubicles_opt,Cubicles_opt,DAFMT_star,PEBFMT*,13,main_cubicles_opt_official_benchmark.log,4019389281,1800,60,6,exact_solution,true,true,false,39.0281,1799.086736,0.999492631111111,true,39.0281,1.64782,1959.239565,true
main,cubicles_opt,Cubicles_opt,DAFMT_star,PEBFMT*,14,main_cubicles_opt_official_benchmark.log,4019389281,1800,60,6,exact_solution,true,true,false,44.7247,1794.183928,0.996768848888889,true,44.7247,1.77785,1985.611905,true
main,cubicles_opt,Cubicles_opt,DAFMT_star,PEBFMT*,15,main_cubicles_opt_official_benchmark.log,4019389281,1800,60,6,exact_solution,true,true,false,35.0854,1799.331206,0.999628447777778,true,35.0854,1.71278,1955.281358,true
main,cubicles_opt,Cubicles_opt,DAFMT_star,PEBFMT*,16,main_cubicles_opt_official_benchmark.log,4019389281,1800,60,6,exact_solution,true,true,false,14.9386,1776.979975,0.987211097222222,true,14.9386,1.74857,1913.180048,true
main,cubicles_opt,Cubicles_opt,DAFMT_star,PEBFMT*,17,main_cubicles_opt_official_benchmark.log,4019389281,1800,60,6,exact_solution,true,true,false,34.3626,1794.755569,0.997086427222222,true,34.3626,1.66725,1976.611381,true
main,cubicles_opt,Cubicles_opt,DAFMT_star,PEBFMT*,18,main_cubicles_opt_official_benchmark.log,4019389281,1800,60,6,exact_solution,true,true,false,36.5474,1792.146815,0.995637119444444,true,36.5474,1.71141,1968.521911,true
main,cubicles_opt,Cubicles_opt,DAFMT_star,PEBFMT*,19,main_cubicles_opt_official_benchmark.log,4019389281,1800,60,6,exact_solution,true,true,false,49.8557,1794.532835,0.996962686111111,true,49.8557,1.82404,1992.111016,true
main,cubicles_opt,Cubicles_opt,DAFMT_star,PEBFMT*,20,main_cubicles_opt_official_benchmark.log,4019389281,1800,60,6,exact_solution,true,true,false,43.282,1794.801042,0.99711169,true,43.282,1.65521,1990.446452,true
main,cubicles_opt,Cubicles_opt,DAFMT_star,PEBFMT*,21,main_cubicles_opt_official_benchmark.log,4019389281,1800,60,6,exact_solution,true,true,false,47.928,1797.351164,0.998528424444444,true,47.928,1.66385,1986.174205,true
main,cubicles_opt,Cubicles_opt,DAFMT_star,PEBFMT*,22,main_cubicles_opt_official_benchmark.log,4019389281,1800,60,6,exact_solution,true,true,false,31.3975,1799.915394,0.999952996666667,true,31.3975,1.75996,1943.063514,true
main,cubicles_opt,Cubicles_opt,DAFMT_star,PEBFMT*,23,main_cubicles_opt_official_benchmark.log,4019389281,1800,60,6,exact_solution,true,true,false,48.0479,1799.097109,0.999498393888889,true,48.0479,1.74363,1989.470055,true
main,cubicles_opt,Cubicles_opt,DAFMT_star,PEBFMT*,24,main_cubicles_opt_official_benchmark.log,4019389281,1800,60,6,exact_solution,true,true,false,26.4065,1797.389043,0.998549468333333,true,26.4065,1.7548,1962.681496,true
main,cubicles_opt,Cubicles_opt,DAFMT_star,PEBFMT*,25,main_cubicles_opt_official_benchmark.log,4019389281,1800,60,6,exact_solution,true,true,false,26.1008,1794.156884,0.996753824444444,true,26.1008,1.71829,1950.196387,true
main,cubicles_opt,Cubicles_opt,DAFMT_star,PEBFMT*,26,main_cubicles_opt_official_benchmark.log,4019389281,1800,60,6,exact_solution,true,true,false,48.4428,1789.245262,0.994025145555556,true,48.4428,1.75156,2036.131049,true
main,cubicles_opt,Cubicles_opt,DAFMT_star,PEBFMT*,27,main_cubicles_opt_official_benchmark.log,4019389281,1800,60,6,exact_solution,true,true,false,26.7228,1772.630418,0.984794676666667,true,26.7228,1.74527,1922.258206,true
main,cubicles_opt,Cubicles_opt,DAFMT_star,PEBFMT*,28,main_cubicles_opt_official_benchmark.log,4019389281,1800,60,6,exact_solution,true,true,false,25.3043,1796.941832,0.998301017777778,true,25.3043,1.67896,1929.036749,true
main,cubicles_opt,Cubicles_opt,DAFMT_star,PEBFMT*,29,main_cubicles_opt_official_benchmark.log,4019389281,1800,60,6,exact_solution,true,true,false,36.5055,1794.147954,0.996748863333333,true,36.5055,1.64088,1923.320573,true
main,cubicles_opt,Cubicles_opt,DAFMT_star,PEBFMT*,30,main_cubicles_opt_official_benchmark.log,4019389281,1800,60,6,exact_solution,true,true,false,30.2121,1791.722073,0.995401151666667,true,30.2121,1.67976,1929.964928,true
main,cubicles_opt,Cubicles_opt,DAFMT_star,PEBFMT*,31,main_cubicles_opt_official_benchmark.log,4019389281,1800,60,6,exact_solution,true,true,false,38.0821,1799.496765,0.999720425,true,38.0821,1.74884,2016.439556,true
main,cubicles_opt,Cubicles_opt,DAFMT_star,PEBFMT*,32,main_cubicles_opt_official_benchmark.log,4019389281,1800,60,6,exact_solution,true,true,false,19.6895,1796.607836,0.998115464444444,true,19.6894,1.63762,1908.733821,true
main,cubicles_opt,Cubicles_opt,DAFMT_star,PEBFMT*,33,main_cubicles_opt_official_benchmark.log,4019389281,1800,60,6,exact_solution,true,true,false,15.9015,1798.546096,0.999192275555556,true,15.9015,1.84336,1920.901214,true
main,cubicles_opt,Cubicles_opt,DAFMT_star,PEBFMT*,34,main_cubicles_opt_official_benchmark.log,4019389281,1800,60,6,exact_solution,true,true,false,33.6283,1786.855973,0.992697762777778,true,33.6283,1.68947,1895.574722,true
main,cubicles_opt,Cubicles_opt,DAFMT_star,PEBFMT*,35,main_cubicles_opt_official_benchmark.log,4019389281,1800,60,6,exact_solution,true,true,false,23.9307,1792.50658,0.995836988888889,true,23.9307,1.69903,2001.345218,true
main,cubicles_opt,Cubicles_opt,DAFMT_star,PEBFMT*,36,main_cubicles_opt_official_benchmark.log,4019389281,1800,60,6,exact_solution,true,true,false,45.0459,1799.826326,0.999903514444444,true,45.0458,1.72072,1986.909693,true
main,cubicles_opt,Cubicles_opt,DAFMT_star,PEBFMT*,37,main_cubicles_opt_official_benchmark.log,4019389281,1800,60,6,exact_solution,true,true,false,36.2938,1770.647467,0.983693037222222,true,36.2938,1.64687,1988.564687,true
main,cubicles_opt,Cubicles_opt,DAFMT_star,PEBFMT*,38,main_cubicles_opt_official_benchmark.log,4019389281,1800,60,6,exact_solution,true,true,false,34.3507,1796.105054,0.997836141111111,true,34.3507,1.74529,2013.544079,true
main,cubicles_opt,Cubicles_opt,DAFMT_star,PEBFMT*,39,main_cubicles_opt_official_benchmark.log,4019389281,1800,60,6,exact_solution,true,true,false,35.3083,1797.144441,0.998413578333333,true,35.3082,1.67611,1937.975838,true
main,cubicles_opt,Cubicles_opt,DAFMT_star,PEBFMT*,40,main_cubicles_opt_official_benchmark.log,4019389281,1800,60,6,exact_solution,true,true,false,34.7695,1798.922114,0.999401174444444,true,34.7695,1.58566,2052.282333,true
main,cubicles_opt,Cubicles_opt,DAFMT_star,PEBFMT*,41,main_cubicles_opt_official_benchmark.log,4019389281,1800,60,6,exact_solution,true,true,false,11.168,1797.080475,0.998378041666667,true,11.168,1.71053,1947.957201,true
main,cubicles_opt,Cubicles_opt,DAFMT_star,PEBFMT*,42,main_cubicles_opt_official_benchmark.log,4019389281,1800,60,6,exact_solution,true,true,false,36.6313,1799.112346,0.999506858888889,true,36.6313,1.67488,1932.653715,true
main,cubicles_opt,Cubicles_opt,DAFMT_star,PEBFMT*,43,main_cubicles_opt_official_benchmark.log,4019389281,1800,60,6,exact_solution,true,true,false,42.7427,1797.614294,0.998674607777778,true,42.7427,1.71896,1995.901335,true
main,cubicles_opt,Cubicles_opt,DAFMT_star,PEBFMT*,44,main_cubicles_opt_official_benchmark.log,4019389281,1800,60,6,exact_solution,true,true,false,35.5014,1797.774818,0.998763787777778,true,35.5014,1.63681,1958.871152,true
main,cubicles_opt,Cubicles_opt,DAFMT_star,PEBFMT*,45,main_cubicles_opt_official_benchmark.log,4019389281,1800,60,6,exact_solution,true,true,false,24.1433,1787.756748,0.993198193333333,true,24.1433,1.67871,1979.574754,true
main,cubicles_opt,Cubicles_opt,DAFMT_star,PEBFMT*,46,main_cubicles_opt_official_benchmark.log,4019389281,1800,60,6,exact_solution,true,true,false,28.1598,1796.647771,0.998137650555555,true,28.1598,1.65665,1958.961339,true
main,cubicles_opt,Cubicles_opt,DAFMT_star,PEBFMT*,47,main_cubicles_opt_official_benchmark.log,4019389281,1800,60,6,exact_solution,true,true,false,28.1577,1799.75555,0.999864194444445,true,28.1577,1.57277,1979.542971,true
main,cubicles_opt,Cubicles_opt,DAFMT_star,PEBFMT*,48,main_cubicles_opt_official_benchmark.log,4019389281,1800,60,6,exact_solution,true,true,false,26.5496,1798.591911,0.999217728333333,true,26.5496,1.82506,2090.147048,true
main,cubicles_opt,Cubicles_opt,DAFMT_star,PEBFMT*,49,main_cubicles_opt_official_benchmark.log,4019389281,1800,60,6,exact_solution,true,true,false,35.1504,1798.21921,0.999010672222222,true,35.1504,1.61233,1968.10203,true
main,cubicles_opt,Cubicles_opt,DAFMT_star,PEBFMT*,50,main_cubicles_opt_official_benchmark.log,4019389281,1800,60,6,exact_solution,true,true,false,30.9313,1799.546978,0.999748321111111,true,30.9313,1.67658,2027.503583,true
main,cubicles_opt,Cubicles_opt,BFMT_star,BFMT*,1,main_cubicles_opt_official_benchmark.log,4019389281,1800,60,6,exact_solution,true,true,false,1.66917,1956.9,1.08716666666667,false,,1.66917,1956.9,false
main,cubicles_opt,Cubicles_opt,BFMT_star,BFMT*,2,main_cubicles_opt_official_benchmark.log,4019389281,1800,60,6,exact_solution,true,true,false,1.71573,1980.51,1.10028333333333,false,,1.71573,1980.51,false
main,cubicles_opt,Cubicles_opt,BFMT_star,BFMT*,3,main_cubicles_opt_official_benchmark.log,4019389281,1800,60,6,exact_solution,true,true,false,1.58458,2031.56,1.12864444444444,false,,1.58458,2031.56,false
main,cubicles_opt,Cubicles_opt,BFMT_star,BFMT*,4,main_cubicles_opt_official_benchmark.log,4019389281,1800,60,6,exact_solution,true,true,false,1.62484,2005.02,1.1139,false,,1.62484,2005.02,false
main,cubicles_opt,Cubicles_opt,BFMT_star,BFMT*,5,main_cubicles_opt_official_benchmark.log,4019389281,1800,60,6,exact_solution,true,true,false,1.67587,1973.29,1.09627222222222,false,,1.67587,1973.29,false
main,cubicles_opt,Cubicles_opt,BFMT_star,BFMT*,6,main_cubicles_opt_official_benchmark.log,4019389281,1800,60,6,exact_solution,true,true,false,1.59789,1902.42,1.0569,false,,1.59789,1902.42,false
main,cubicles_opt,Cubicles_opt,BFMT_star,BFMT*,7,main_cubicles_opt_official_benchmark.log,4019389281,1800,60,6,exact_solution,true,true,false,1.72699,1967.12,1.09284444444444,false,,1.72699,1967.12,false
main,cubicles_opt,Cubicles_opt,BFMT_star,BFMT*,8,main_cubicles_opt_official_benchmark.log,4019389281,1800,60,6,exact_solution,true,true,false,1.55242,1989.72,1.1054,false,,1.55242,1989.72,false
main,cubicles_opt,Cubicles_opt,BFMT_star,BFMT*,9,main_cubicles_opt_official_benchmark.log,4019389281,1800,60,6,exact_solution,true,true,false,1.65552,1963.05,1.09058333333333,false,,1.65552,1963.05,false
main,cubicles_opt,Cubicles_opt,BFMT_star,BFMT*,10,main_cubicles_opt_official_benchmark.log,4019389281,1800,60,6,exact_solution,true,true,false,1.65255,1945.52,1.08084444444444,false,,1.65255,1945.52,false
main,cubicles_opt,Cubicles_opt,BFMT_star,BFMT*,11,main_cubicles_opt_official_benchmark.log,4019389281,1800,60,6,exact_solution,true,true,false,1.62351,1905.41,1.05856111111111,false,,1.62351,1905.41,false
main,cubicles_opt,Cubicles_opt,BFMT_star,BFMT*,12,main_cubicles_opt_official_benchmark.log,4019389281,1800,60,6,exact_solution,true,true,false,1.54513,2028.13,1.12673888888889,false,,1.54513,2028.13,false
main,cubicles_opt,Cubicles_opt,BFMT_star,BFMT*,13,main_cubicles_opt_official_benchmark.log,4019389281,1800,60,6,exact_solution,true,true,false,1.64851,2074.53,1.15251666666667,false,,1.64851,2074.53,false
main,cubicles_opt,Cubicles_opt,BFMT_star,BFMT*,14,main_cubicles_opt_official_benchmark.log,4019389281,1800,60,6,exact_solution,true,true,false,1.58088,1990.56,1.10586666666667,false,,1.58088,1990.56,false
main,cubicles_opt,Cubicles_opt,BFMT_star,BFMT*,15,main_cubicles_opt_official_benchmark.log,4019389281,1800,60,6,exact_solution,true,true,false,1.68643,1962.72,1.0904,false,,1.68643,1962.72,false
main,cubicles_opt,Cubicles_opt,BFMT_star,BFMT*,16,main_cubicles_opt_official_benchmark.log,4019389281,1800,60,6,exact_solution,true,true,false,1.7291,1959.15,1.08841666666667,false,,1.7291,1959.15,false
main,cubicles_opt,Cubicles_opt,BFMT_star,BFMT*,17,main_cubicles_opt_official_benchmark.log,4019389281,1800,60,6,exact_solution,true,true,false,1.71921,1912.15,1.06230555555556,false,,1.71921,1912.15,false
main,cubicles_opt,Cubicles_opt,BFMT_star,BFMT*,18,main_cubicles_opt_official_benchmark.log,4019389281,1800,60,6,exact_solution,true,true,false,1.5585,2063.9,1.14661111111111,false,,1.5585,2063.9,false
main,cubicles_opt,Cubicles_opt,BFMT_star,BFMT*,19,main_cubicles_opt_official_benchmark.log,4019389281,1800,60,6,exact_solution,true,true,false,1.63501,1977.52,1.09862222222222,false,,1.63501,1977.52,false
main,cubicles_opt,Cubicles_opt,BFMT_star,BFMT*,20,main_cubicles_opt_official_benchmark.log,4019389281,1800,60,6,exact_solution,true,true,false,1.63213,1952.92,1.08495555555556,false,,1.63213,1952.92,false
main,cubicles_opt,Cubicles_opt,BFMT_star,BFMT*,21,main_cubicles_opt_official_benchmark.log,4019389281,1800,60,6,exact_solution,true,true,false,1.57421,1898.98,1.05498888888889,false,,1.57421,1898.98,false
main,cubicles_opt,Cubicles_opt,BFMT_star,BFMT*,22,main_cubicles_opt_official_benchmark.log,4019389281,1800,60,6,exact_solution,true,true,false,1.70832,2035.33,1.13073888888889,false,,1.70832,2035.33,false
main,cubicles_opt,Cubicles_opt,BFMT_star,BFMT*,23,main_cubicles_opt_official_benchmark.log,4019389281,1800,60,6,exact_solution,true,true,false,1.67005,2020.38,1.12243333333333,false,,1.67005,2020.38,false
main,cubicles_opt,Cubicles_opt,BFMT_star,BFMT*,24,main_cubicles_opt_official_benchmark.log,4019389281,1800,60,6,exact_solution,true,true,false,1.55678,1965.81,1.09211666666667,false,,1.55678,1965.81,false
main,cubicles_opt,Cubicles_opt,BFMT_star,BFMT*,25,main_cubicles_opt_official_benchmark.log,4019389281,1800,60,6,exact_solution,true,true,false,1.62698,1960.72,1.08928888888889,false,,1.62698,1960.72,false
main,cubicles_opt,Cubicles_opt,BFMT_star,BFMT*,26,main_cubicles_opt_official_benchmark.log,4019389281,1800,60,6,exact_solution,true,true,false,1.72887,1902.16,1.05675555555556,false,,1.72887,1902.16,false
main,cubicles_opt,Cubicles_opt,BFMT_star,BFMT*,27,main_cubicles_opt_official_benchmark.log,4019389281,1800,60,6,exact_solution,true,true,false,1.6067,1992.23,1.10679444444444,false,,1.6067,1992.23,false
main,cubicles_opt,Cubicles_opt,BFMT_star,BFMT*,28,main_cubicles_opt_official_benchmark.log,4019389281,1800,60,6,exact_solution,true,true,false,1.64057,2014.62,1.11923333333333,false,,1.64057,2014.62,false
main,cubicles_opt,Cubicles_opt,BFMT_star,BFMT*,29,main_cubicles_opt_official_benchmark.log,4019389281,1800,60,6,exact_solution,true,true,false,1.68488,1954.09,1.08560555555556,false,,1.68488,1954.09,false
main,cubicles_opt,Cubicles_opt,BFMT_star,BFMT*,30,main_cubicles_opt_official_benchmark.log,4019389281,1800,60,6,exact_solution,true,true,false,1.70807,1969.36,1.09408888888889,false,,1.70807,1969.36,false
main,cubicles_opt,Cubicles_opt,BFMT_star,BFMT*,31,main_cubicles_opt_official_benchmark.log,4019389281,1800,60,6,exact_solution,true,true,false,1.68929,1974.13,1.09673888888889,false,,1.68929,1974.13,false
main,cubicles_opt,Cubicles_opt,BFMT_star,BFMT*,32,main_cubicles_opt_official_benchmark.log,4019389281,1800,60,6,exact_solution,true,true,false,1.67588,1968.23,1.09346111111111,false,,1.67588,1968.23,false
main,cubicles_opt,Cubicles_opt,BFMT_star,BFMT*,33,main_cubicles_opt_official_benchmark.log,4019389281,1800,60,6,exact_solution,true,true,false,1.66929,1940.2,1.07788888888889,false,,1.66929,1940.2,false
main,cubicles_opt,Cubicles_opt,BFMT_star,BFMT*,34,main_cubicles_opt_official_benchmark.log,4019389281,1800,60,6,exact_solution,true,true,false,1.59055,1906.92,1.0594,false,,1.59055,1906.92,false
main,cubicles_opt,Cubicles_opt,BFMT_star,BFMT*,35,main_cubicles_opt_official_benchmark.log,4019389281,1800,60,6,exact_solution,true,true,false,1.61508,2025.69,1.12538333333333,false,,1.61508,2025.69,false
main,cubicles_opt,Cubicles_opt,BFMT_star,BFMT*,36,main_cubicles_opt_official_benchmark.log,4019389281,1800,60,6,exact_solution,true,true,false,1.68262,1950.5,1.08361111111111,false,,1.68262,1950.5,false
main,cubicles_opt,Cubicles_opt,BFMT_star,BFMT*,37,main_cubicles_opt_official_benchmark.log,4019389281,1800,60,6,exact_solution,true,true,false,1.69327,1973.61,1.09645,false,,1.69327,1973.61,false
main,cubicles_opt,Cubicles_opt,BFMT_star,BFMT*,38,main_cubicles_opt_official_benchmark.log,4019389281,1800,60,6,exact_solution,true,true,false,1.7107,1981.66,1.10092222222222,false,,1.7107,1981.66,false
main,cubicles_opt,Cubicles_opt,BFMT_star,BFMT*,39,main_cubicles_opt_official_benchmark.log,4019389281,1800,60,6,exact_solution,true,true,false,1.75607,2003.77,1.11320555555556,false,,1.75607,2003.77,false
main,cubicles_opt,Cubicles_opt,BFMT_star,BFMT*,40,main_cubicles_opt_official_benchmark.log,4019389281,1800,60,6,exact_solution,true,true,false,1.75606,2035.31,1.13072777777778,false,,1.75606,2035.31,false
main,cubicles_opt,Cubicles_opt,BFMT_star,BFMT*,41,main_cubicles_opt_official_benchmark.log,4019389281,1800,60,6,exact_solution,true,true,false,1.60237,1952.41,1.08467222222222,false,,1.60237,1952.41,false
main,cubicles_opt,Cubicles_opt,BFMT_star,BFMT*,42,main_cubicles_opt_official_benchmark.log,4019389281,1800,60,6,exact_solution,true,true,false,1.71348,1984.05,1.10225,false,,1.71348,1984.05,false
main,cubicles_opt,Cubicles_opt,BFMT_star,BFMT*,43,main_cubicles_opt_official_benchmark.log,4019389281,1800,60,6,exact_solution,true,true,false,1.69871,1985.17,1.10287222222222,false,,1.69871,1985.17,false
main,cubicles_opt,Cubicles_opt,BFMT_star,BFMT*,44,main_cubicles_opt_official_benchmark.log,4019389281,1800,60,6,exact_solution,true,true,false,1.60606,1915.62,1.06423333333333,false,,1.60606,1915.62,false
main,cubicles_opt,Cubicles_opt,BFMT_star,BFMT*,45,main_cubicles_opt_official_benchmark.log,4019389281,1800,60,6,exact_solution,true,true,false,1.66537,1941.55,1.07863888888889,false,,1.66537,1941.55,false
main,cubicles_opt,Cubicles_opt,BFMT_star,BFMT*,46,main_cubicles_opt_official_benchmark.log,4019389281,1800,60,6,exact_solution,true,true,false,1.62113,1972.63,1.09590555555556,false,,1.62113,1972.63,false
main,cubicles_opt,Cubicles_opt,BFMT_star,BFMT*,47,main_cubicles_opt_official_benchmark.log,4019389281,1800,60,6,exact_solution,true,true,false,1.72306,1962.14,1.09007777777778,false,,1.72306,1962.14,false
main,cubicles_opt,Cubicles_opt,BFMT_star,BFMT*,48,main_cubicles_opt_official_benchmark.log,4019389281,1800,60,6,exact_solution,true,true,false,1.62362,1938.65,1.07702777777778,false,,1.62362,1938.65,false
main,cubicles_opt,Cubicles_opt,BFMT_star,BFMT*,49,main_cubicles_opt_official_benchmark.log,4019389281,1800,60,6,exact_solution,true,true,false,1.6672,1979.89,1.09993888888889,false,,1.6672,1979.89,false
main,cubicles_opt,Cubicles_opt,BFMT_star,BFMT*,50,main_cubicles_opt_official_benchmark.log,4019389281,1800,60,6,exact_solution,true,true,false,1.72438,1973.23,1.09623888888889,false,,1.72438,1973.23,false
main,cubicles_opt,Cubicles_opt,kBITstar,BIT*,1,main_cubicles_opt_official_benchmark.log,4019389281,1800,60,6,exact_solution,true,true,false,60.1487,1891.69,1.05093888888889,false,,60.1487,1891.69,false
main,cubicles_opt,Cubicles_opt,kBITstar,BIT*,2,main_cubicles_opt_official_benchmark.log,4019389281,1800,60,6,exact_solution,true,true,false,60.0992,1889.27,1.04959444444444,false,,60.0992,1889.27,false
main,cubicles_opt,Cubicles_opt,kBITstar,BIT*,3,main_cubicles_opt_official_benchmark.log,4019389281,1800,60,6,exact_solution,true,true,false,60.0707,1883.09,1.04616111111111,false,,60.0707,1883.09,false
main,cubicles_opt,Cubicles_opt,kBITstar,BIT*,4,main_cubicles_opt_official_benchmark.log,4019389281,1800,60,6,exact_solution,true,true,false,60.1238,1855.58,1.03087777777778,false,,60.1238,1855.58,false
main,cubicles_opt,Cubicles_opt,kBITstar,BIT*,5,main_cubicles_opt_official_benchmark.log,4019389281,1800,60,6,exact_solution,true,true,false,60.1247,1917.26,1.06514444444444,false,,60.1247,1917.26,false
main,cubicles_opt,Cubicles_opt,kBITstar,BIT*,6,main_cubicles_opt_official_benchmark.log,4019389281,1800,60,6,exact_solution,true,true,false,60.0046,1918.32,1.06573333333333,false,,60.0046,1918.32,false
main,cubicles_opt,Cubicles_opt,kBITstar,BIT*,7,main_cubicles_opt_official_benchmark.log,4019389281,1800,60,6,exact_solution,true,true,false,60.0511,1867.08,1.03726666666667,false,,60.0511,1867.08,false
main,cubicles_opt,Cubicles_opt,kBITstar,BIT*,8,main_cubicles_opt_official_benchmark.log,4019389281,1800,60,6,exact_solution,true,true,false,60.0517,1886.54,1.04807777777778,false,,60.0517,1886.54,false
main,cubicles_opt,Cubicles_opt,kBITstar,BIT*,9,main_cubicles_opt_official_benchmark.log,4019389281,1800,60,6,exact_solution,true,true,false,60.1402,1889.22,1.04956666666667,false,,60.1402,1889.22,false
main,cubicles_opt,Cubicles_opt,kBITstar,BIT*,10,main_cubicles_opt_official_benchmark.log,4019389281,1800,60,6,exact_solution,true,true,false,60.1469,1868.09,1.03782777777778,false,,60.1469,1868.09,false
main,cubicles_opt,Cubicles_opt,kBITstar,BIT*,11,main_cubicles_opt_official_benchmark.log,4019389281,1800,60,6,exact_solution,true,true,false,60.1446,1888.95,1.04941666666667,false,,60.1446,1888.95,false
main,cubicles_opt,Cubicles_opt,kBITstar,BIT*,12,main_cubicles_opt_official_benchmark.log,4019389281,1800,60,6,exact_solution,true,true,false,60.0037,1893.92,1.05217777777778,false,,60.0037,1893.92,false
main,cubicles_opt,Cubicles_opt,kBITstar,BIT*,13,main_cubicles_opt_official_benchmark.log,4019389281,1800,60,6,exact_solution,true,true,false,60.0137,1866.36,1.03686666666667,false,,60.0137,1866.36,false
main,cubicles_opt,Cubicles_opt,kBITstar,BIT*,14,main_cubicles_opt_official_benchmark.log,4019389281,1800,60,6,exact_solution,true,true,false,60.0044,1852.01,1.02889444444444,false,,60.0044,1852.01,false
main,cubicles_opt,Cubicles_opt,kBITstar,BIT*,15,main_cubicles_opt_official_benchmark.log,4019389281,1800,60,6,exact_solution,true,true,false,60.1495,1870.82,1.03934444444444,false,,60.1495,1870.82,false
main,cubicles_opt,Cubicles_opt,kBITstar,BIT*,16,main_cubicles_opt_official_benchmark.log,4019389281,1800,60,6,exact_solution,true,true,false,60.0106,1876.07,1.04226111111111,false,,60.0106,1876.07,false
main,cubicles_opt,Cubicles_opt,kBITstar,BIT*,17,main_cubicles_opt_official_benchmark.log,4019389281,1800,60,6,exact_solution,true,true,false,60.1463,1849.17,1.02731666666667,false,,60.1463,1849.17,false
main,cubicles_opt,Cubicles_opt,kBITstar,BIT*,18,main_cubicles_opt_official_benchmark.log,4019389281,1800,60,6,exact_solution,true,true,false,60.095,1869.82,1.03878888888889,false,,60.095,1869.82,false
main,cubicles_opt,Cubicles_opt,kBITstar,BIT*,19,main_cubicles_opt_official_benchmark.log,4019389281,1800,60,6,exact_solution,true,true,false,60.0911,1865.93,1.03662777777778,false,,60.0911,1865.93,false
main,cubicles_opt,Cubicles_opt,kBITstar,BIT*,20,main_cubicles_opt_official_benchmark.log,4019389281,1800,60,6,exact_solution,true,true,false,60.0904,1853.01,1.02945,false,,60.0904,1853.01,false
main,cubicles_opt,Cubicles_opt,kBITstar,BIT*,21,main_cubicles_opt_official_benchmark.log,4019389281,1800,60,6,exact_solution,true,true,false,60.0899,1839.71,1.02206111111111,false,,60.0899,1839.71,false
main,cubicles_opt,Cubicles_opt,kBITstar,BIT*,22,main_cubicles_opt_official_benchmark.log,4019389281,1800,60,6,exact_solution,true,true,false,60.0926,1885.34,1.04741111111111,false,,60.0926,1885.34,false
main,cubicles_opt,Cubicles_opt,kBITstar,BIT*,23,main_cubicles_opt_official_benchmark.log,4019389281,1800,60,6,exact_solution,true,true,false,60.0212,1852.76,1.02931111111111,false,,60.0212,1852.76,false
main,cubicles_opt,Cubicles_opt,kBITstar,BIT*,24,main_cubicles_opt_official_benchmark.log,4019389281,1800,60,6,exact_solution,true,true,false,60.0966,1877.53,1.04307222222222,false,,60.0966,1877.53,false
main,cubicles_opt,Cubicles_opt,kBITstar,BIT*,25,main_cubicles_opt_official_benchmark.log,4019389281,1800,60,6,exact_solution,true,true,false,60.1348,1889.17,1.04953888888889,false,,60.1348,1889.17,false
main,cubicles_opt,Cubicles_opt,kBITstar,BIT*,26,main_cubicles_opt_official_benchmark.log,4019389281,1800,60,6,exact_solution,true,true,false,60.0953,1882.99,1.04610555555556,false,,60.0953,1882.99,false
main,cubicles_opt,Cubicles_opt,kBITstar,BIT*,27,main_cubicles_opt_official_benchmark.log,4019389281,1800,60,6,exact_solution,true,true,false,60.098,1866.17,1.03676111111111,false,,60.098,1866.17,false
main,cubicles_opt,Cubicles_opt,kBITstar,BIT*,28,main_cubicles_opt_official_benchmark.log,4019389281,1800,60,6,exact_solution,true,true,false,60.0983,1857.65,1.03202777777778,false,,60.0983,1857.65,false
main,cubicles_opt,Cubicles_opt,kBITstar,BIT*,29,main_cubicles_opt_official_benchmark.log,4019389281,1800,60,6,exact_solution,true,true,false,60.092,1883.37,1.04631666666667,false,,60.092,1883.37,false
main,cubicles_opt,Cubicles_opt,kBITstar,BIT*,30,main_cubicles_opt_official_benchmark.log,4019389281,1800,60,6,exact_solution,true,true,false,60.114,1866.5,1.03694444444444,false,,60.114,1866.5,false
main,cubicles_opt,Cubicles_opt,kBITstar,BIT*,31,main_cubicles_opt_official_benchmark.log,4019389281,1800,60,6,exact_solution,true,true,false,60.0975,1889.23,1.04957222222222,false,,60.0975,1889.23,false
main,cubicles_opt,Cubicles_opt,kBITstar,BIT*,32,main_cubicles_opt_official_benchmark.log,4019389281,1800,60,6,exact_solution,true,true,false,60.0987,1860.79,1.03377222222222,false,,60.0987,1860.79,false
main,cubicles_opt,Cubicles_opt,kBITstar,BIT*,33,main_cubicles_opt_official_benchmark.log,4019389281,1800,60,6,exact_solution,true,true,false,60.0959,1852.83,1.02935,false,,60.0959,1852.83,false
main,cubicles_opt,Cubicles_opt,kBITstar,BIT*,34,main_cubicles_opt_official_benchmark.log,4019389281,1800,60,6,exact_solution,true,true,false,60.0902,1851.54,1.02863333333333,false,,60.0902,1851.54,false
main,cubicles_opt,Cubicles_opt,kBITstar,BIT*,35,main_cubicles_opt_official_benchmark.log,4019389281,1800,60,6,exact_solution,true,true,false,60.0936,1841.71,1.02317222222222,false,,60.0936,1841.71,false
main,cubicles_opt,Cubicles_opt,kBITstar,BIT*,36,main_cubicles_opt_official_benchmark.log,4019389281,1800,60,6,exact_solution,true,true,false,60.0962,1902.78,1.0571,false,,60.0962,1902.78,false
main,cubicles_opt,Cubicles_opt,kBITstar,BIT*,37,main_cubicles_opt_official_benchmark.log,4019389281,1800,60,6,exact_solution,true,true,false,60.0952,1866.45,1.03691666666667,false,,60.0952,1866.45,false
main,cubicles_opt,Cubicles_opt,kBITstar,BIT*,38,main_cubicles_opt_official_benchmark.log,4019389281,1800,60,6,exact_solution,true,true,false,60.0984,1850.05,1.02780555555556,false,,60.0984,1850.05,false
main,cubicles_opt,Cubicles_opt,kBITstar,BIT*,39,main_cubicles_opt_official_benchmark.log,4019389281,1800,60,6,exact_solution,true,true,false,60.0786,1847.73,1.02651666666667,false,,60.0786,1847.73,false
main,cubicles_opt,Cubicles_opt,kBITstar,BIT*,40,main_cubicles_opt_official_benchmark.log,4019389281,1800,60,6,exact_solution,true,true,false,60.0047,1902.9,1.05716666666667,false,,60.0047,1902.9,false
main,cubicles_opt,Cubicles_opt,kBITstar,BIT*,41,main_cubicles_opt_official_benchmark.log,4019389281,1800,60,6,exact_solution,true,true,false,60.0309,1861.92,1.0344,false,,60.0309,1861.92,false
main,cubicles_opt,Cubicles_opt,kBITstar,BIT*,42,main_cubicles_opt_official_benchmark.log,4019389281,1800,60,6,exact_solution,true,true,false,60.0501,1896.09,1.05338333333333,false,,60.0501,1896.09,false
main,cubicles_opt,Cubicles_opt,kBITstar,BIT*,43,main_cubicles_opt_official_benchmark.log,4019389281,1800,60,6,exact_solution,true,true,false,60.024,1821.02,1.01167777777778,false,,60.024,1821.02,false
main,cubicles_opt,Cubicles_opt,kBITstar,BIT*,44,main_cubicles_opt_official_benchmark.log,4019389281,1800,60,6,exact_solution,true,true,false,60.0031,1863.61,1.03533888888889,false,,60.0031,1863.61,false
main,cubicles_opt,Cubicles_opt,kBITstar,BIT*,45,main_cubicles_opt_official_benchmark.log,4019389281,1800,60,6,exact_solution,true,true,false,60.1335,1873.08,1.0406,false,,60.1335,1873.08,false
main,cubicles_opt,Cubicles_opt,kBITstar,BIT*,46,main_cubicles_opt_official_benchmark.log,4019389281,1800,60,6,exact_solution,true,true,false,60.1375,1879.37,1.04409444444444,false,,60.1375,1879.37,false
main,cubicles_opt,Cubicles_opt,kBITstar,BIT*,47,main_cubicles_opt_official_benchmark.log,4019389281,1800,60,6,exact_solution,true,true,false,60.085,1874.09,1.04116111111111,false,,60.085,1874.09,false
main,cubicles_opt,Cubicles_opt,kBITstar,BIT*,48,main_cubicles_opt_official_benchmark.log,4019389281,1800,60,6,exact_solution,true,true,false,60.1218,1845.16,1.02508888888889,false,,60.1218,1845.16,false
main,cubicles_opt,Cubicles_opt,kBITstar,BIT*,49,main_cubicles_opt_official_benchmark.log,4019389281,1800,60,6,exact_solution,true,true,false,60.0703,1875.85,1.04213888888889,false,,60.0703,1875.85,false
main,cubicles_opt,Cubicles_opt,kBITstar,BIT*,50,main_cubicles_opt_official_benchmark.log,4019389281,1800,60,6,exact_solution,true,true,false,60.0613,1857.98,1.03221111111111,false,,60.0613,1857.98,false
main,cubicles_opt,Cubicles_opt,InformedRRTstar,Informed RRT*,1,main_cubicles_opt_official_benchmark.log,4019389281,1800,60,6,exact_solution,true,true,false,31.3269,1793.724838,0.996513798888889,true,31.3269,0.253562,2181.921084,true
main,cubicles_opt,Cubicles_opt,InformedRRTstar,Informed RRT*,2,main_cubicles_opt_official_benchmark.log,4019389281,1800,60,6,exact_solution,true,true,false,60.0997,1813.83235,1.00768463888889,false,,0.331605,2174.044985,true
main,cubicles_opt,Cubicles_opt,InformedRRTstar,Informed RRT*,3,main_cubicles_opt_official_benchmark.log,4019389281,1800,60,6,exact_solution,true,true,false,60.0908,1792.265362,0.995702978888889,false,,0.321041,2163.918043,true
main,cubicles_opt,Cubicles_opt,InformedRRTstar,Informed RRT*,4,main_cubicles_opt_official_benchmark.log,4019389281,1800,60,6,exact_solution,true,true,false,60.0766,1820.94436,1.01163575555556,false,,0.066299,2482.727438,true
main,cubicles_opt,Cubicles_opt,InformedRRTstar,Informed RRT*,5,main_cubicles_opt_official_benchmark.log,4019389281,1800,60,6,exact_solution,true,true,false,15.5064,1798.815093,0.999341718333333,true,15.5064,0.3317,2215.929559,true
main,cubicles_opt,Cubicles_opt,InformedRRTstar,Informed RRT*,6,main_cubicles_opt_official_benchmark.log,4019389281,1800,60,6,exact_solution,true,true,false,34.4809,1797.121798,0.998400998888889,true,34.4809,0.51917,2148.306404,true
main,cubicles_opt,Cubicles_opt,InformedRRTstar,Informed RRT*,7,main_cubicles_opt_official_benchmark.log,4019389281,1800,60,6,exact_solution,true,true,false,28.266,1799.112604,0.999507002222222,true,28.266,0.145922,2331.53341,true
main,cubicles_opt,Cubicles_opt,InformedRRTstar,Informed RRT*,8,main_cubicles_opt_official_benchmark.log,4019389281,1800,60,6,exact_solution,true,true,false,57.0728,1798.364256,0.999091253333333,true,57.0728,0.158355,2207.509424,true
main,cubicles_opt,Cubicles_opt,InformedRRTstar,Informed RRT*,9,main_cubicles_opt_official_benchmark.log,4019389281,1800,60,6,exact_solution,true,true,false,24.6476,1797.603195,0.998668441666667,true,24.6476,0.582598,2100.621917,true
main,cubicles_opt,Cubicles_opt,InformedRRTstar,Informed RRT*,10,main_cubicles_opt_official_benchmark.log,4019389281,1800,60,6,exact_solution,true,true,false,46.5745,1795.980954,0.997767196666667,true,46.5745,0.157241,2346.3753,true
main,cubicles_opt,Cubicles_opt,InformedRRTstar,Informed RRT*,11,main_cubicles_opt_official_benchmark.log,4019389281,1800,60,6,exact_solution,true,true,false,21.7241,1798.837752,0.999354306666667,true,21.724,0.216387,2141.711394,true
main,cubicles_opt,Cubicles_opt,InformedRRTstar,Informed RRT*,12,main_cubicles_opt_official_benchmark.log,4019389281,1800,60,6,exact_solution,true,true,false,41.4908,1790.926872,0.994959373333333,true,41.4908,0.233537,2275.431531,true
main,cubicles_opt,Cubicles_opt,InformedRRTstar,Informed RRT*,13,main_cubicles_opt_official_benchmark.log,4019389281,1800,60,6,exact_solution,true,true,false,11.9248,1798.335632,0.999075351111111,true,11.9248,0.238838,2128.877535,true
main,cubicles_opt,Cubicles_opt,InformedRRTstar,Informed RRT*,14,main_cubicles_opt_official_benchmark.log,4019389281,1800,60,6,exact_solution,true,true,false,59.1019,1799.513484,0.999729713333333,true,59.1019,0.126686,2238.017659,true
main,cubicles_opt,Cubicles_opt,InformedRRTstar,Informed RRT*,15,main_cubicles_opt_official_benchmark.log,4019389281,1800,60,6,exact_solution,true,true,false,40.1272,1795.041252,0.99724514,true,40.1272,0.417977,2070.708036,true
main,cubicles_opt,Cubicles_opt,InformedRRTstar,Informed RRT*,16,main_cubicles_opt_official_benchmark.log,4019389281,1800,60,6,exact_solution,true,true,false,30.5777,1799.305479,0.999614155,true,30.5777,0.207866,2249.294886,true
main,cubicles_opt,Cubicles_opt,InformedRRTstar,Informed RRT*,17,main_cubicles_opt_official_benchmark.log,4019389281,1800,60,6,exact_solution,true,true,false,60.1315,1809.83314,1.00546285555556,false,,0.220186,2208.636957,true
main,cubicles_opt,Cubicles_opt,InformedRRTstar,Informed RRT*,18,main_cubicles_opt_official_benchmark.log,4019389281,1800,60,6,exact_solution,true,true,false,38.3023,1797.480258,0.998600143333333,true,38.3023,0.198451,2242.273091,true
main,cubicles_opt,Cubicles_opt,InformedRRTstar,Informed RRT*,19,main_cubicles_opt_official_benchmark.log,4019389281,1800,60,6,exact_solution,true,true,false,28.507,1797.972885,0.998873825,true,28.507,0.18693,2175.644608,true
main,cubicles_opt,Cubicles_opt,InformedRRTstar,Informed RRT*,20,main_cubicles_opt_official_benchmark.log,4019389281,1800,60,6,exact_solution,true,true,false,31.5043,1797.319569,0.998510871666667,true,31.5043,0.256302,2194.198706,true
main,cubicles_opt,Cubicles_opt,InformedRRTstar,Informed RRT*,21,main_cubicles_opt_official_benchmark.log,4019389281,1800,60,6,exact_solution,true,true,false,29.8905,1791.02469,0.995013716666667,true,29.8905,0.245374,2297.779021,true
main,cubicles_opt,Cubicles_opt,InformedRRTstar,Informed RRT*,22,main_cubicles_opt_official_benchmark.log,4019389281,1800,60,6,exact_solution,true,true,false,60.0989,1802.874481,1.00159693388889,false,,0.283418,2181.031017,true
main,cubicles_opt,Cubicles_opt,InformedRRTstar,Informed RRT*,23,main_cubicles_opt_official_benchmark.log,4019389281,1800,60,6,exact_solution,true,true,false,13.1984,1793.078145,0.996154525,true,13.1983,0.123461,2259.408944,true
main,cubicles_opt,Cubicles_opt,InformedRRTstar,Informed RRT*,24,main_cubicles_opt_official_benchmark.log,4019389281,1800,60,6,exact_solution,true,true,false,23.3909,1797.905397,0.998836331666667,true,23.3909,0.253253,2255.241641,true
main,cubicles_opt,Cubicles_opt,InformedRRTstar,Informed RRT*,25,main_cubicles_opt_official_benchmark.log,4019389281,1800,60,6,exact_solution,true,true,false,30.3232,1797.360167,0.998533426111111,true,30.3232,0.245023,2177.754388,true
main,cubicles_opt,Cubicles_opt,InformedRRTstar,Informed RRT*,26,main_cubicles_opt_official_benchmark.log,4019389281,1800,60,6,exact_solution,true,true,false,28.5056,1792.543269,0.995857371666667,true,28.5056,0.472711,2041.924382,true
main,cubicles_opt,Cubicles_opt,InformedRRTstar,Informed RRT*,27,main_cubicles_opt_official_benchmark.log,4019389281,1800,60,6,exact_solution,true,true,false,45.2388,1795.559993,0.997533329444445,true,45.2355,0.176129,2315.521394,true
main,cubicles_opt,Cubicles_opt,InformedRRTstar,Informed RRT*,28,main_cubicles_opt_official_benchmark.log,4019389281,1800,60,6,exact_solution,true,true,false,17.103,1795.835394,0.99768633,true,17.1029,0.308998,2206.290256,true
main,cubicles_opt,Cubicles_opt,InformedRRTstar,Informed RRT*,29,main_cubicles_opt_official_benchmark.log,4019389281,1800,60,6,exact_solution,true,true,false,20.198,1798.22437,0.999013538888889,true,20.198,0.530356,1966.270819,true
main,cubicles_opt,Cubicles_opt,InformedRRTstar,Informed RRT*,30,main_cubicles_opt_official_benchmark.log,4019389281,1800,60,6,exact_solution,true,true,false,23.0456,1785.720791,0.992067106111111,true,23.0456,0.135731,2315.646426,true
main,cubicles_opt,Cubicles_opt,InformedRRTstar,Informed RRT*,31,main_cubicles_opt_official_benchmark.log,4019389281,1800,60,6,exact_solution,true,true,false,35.2541,1797.626307,0.998681281666667,true,35.2541,0.213448,2135.413992,true
main,cubicles_opt,Cubicles_opt,InformedRRTstar,Informed RRT*,32,main_cubicles_opt_official_benchmark.log,4019389281,1800,60,6,exact_solution,true,true,false,58.9937,1795.367584,0.997426435555556,true,58.9937,0.376889,2183.129173,true
main,cubicles_opt,Cubicles_opt,InformedRRTstar,Informed RRT*,33,main_cubicles_opt_official_benchmark.log,4019389281,1800,60,6,exact_solution,true,true,false,23.9404,1794.2541,0.996807833333333,true,23.9404,0.404889,2048.811271,true
main,cubicles_opt,Cubicles_opt,InformedRRTstar,Informed RRT*,34,main_cubicles_opt_official_benchmark.log,4019389281,1800,60,6,exact_solution,true,true,false,44.4471,1795.539967,0.997522203888889,true,44.4471,0.172886,2388.091823,true
main,cubicles_opt,Cubicles_opt,InformedRRTstar,Informed RRT*,35,main_cubicles_opt_official_benchmark.log,4019389281,1800,60,6,exact_solution,true,true,false,16.7267,1796.087093,0.997826162777778,true,16.7267,0.428536,2081.77174,true
main,cubicles_opt,Cubicles_opt,InformedRRTstar,Informed RRT*,36,main_cubicles_opt_official_benchmark.log,4019389281,1800,60,6,exact_solution,true,true,false,33.4319,1799.02373,0.999457627777778,true,33.4319,0.166505,2295.72711,true
main,cubicles_opt,Cubicles_opt,InformedRRTstar,Informed RRT*,37,main_cubicles_opt_official_benchmark.log,4019389281,1800,60,6,exact_solution,true,true,false,46.901,1783.489946,0.990827747777778,true,46.901,0.26674,2167.809792,true
main,cubicles_opt,Cubicles_opt,InformedRRTstar,Informed RRT*,38,main_cubicles_opt_official_benchmark.log,4019389281,1800,60,6,exact_solution,true,true,false,22.1302,1798.5577,0.999198722222222,true,22.1301,0.163348,2237.21355,true
main,cubicles_opt,Cubicles_opt,InformedRRTstar,Informed RRT*,39,main_cubicles_opt_official_benchmark.log,4019389281,1800,60,6,exact_solution,true,true,false,35.7784,1797.317224,0.998509568888889,true,35.7784,0.182988,2264.576252,true
main,cubicles_opt,Cubicles_opt,InformedRRTstar,Informed RRT*,40,main_cubicles_opt_official_benchmark.log,4019389281,1800,60,6,exact_solution,true,true,false,46.5841,1798.466089,0.999147827222222,true,46.5841,0.159607,2217.638748,true
main,cubicles_opt,Cubicles_opt,InformedRRTstar,Informed RRT*,41,main_cubicles_opt_official_benchmark.log,4019389281,1800,60,6,exact_solution,true,true,false,22.0773,1799.52043,0.999733572222222,true,22.0773,0.197301,2198.297098,true
main,cubicles_opt,Cubicles_opt,InformedRRTstar,Informed RRT*,42,main_cubicles_opt_official_benchmark.log,4019389281,1800,60,6,exact_solution,true,true,false,25.0341,1799.085724,0.999492068888889,true,25.0341,0.199181,2228.362252,true
main,cubicles_opt,Cubicles_opt,InformedRRTstar,Informed RRT*,43,main_cubicles_opt_official_benchmark.log,4019389281,1800,60,6,exact_solution,true,true,false,29.2441,1795.972413,0.997762451666667,true,29.2441,0.188175,2247.749522,true
main,cubicles_opt,Cubicles_opt,InformedRRTstar,Informed RRT*,44,main_cubicles_opt_official_benchmark.log,4019389281,1800,60,6,exact_solution,true,true,false,45.8525,1798.392301,0.999106833888889,true,45.8525,0.355919,2073.371972,true
main,cubicles_opt,Cubicles_opt,InformedRRTstar,Informed RRT*,45,main_cubicles_opt_official_benchmark.log,4019389281,1800,60,6,exact_solution,true,true,false,22.3182,1799.170824,0.999539346666667,true,22.3182,0.33202,2114.846758,true
main,cubicles_opt,Cubicles_opt,InformedRRTstar,Informed RRT*,46,main_cubicles_opt_official_benchmark.log,4019389281,1800,60,6,exact_solution,true,true,false,42.0547,1795.11351,0.997285283333333,true,42.0547,0.148317,2281.082609,true
main,cubicles_opt,Cubicles_opt,InformedRRTstar,Informed RRT*,47,main_cubicles_opt_official_benchmark.log,4019389281,1800,60,6,exact_solution,true,true,false,18.0074,1778.55281,0.988084894444444,true,18.0074,0.082851,2533.161338,true
main,cubicles_opt,Cubicles_opt,InformedRRTstar,Informed RRT*,48,main_cubicles_opt_official_benchmark.log,4019389281,1800,60,6,exact_solution,true,true,false,48.9075,1799.32031,0.999622394444444,true,48.9075,0.228798,2198.377516,true
main,cubicles_opt,Cubicles_opt,InformedRRTstar,Informed RRT*,49,main_cubicles_opt_official_benchmark.log,4019389281,1800,60,6,exact_solution,true,true,false,29.5569,1797.904382,0.998835767777778,true,29.5569,0.113358,2320.293584,true
main,cubicles_opt,Cubicles_opt,InformedRRTstar,Informed RRT*,50,main_cubicles_opt_official_benchmark.log,4019389281,1800,60,6,exact_solution,true,true,false,36.9059,1799.70027,0.999833483333333,true,36.9059,0.170064,2248.299662,true
main,Home,Home,DAFMT_star,PEBFMT*,1,main_home_official_benchmark.log,3937028455,1200,60,6,exact_solution,true,true,false,37.571,1184.302266,0.986918555,true,37.571,1.78654,1316.781832,true
main,Home,Home,DAFMT_star,PEBFMT*,2,main_home_official_benchmark.log,3937028455,1200,60,6,exact_solution,true,true,false,43.2403,1199.817467,0.999847889166667,true,43.2403,2.37184,1923.383513,true
main,Home,Home,DAFMT_star,PEBFMT*,3,main_home_official_benchmark.log,3937028455,1200,60,6,exact_solution,true,true,false,5.21124,1178.431617,0.9820263475,true,5.21124,1.58927,1312.930848,true
main,Home,Home,DAFMT_star,PEBFMT*,4,main_home_official_benchmark.log,3937028455,1200,60,6,exact_solution,true,true,false,14.1495,1141.50409,0.951253408333333,true,14.1495,1.74012,1352.251156,true
main,Home,Home,DAFMT_star,PEBFMT*,5,main_home_official_benchmark.log,3937028455,1200,60,6,exact_solution,true,true,false,60.0197,1216.151705,1.01345975416667,false,,2.09339,2044.231253,true
main,Home,Home,DAFMT_star,PEBFMT*,6,main_home_official_benchmark.log,3937028455,1200,60,6,exact_solution,true,true,false,23.5123,1042.263184,0.868552653333333,true,23.5123,2.70702,1952.983999,true
main,Home,Home,DAFMT_star,PEBFMT*,7,main_home_official_benchmark.log,3937028455,1200,60,6,exact_solution,true,true,false,60.0818,1830.369362,1.52530780166667,false,,2.85895,2196.542876,true
main,Home,Home,DAFMT_star,PEBFMT*,8,main_home_official_benchmark.log,3937028455,1200,60,6,exact_solution,true,true,false,21.5621,1199.888281,0.999906900833333,true,21.5621,1.9335,1303.53703,true
main,Home,Home,DAFMT_star,PEBFMT*,9,main_home_official_benchmark.log,3937028455,1200,60,6,exact_solution,true,true,false,60.0074,1203.784076,1.00315339666667,false,,2.56886,1972.138432,true
main,Home,Home,DAFMT_star,PEBFMT*,10,main_home_official_benchmark.log,3937028455,1200,60,6,exact_solution,true,true,false,25.1876,598.763002,0.498969168333333,true,25.1876,2.65407,2255.515742,true
main,Home,Home,DAFMT_star,PEBFMT*,11,main_home_official_benchmark.log,3937028455,1200,60,6,exact_solution,true,true,false,41.1814,1198.898188,0.999081823333333,true,41.1814,2.83607,1931.108815,true
main,Home,Home,DAFMT_star,PEBFMT*,12,main_home_official_benchmark.log,3937028455,1200,60,6,exact_solution,true,true,false,22.664,1193.094653,0.994245544166667,true,22.664,2.64872,2237.810823,true
main,Home,Home,DAFMT_star,PEBFMT*,13,main_home_official_benchmark.log,3937028455,1200,60,6,exact_solution,true,true,false,55.8978,1193.407455,0.9945062125,true,55.8978,2.57313,2044.752541,true
main,Home,Home,DAFMT_star,PEBFMT*,14,main_home_official_benchmark.log,3937028455,1200,60,6,exact_solution,true,true,false,59.3854,1198.943393,0.999119494166667,true,59.3854,2.3917,1898.240786,true
main,Home,Home,DAFMT_star,PEBFMT*,15,main_home_official_benchmark.log,3937028455,1200,60,6,exact_solution,true,true,false,60.046,1208.454126,1.007045105,false,,2.37806,1936.520634,true
main,Home,Home,DAFMT_star,PEBFMT*,16,main_home_official_benchmark.log,3937028455,1200,60,6,exact_solution,true,true,false,50.968,1116.434292,0.93036191,true,50.968,2.5429,1999.749973,true
main,Home,Home,DAFMT_star,PEBFMT*,17,main_home_official_benchmark.log,3937028455,1200,60,6,exact_solution,true,true,false,37.8399,1119.107819,0.932589849166667,true,37.8399,2.47356,1951.651995,true
main,Home,Home,DAFMT_star,PEBFMT*,18,main_home_official_benchmark.log,3937028455,1200,60,6,exact_solution,true,true,false,34.4136,1196.151759,0.9967931325,true,34.4136,2.36048,1972.042654,true
main,Home,Home,DAFMT_star,PEBFMT*,19,main_home_official_benchmark.log,3937028455,1200,60,6,exact_solution,true,true,false,60.0403,1206.547074,1.005455895,false,,2.56582,1974.00187,true
main,Home,Home,DAFMT_star,PEBFMT*,20,main_home_official_benchmark.log,3937028455,1200,60,6,exact_solution,true,true,false,12.604,1174.703677,0.978919730833333,true,12.604,2.54734,1895.880563,true
main,Home,Home,DAFMT_star,PEBFMT*,21,main_home_official_benchmark.log,3937028455,1200,60,6,exact_solution,true,true,false,60.075,1267.867054,1.05655587833333,false,,2.62087,1913.162679,true
main,Home,Home,DAFMT_star,PEBFMT*,22,main_home_official_benchmark.log,3937028455,1200,60,6,exact_solution,true,true,false,47.0214,1119.284708,0.932737256666667,true,47.0214,2.58238,1940.57023,true
main,Home,Home,DAFMT_star,PEBFMT*,23,main_home_official_benchmark.log,3937028455,1200,60,6,exact_solution,true,true,false,36.5926,1199.62309,0.999685908333333,true,36.5926,1.98659,1602.739563,true
main,Home,Home,DAFMT_star,PEBFMT*,24,main_home_official_benchmark.log,3937028455,1200,60,6,exact_solution,true,true,false,47.9453,1198.951522,0.999126268333333,true,47.9453,2.9673,1959.459573,true
main,Home,Home,DAFMT_star,PEBFMT*,25,main_home_official_benchmark.log,3937028455,1200,60,6,exact_solution,true,true,false,31.7942,1196.741575,0.997284645833333,true,31.7942,2.76232,2025.368102,true
main,Home,Home,DAFMT_star,PEBFMT*,26,main_home_official_benchmark.log,3937028455,1200,60,6,exact_solution,true,true,false,60.0955,1823.782823,1.51981901916667,false,,3.33757,1922.111292,true
main,Home,Home,DAFMT_star,PEBFMT*,27,main_home_official_benchmark.log,3937028455,1200,60,6,exact_solution,true,true,false,18.9047,1199.895725,0.999913104166667,true,18.9047,2.33383,1948.515961,true
main,Home,Home,DAFMT_star,PEBFMT*,28,main_home_official_benchmark.log,3937028455,1200,60,6,exact_solution,true,true,false,32.0994,1195.013775,0.9958448125,true,32.0994,2.27032,2050.965328,true
main,Home,Home,DAFMT_star,PEBFMT*,29,main_home_official_benchmark.log,3937028455,1200,60,6,exact_solution,true,true,false,46.9421,1187.835799,0.989863165833333,true,46.9421,2.71921,1346.292641,true
main,Home,Home,DAFMT_star,PEBFMT*,30,main_home_official_benchmark.log,3937028455,1200,60,6,exact_solution,true,true,false,60.008,1224.512177,1.02042681416667,false,,2.56724,1931.761214,true
main,Home,Home,DAFMT_star,PEBFMT*,31,main_home_official_benchmark.log,3937028455,1200,60,6,exact_solution,true,true,false,32.2614,1198.020668,0.998350556666667,true,32.2598,2.78752,1997.384297,true
main,Home,Home,DAFMT_star,PEBFMT*,32,main_home_official_benchmark.log,3937028455,1200,60,6,exact_solution,true,true,false,56.2553,1198.452839,0.998710699166667,true,56.2553,3.27417,2008.493019,true
main,Home,Home,DAFMT_star,PEBFMT*,33,main_home_official_benchmark.log,3937028455,1200,60,6,exact_solution,true,true,false,46.1619,1199.480355,0.9995669625,true,46.1619,2.44654,1856.280146,true
main,Home,Home,DAFMT_star,PEBFMT*,34,main_home_official_benchmark.log,3937028455,1200,60,6,exact_solution,true,true,false,60.0368,1239.181427,1.03265118916667,false,,2.61772,2059.138711,true
main,Home,Home,DAFMT_star,PEBFMT*,35,main_home_official_benchmark.log,3937028455,1200,60,6,exact_solution,true,true,false,18.7773,1168.307075,0.973589229166667,true,18.7772,2.61605,1970.931858,true
main,Home,Home,DAFMT_star,PEBFMT*,36,main_home_official_benchmark.log,3937028455,1200,60,6,exact_solution,true,true,false,38.8308,1194.612432,0.99551036,true,38.8308,2.41523,1927.365774,true
main,Home,Home,DAFMT_star,PEBFMT*,37,main_home_official_benchmark.log,3937028455,1200,60,6,exact_solution,true,true,false,27.8074,1190.922743,0.992435619166667,true,27.8074,2.65952,2030.664103,true
main,Home,Home,DAFMT_star,PEBFMT*,38,main_home_official_benchmark.log,3937028455,1200,60,6,exact_solution,true,true,false,15.6134,1185.975381,0.9883128175,true,15.6134,2.38163,1905.552901,true
main,Home,Home,DAFMT_star,PEBFMT*,39,main_home_official_benchmark.log,3937028455,1200,60,6,exact_solution,true,true,false,60.1427,1249.075854,1.040896545,false,,2.5283,1926.553376,true
main,Home,Home,DAFMT_star,PEBFMT*,40,main_home_official_benchmark.log,3937028455,1200,60,6,exact_solution,true,true,false,25.3877,1188.915159,0.9907626325,true,25.3877,2.33828,1923.229369,true
main,Home,Home,DAFMT_star,PEBFMT*,41,main_home_official_benchmark.log,3937028455,1200,60,6,exact_solution,true,true,false,49.605,1192.087825,0.993406520833333,true,49.605,2.60271,2121.4024,true
main,Home,Home,DAFMT_star,PEBFMT*,42,main_home_official_benchmark.log,3937028455,1200,60,6,exact_solution,true,true,false,34.6438,1199.016387,0.9991803225,true,34.6438,2.36549,1910.782661,true
main,Home,Home,DAFMT_star,PEBFMT*,43,main_home_official_benchmark.log,3937028455,1200,60,6,exact_solution,true,true,false,60.1469,1213.963767,1.0116364725,false,,2.55925,2044.042213,true
main,Home,Home,DAFMT_star,PEBFMT*,44,main_home_official_benchmark.log,3937028455,1200,60,6,exact_solution,true,true,false,60.1349,1832.145284,1.52678773666667,false,,2.67917,1951.576315,true
main,Home,Home,DAFMT_star,PEBFMT*,45,main_home_official_benchmark.log,3937028455,1200,60,6,exact_solution,true,true,false,46.6309,1170.191752,0.975159793333333,true,46.6309,2.43645,1888.630647,true
main,Home,Home,DAFMT_star,PEBFMT*,46,main_home_official_benchmark.log,3937028455,1200,60,6,exact_solution,true,true,false,60.121,1250.540335,1.04211694583333,false,,1.75127,1416.324117,true
main,Home,Home,DAFMT_star,PEBFMT*,47,main_home_official_benchmark.log,3937028455,1200,60,6,exact_solution,true,true,false,27.139,1198.914324,0.99909527,true,27.139,2.12383,1490.578785,true
main,Home,Home,DAFMT_star,PEBFMT*,48,main_home_official_benchmark.log,3937028455,1200,60,6,exact_solution,true,true,false,19.4094,1171.141078,0.975950898333333,true,19.4094,2.44915,1900.817122,true
main,Home,Home,DAFMT_star,PEBFMT*,49,main_home_official_benchmark.log,3937028455,1200,60,6,exact_solution,true,true,false,15.3259,1178.956469,0.982463724166667,true,15.3259,2.65304,1909.576847,true
main,Home,Home,DAFMT_star,PEBFMT*,50,main_home_official_benchmark.log,3937028455,1200,60,6,exact_solution,true,true,false,26.2006,1091.823318,0.909852765,true,26.2006,1.8183,1359.900235,true
main,Home,Home,BFMT_star,BFMT*,1,main_home_official_benchmark.log,3937028455,1200,60,6,exact_solution,true,true,false,2.52599,1922.46,1.60205,false,,2.52599,1922.46,false
main,Home,Home,BFMT_star,BFMT*,2,main_home_official_benchmark.log,3937028455,1200,60,6,exact_solution,true,true,false,2.28535,1908.37,1.59030833333333,false,,2.28535,1908.37,false
main,Home,Home,BFMT_star,BFMT*,3,main_home_official_benchmark.log,3937028455,1200,60,6,exact_solution,true,true,false,2.54338,1896.8,1.58066666666667,false,,2.54338,1896.8,false
main,Home,Home,BFMT_star,BFMT*,4,main_home_official_benchmark.log,3937028455,1200,60,6,exact_solution,true,true,false,2.57257,2013.35,1.67779166666667,false,,2.57257,2013.35,false
main,Home,Home,BFMT_star,BFMT*,5,main_home_official_benchmark.log,3937028455,1200,60,6,exact_solution,true,true,false,2.19019,1523.95,1.26995833333333,false,,2.19019,1523.95,false
main,Home,Home,BFMT_star,BFMT*,6,main_home_official_benchmark.log,3937028455,1200,60,6,exact_solution,true,true,false,2.24238,2097.53,1.74794166666667,false,,2.24238,2097.53,false
main,Home,Home,BFMT_star,BFMT*,7,main_home_official_benchmark.log,3937028455,1200,60,6,exact_solution,true,true,false,2.44482,2160.21,1.800175,false,,2.44482,2160.21,false
main,Home,Home,BFMT_star,BFMT*,8,main_home_official_benchmark.log,3937028455,1200,60,6,exact_solution,true,true,false,2.48888,1907.56,1.58963333333333,false,,2.48888,1907.56,false
main,Home,Home,BFMT_star,BFMT*,9,main_home_official_benchmark.log,3937028455,1200,60,6,exact_solution,true,true,false,2.47769,1974.81,1.645675,false,,2.47769,1974.81,false
main,Home,Home,BFMT_star,BFMT*,10,main_home_official_benchmark.log,3937028455,1200,60,6,exact_solution,true,true,false,1.8774,1355.15,1.12929166666667,false,,1.8774,1355.15,false
main,Home,Home,BFMT_star,BFMT*,11,main_home_official_benchmark.log,3937028455,1200,60,6,exact_solution,true,true,false,2.47169,1393.64,1.16136666666667,false,,2.47169,1393.64,false
main,Home,Home,BFMT_star,BFMT*,12,main_home_official_benchmark.log,3937028455,1200,60,6,exact_solution,true,true,false,2.34831,2007.38,1.67281666666667,false,,2.34831,2007.38,false
main,Home,Home,BFMT_star,BFMT*,13,main_home_official_benchmark.log,3937028455,1200,60,6,exact_solution,true,true,false,2.43356,1936.06,1.61338333333333,false,,2.43356,1936.06,false
main,Home,Home,BFMT_star,BFMT*,14,main_home_official_benchmark.log,3937028455,1200,60,6,exact_solution,true,true,false,2.39264,2298.7,1.91558333333333,false,,2.39264,2298.7,false
main,Home,Home,BFMT_star,BFMT*,15,main_home_official_benchmark.log,3937028455,1200,60,6,exact_solution,true,true,false,2.63134,1919.14,1.59928333333333,false,,2.63134,1919.14,false
main,Home,Home,BFMT_star,BFMT*,16,main_home_official_benchmark.log,3937028455,1200,60,6,exact_solution,true,true,false,2.86476,1944.65,1.62054166666667,false,,2.86476,1944.65,false
main,Home,Home,BFMT_star,BFMT*,17,main_home_official_benchmark.log,3937028455,1200,60,6,exact_solution,true,true,false,2.54505,1974.45,1.645375,false,,2.54505,1974.45,false
main,Home,Home,BFMT_star,BFMT*,18,main_home_official_benchmark.log,3937028455,1200,60,6,exact_solution,true,true,false,1.93948,1289.13,1.074275,false,,1.93948,1289.13,false
main,Home,Home,BFMT_star,BFMT*,19,main_home_official_benchmark.log,3937028455,1200,60,6,exact_solution,true,true,false,2.60551,1944.05,1.62004166666667,false,,2.60551,1944.05,false
main,Home,Home,BFMT_star,BFMT*,20,main_home_official_benchmark.log,3937028455,1200,60,6,exact_solution,true,true,false,2.45103,1999.4,1.66616666666667,false,,2.45103,1999.4,false
main,Home,Home,BFMT_star,BFMT*,21,main_home_official_benchmark.log,3937028455,1200,60,6,exact_solution,true,true,false,2.3846,2102.69,1.75224166666667,false,,2.3846,2102.69,false
main,Home,Home,BFMT_star,BFMT*,22,main_home_official_benchmark.log,3937028455,1200,60,6,exact_solution,true,true,false,2.31325,2081.6,1.73466666666667,false,,2.31325,2081.6,false
main,Home,Home,BFMT_star,BFMT*,23,main_home_official_benchmark.log,3937028455,1200,60,6,exact_solution,true,true,false,2.3625,1915.3,1.59608333333333,false,,2.3625,1915.3,false
main,Home,Home,BFMT_star,BFMT*,24,main_home_official_benchmark.log,3937028455,1200,60,6,exact_solution,true,true,false,2.12815,1973.19,1.644325,false,,2.12815,1973.19,false
main,Home,Home,BFMT_star,BFMT*,25,main_home_official_benchmark.log,3937028455,1200,60,6,exact_solution,true,true,false,2.66838,1920.68,1.60056666666667,false,,2.66838,1920.68,false
main,Home,Home,BFMT_star,BFMT*,26,main_home_official_benchmark.log,3937028455,1200,60,6,exact_solution,true,true,false,2.55471,1976.27,1.64689166666667,false,,2.55471,1976.27,false
main,Home,Home,BFMT_star,BFMT*,27,main_home_official_benchmark.log,3937028455,1200,60,6,exact_solution,true,true,false,2.46814,1883.59,1.56965833333333,false,,2.46814,1883.59,false
main,Home,Home,BFMT_star,BFMT*,28,main_home_official_benchmark.log,3937028455,1200,60,6,exact_solution,true,true,false,2.57868,2033.25,1.694375,false,,2.57868,2033.25,false
main,Home,Home,BFMT_star,BFMT*,29,main_home_official_benchmark.log,3937028455,1200,60,6,exact_solution,true,true,false,2.37405,1994.02,1.66168333333333,false,,2.37405,1994.02,false
main,Home,Home,BFMT_star,BFMT*,30,main_home_official_benchmark.log,3937028455,1200,60,6,exact_solution,true,true,false,2.58245,1890.98,1.57581666666667,false,,2.58245,1890.98,false
main,Home,Home,BFMT_star,BFMT*,31,main_home_official_benchmark.log,3937028455,1200,60,6,exact_solution,true,true,false,2.3556,2046.66,1.70555,false,,2.3556,2046.66,false
main,Home,Home,BFMT_star,BFMT*,32,main_home_official_benchmark.log,3937028455,1200,60,6,exact_solution,true,true,false,2.57608,1961.36,1.63446666666667,false,,2.57608,1961.36,false
main,Home,Home,BFMT_star,BFMT*,33,main_home_official_benchmark.log,3937028455,1200,60,6,exact_solution,true,true,false,2.48327,2121.01,1.76750833333333,false,,2.48327,2121.01,false
main,Home,Home,BFMT_star,BFMT*,34,main_home_official_benchmark.log,3937028455,1200,60,6,exact_solution,true,true,false,2.5903,1920.97,1.60080833333333,false,,2.5903,1920.97,false
main,Home,Home,BFMT_star,BFMT*,35,main_home_official_benchmark.log,3937028455,1200,60,6,exact_solution,true,true,false,2.52076,1368.16,1.14013333333333,false,,2.52076,1368.16,false
main,Home,Home,BFMT_star,BFMT*,36,main_home_official_benchmark.log,3937028455,1200,60,6,exact_solution,true,true,false,2.45843,1939.79,1.61649166666667,false,,2.45843,1939.79,false
main,Home,Home,BFMT_star,BFMT*,37,main_home_official_benchmark.log,3937028455,1200,60,6,exact_solution,true,true,false,1.98744,1307.44,1.08953333333333,false,,1.98744,1307.44,false
main,Home,Home,BFMT_star,BFMT*,38,main_home_official_benchmark.log,3937028455,1200,60,6,exact_solution,true,true,false,2.61972,2045.15,1.70429166666667,false,,2.61972,2045.15,false
main,Home,Home,BFMT_star,BFMT*,39,main_home_official_benchmark.log,3937028455,1200,60,6,exact_solution,true,true,false,2.64886,1952.24,1.62686666666667,false,,2.64886,1952.24,false
main,Home,Home,BFMT_star,BFMT*,40,main_home_official_benchmark.log,3937028455,1200,60,6,exact_solution,true,true,false,2.63217,1913.66,1.59471666666667,false,,2.63217,1913.66,false
main,Home,Home,BFMT_star,BFMT*,41,main_home_official_benchmark.log,3937028455,1200,60,6,exact_solution,true,true,false,2.50479,1980.67,1.65055833333333,false,,2.50479,1980.67,false
main,Home,Home,BFMT_star,BFMT*,42,main_home_official_benchmark.log,3937028455,1200,60,6,exact_solution,true,true,false,2.57617,1991.25,1.659375,false,,2.57617,1991.25,false
main,Home,Home,BFMT_star,BFMT*,43,main_home_official_benchmark.log,3937028455,1200,60,6,exact_solution,true,true,false,2.45327,1993.87,1.66155833333333,false,,2.45327,1993.87,false
main,Home,Home,BFMT_star,BFMT*,44,main_home_official_benchmark.log,3937028455,1200,60,6,exact_solution,true,true,false,2.56366,1967.84,1.63986666666667,false,,2.56366,1967.84,false
main,Home,Home,BFMT_star,BFMT*,45,main_home_official_benchmark.log,3937028455,1200,60,6,exact_solution,true,true,false,2.28042,1998.39,1.665325,false,,2.28042,1998.39,false
main,Home,Home,BFMT_star,BFMT*,46,main_home_official_benchmark.log,3937028455,1200,60,6,exact_solution,true,true,false,3.00284,1932.51,1.610425,false,,3.00284,1932.51,false
main,Home,Home,BFMT_star,BFMT*,47,main_home_official_benchmark.log,3937028455,1200,60,6,exact_solution,true,true,false,2.21758,1869.12,1.5576,false,,2.21758,1869.12,false
main,Home,Home,BFMT_star,BFMT*,48,main_home_official_benchmark.log,3937028455,1200,60,6,exact_solution,true,true,false,2.53853,1917.09,1.597575,false,,2.53853,1917.09,false
main,Home,Home,BFMT_star,BFMT*,49,main_home_official_benchmark.log,3937028455,1200,60,6,exact_solution,true,true,false,2.17794,2171.22,1.80935,false,,2.17794,2171.22,false
main,Home,Home,BFMT_star,BFMT*,50,main_home_official_benchmark.log,3937028455,1200,60,6,exact_solution,true,true,false,1.85449,1337.22,1.11435,false,,1.85449,1337.22,false
main,Home,Home,kBITstar,BIT*,1,main_home_official_benchmark.log,3937028455,1200,60,6,exact_solution,true,true,false,60.0141,1466.23,1.22185833333333,false,,60.0141,1466.23,false
main,Home,Home,kBITstar,BIT*,2,main_home_official_benchmark.log,3937028455,1200,60,6,exact_solution,true,true,false,60.1503,1956.6,1.6305,false,,60.1503,1956.6,false
main,Home,Home,kBITstar,BIT*,3,main_home_official_benchmark.log,3937028455,1200,60,4,timeout,false,false,false,60.0941,,,false,,,,false
main,Home,Home,kBITstar,BIT*,4,main_home_official_benchmark.log,3937028455,1200,60,6,exact_solution,true,true,false,60.0908,1986.79,1.65565833333333,false,,60.0908,1986.79,false
main,Home,Home,kBITstar,BIT*,5,main_home_official_benchmark.log,3937028455,1200,60,4,timeout,false,false,false,60.0897,,,false,,,,false
main,Home,Home,kBITstar,BIT*,6,main_home_official_benchmark.log,3937028455,1200,60,6,exact_solution,true,true,false,60.0936,2010.07,1.67505833333333,false,,60.0936,2010.07,false
main,Home,Home,kBITstar,BIT*,7,main_home_official_benchmark.log,3937028455,1200,60,6,exact_solution,true,true,false,60.0964,2038.98,1.69915,false,,60.0964,2038.98,false
main,Home,Home,kBITstar,BIT*,8,main_home_official_benchmark.log,3937028455,1200,60,6,exact_solution,true,true,false,60.1459,2025.5,1.68791666666667,false,,60.1459,2025.5,false
main,Home,Home,kBITstar,BIT*,9,main_home_official_benchmark.log,3937028455,1200,60,4,timeout,false,false,false,60.095,,,false,,,,false
main,Home,Home,kBITstar,BIT*,10,main_home_official_benchmark.log,3937028455,1200,60,4,timeout,false,false,false,60.0959,,,false,,,,false
main,Home,Home,kBITstar,BIT*,11,main_home_official_benchmark.log,3937028455,1200,60,4,timeout,false,false,false,60.0973,,,false,,,,false
main,Home,Home,kBITstar,BIT*,12,main_home_official_benchmark.log,3937028455,1200,60,6,exact_solution,true,true,false,60.0983,1379.34,1.14945,false,,60.0983,1379.34,false
main,Home,Home,kBITstar,BIT*,13,main_home_official_benchmark.log,3937028455,1200,60,4,timeout,false,false,false,60.0982,,,false,,,,false
main,Home,Home,kBITstar,BIT*,14,main_home_official_benchmark.log,3937028455,1200,60,4,timeout,false,false,false,60.0898,,,false,,,,false
main,Home,Home,kBITstar,BIT*,15,main_home_official_benchmark.log,3937028455,1200,60,6,exact_solution,true,true,false,60.0961,1947.93,1.623275,false,,60.0961,1947.93,false
main,Home,Home,kBITstar,BIT*,16,main_home_official_benchmark.log,3937028455,1200,60,6,exact_solution,true,true,false,60.0995,1926.88,1.60573333333333,false,,60.0995,1926.88,false
main,Home,Home,kBITstar,BIT*,17,main_home_official_benchmark.log,3937028455,1200,60,6,exact_solution,true,true,false,60.0999,1794.97,1.49580833333333,false,,60.0999,1794.97,false
main,Home,Home,kBITstar,BIT*,18,main_home_official_benchmark.log,3937028455,1200,60,6,exact_solution,true,true,false,60.0948,1986.15,1.655125,false,,60.0948,1986.15,false
main,Home,Home,kBITstar,BIT*,19,main_home_official_benchmark.log,3937028455,1200,60,4,timeout,false,false,false,60.0872,,,false,,,,false
main,Home,Home,kBITstar,BIT*,20,main_home_official_benchmark.log,3937028455,1200,60,4,timeout,false,false,false,60.0942,,,false,,,,false
main,Home,Home,kBITstar,BIT*,21,main_home_official_benchmark.log,3937028455,1200,60,4,timeout,false,false,false,60.0962,,,false,,,,false
main,Home,Home,kBITstar,BIT*,22,main_home_official_benchmark.log,3937028455,1200,60,6,exact_solution,true,true,false,60.119,2023.33,1.68610833333333,false,,60.119,2023.33,false
main,Home,Home,kBITstar,BIT*,23,main_home_official_benchmark.log,3937028455,1200,60,6,exact_solution,true,true,false,60.1004,1989.78,1.65815,false,,60.1004,1989.78,false
main,Home,Home,kBITstar,BIT*,24,main_home_official_benchmark.log,3937028455,1200,60,6,exact_solution,true,true,false,60.0895,1958.76,1.6323,false,,60.0895,1958.76,false
main,Home,Home,kBITstar,BIT*,25,main_home_official_benchmark.log,3937028455,1200,60,6,exact_solution,true,true,false,60.0313,1340.31,1.116925,false,,60.0313,1340.31,false
main,Home,Home,kBITstar,BIT*,26,main_home_official_benchmark.log,3937028455,1200,60,6,exact_solution,true,true,false,60.0082,1899.58,1.58298333333333,false,,60.0082,1899.58,false
main,Home,Home,kBITstar,BIT*,27,main_home_official_benchmark.log,3937028455,1200,60,6,exact_solution,true,true,false,60.041,1990.04,1.65836666666667,false,,60.041,1990.04,false
main,Home,Home,kBITstar,BIT*,28,main_home_official_benchmark.log,3937028455,1200,60,6,exact_solution,true,true,false,60.008,1925.71,1.60475833333333,false,,60.008,1925.71,false
main,Home,Home,kBITstar,BIT*,29,main_home_official_benchmark.log,3937028455,1200,60,6,exact_solution,true,true,false,60.005,1977.18,1.64765,false,,60.005,1977.18,false
main,Home,Home,kBITstar,BIT*,30,main_home_official_benchmark.log,3937028455,1200,60,6,exact_solution,true,true,false,57.4872,424.601,0.353834166666667,true,57.4872,57.4872,424.601,false
main,Home,Home,kBITstar,BIT*,31,main_home_official_benchmark.log,3937028455,1200,60,6,exact_solution,true,true,false,35.3968,1197.5,0.997916666666667,true,35.3968,35.3968,1197.5,false
main,Home,Home,kBITstar,BIT*,32,main_home_official_benchmark.log,3937028455,1200,60,4,timeout,false,false,false,60.0614,,,false,,,,false
main,Home,Home,kBITstar,BIT*,33,main_home_official_benchmark.log,3937028455,1200,60,6,exact_solution,true,true,false,60.1025,1350.4,1.12533333333333,false,,60.1025,1350.4,false
main,Home,Home,kBITstar,BIT*,34,main_home_official_benchmark.log,3937028455,1200,60,6,exact_solution,true,true,false,60.0996,1995.38,1.66281666666667,false,,60.0996,1995.38,false
main,Home,Home,kBITstar,BIT*,35,main_home_official_benchmark.log,3937028455,1200,60,4,timeout,false,false,false,60.0076,,,false,,,,false
main,Home,Home,kBITstar,BIT*,36,main_home_official_benchmark.log,3937028455,1200,60,6,exact_solution,true,true,false,60.0804,2042.66,1.70221666666667,false,,60.0804,2042.66,false
main,Home,Home,kBITstar,BIT*,37,main_home_official_benchmark.log,3937028455,1200,60,6,exact_solution,true,true,false,60.0972,1421.61,1.184675,false,,60.0972,1421.61,false
main,Home,Home,kBITstar,BIT*,38,main_home_official_benchmark.log,3937028455,1200,60,4,timeout,false,false,false,60.0941,,,false,,,,false
main,Home,Home,kBITstar,BIT*,39,main_home_official_benchmark.log,3937028455,1200,60,6,exact_solution,true,true,false,60.0818,1974.77,1.64564166666667,false,,60.0818,1974.77,false
main,Home,Home,kBITstar,BIT*,40,main_home_official_benchmark.log,3937028455,1200,60,4,timeout,false,false,false,60.076,,,false,,,,false
main,Home,Home,kBITstar,BIT*,41,main_home_official_benchmark.log,3937028455,1200,60,6,exact_solution,true,true,false,60.084,1937,1.61416666666667,false,,60.084,1937,false
main,Home,Home,kBITstar,BIT*,42,main_home_official_benchmark.log,3937028455,1200,60,6,exact_solution,true,true,false,60.0647,2010.26,1.67521666666667,false,,60.0647,2010.26,false
main,Home,Home,kBITstar,BIT*,43,main_home_official_benchmark.log,3937028455,1200,60,6,exact_solution,true,true,false,60.0693,1974.88,1.64573333333333,false,,60.0693,1974.88,false
main,Home,Home,kBITstar,BIT*,44,main_home_official_benchmark.log,3937028455,1200,60,6,exact_solution,true,true,false,60.1264,1961.23,1.63435833333333,false,,60.1264,1961.23,false
main,Home,Home,kBITstar,BIT*,45,main_home_official_benchmark.log,3937028455,1200,60,4,timeout,false,false,false,60.0669,,,false,,,,false
main,Home,Home,kBITstar,BIT*,46,main_home_official_benchmark.log,3937028455,1200,60,6,exact_solution,true,true,false,60.1326,2007.17,1.67264166666667,false,,60.1326,2007.17,false
main,Home,Home,kBITstar,BIT*,47,main_home_official_benchmark.log,3937028455,1200,60,6,exact_solution,true,true,false,60.1249,1938.02,1.61501666666667,false,,60.1249,1938.02,false
main,Home,Home,kBITstar,BIT*,48,main_home_official_benchmark.log,3937028455,1200,60,4,timeout,false,false,false,60.0035,,,false,,,,false
main,Home,Home,kBITstar,BIT*,49,main_home_official_benchmark.log,3937028455,1200,60,6,exact_solution,true,true,false,60.1445,1961.96,1.63496666666667,false,,60.1445,1961.96,false
main,Home,Home,kBITstar,BIT*,50,main_home_official_benchmark.log,3937028455,1200,60,4,timeout,false,false,false,60.0977,,,false,,,,false
main,Home,Home,InformedRRTstar,Informed RRT*,1,main_home_official_benchmark.log,3937028455,1200,60,6,exact_solution,true,true,false,60.1231,1875.071357,1.56255946416667,false,,43.2386,1926.862193,true
main,Home,Home,InformedRRTstar,Informed RRT*,2,main_home_official_benchmark.log,3937028455,1200,60,6,exact_solution,true,true,false,60.1344,1251.406511,1.04283875916667,false,,24.2788,1410.394141,true
main,Home,Home,InformedRRTstar,Informed RRT*,3,main_home_official_benchmark.log,3937028455,1200,60,6,exact_solution,true,true,false,60.1377,1891.693048,1.57641087333333,false,,51.0137,2009.031216,true
main,Home,Home,InformedRRTstar,Informed RRT*,4,main_home_official_benchmark.log,3937028455,1200,60,6,exact_solution,true,true,false,60.1274,1249.617524,1.04134793666667,false,,28.4567,1939.717118,true
main,Home,Home,InformedRRTstar,Informed RRT*,5,main_home_official_benchmark.log,3937028455,1200,60,5,approximate_solution,false,false,true,60.1287,,,false,,,,true
main,Home,Home,InformedRRTstar,Informed RRT*,6,main_home_official_benchmark.log,3937028455,1200,60,6,exact_solution,true,true,false,60.1228,1367.728586,1.13977382166667,false,,0.834476,2099.281875,true
main,Home,Home,InformedRRTstar,Informed RRT*,7,main_home_official_benchmark.log,3937028455,1200,60,6,exact_solution,true,true,false,60.132,1230.649618,1.02554134833333,false,,38.0178,1292.754819,true
main,Home,Home,InformedRRTstar,Informed RRT*,8,main_home_official_benchmark.log,3937028455,1200,60,6,exact_solution,true,true,false,60.1422,1211.133134,1.00927761166667,false,,1.6743,2005.00759,true
main,Home,Home,InformedRRTstar,Informed RRT*,9,main_home_official_benchmark.log,3937028455,1200,60,6,exact_solution,true,true,false,60.1293,1279.996242,1.066663535,false,,28.0915,1931.719494,true
main,Home,Home,InformedRRTstar,Informed RRT*,10,main_home_official_benchmark.log,3937028455,1200,60,6,exact_solution,true,true,false,60.1328,1296.558042,1.080465035,false,,37.3449,1385.021059,true
main,Home,Home,InformedRRTstar,Informed RRT*,11,main_home_official_benchmark.log,3937028455,1200,60,6,exact_solution,true,true,false,60.1361,1877.848216,1.56487351333333,false,,18.104,2055.951625,true
main,Home,Home,InformedRRTstar,Informed RRT*,12,main_home_official_benchmark.log,3937028455,1200,60,6,exact_solution,true,true,false,60.1285,1288.551889,1.07379324083333,false,,30.8748,1396.71712,true
main,Home,Home,InformedRRTstar,Informed RRT*,13,main_home_official_benchmark.log,3937028455,1200,60,5,approximate_solution,false,false,true,60.1309,,,false,,,,true
main,Home,Home,InformedRRTstar,Informed RRT*,14,main_home_official_benchmark.log,3937028455,1200,60,6,exact_solution,true,true,false,60.1372,1267.630075,1.05635839583333,false,,35.3168,1952.982095,true
main,Home,Home,InformedRRTstar,Informed RRT*,15,main_home_official_benchmark.log,3937028455,1200,60,5,approximate_solution,false,false,true,60.1258,,,false,,,,true
main,Home,Home,InformedRRTstar,Informed RRT*,16,main_home_official_benchmark.log,3937028455,1200,60,6,exact_solution,true,true,false,60.1381,1890.240749,1.57520062416667,false,,21.8761,1941.524919,true
main,Home,Home,InformedRRTstar,Informed RRT*,17,main_home_official_benchmark.log,3937028455,1200,60,6,exact_solution,true,true,false,60.1329,1253.185172,1.04432097666667,false,,4.52871,2026.967733,true
main,Home,Home,InformedRRTstar,Informed RRT*,18,main_home_official_benchmark.log,3937028455,1200,60,6,exact_solution,true,true,false,60.131,1230.430749,1.0253589575,false,,17.4706,1316.468229,true
main,Home,Home,InformedRRTstar,Informed RRT*,19,main_home_official_benchmark.log,3937028455,1200,60,6,exact_solution,true,true,false,60.1243,1875.580762,1.56298396833333,false,,44.9875,1893.905019,true
main,Home,Home,InformedRRTstar,Informed RRT*,20,main_home_official_benchmark.log,3937028455,1200,60,5,approximate_solution,false,false,true,60.1248,,,false,,,,true
main,Home,Home,InformedRRTstar,Informed RRT*,21,main_home_official_benchmark.log,3937028455,1200,60,6,exact_solution,true,true,false,60.1324,1535.550895,1.27962574583333,false,,26.4898,1931.698076,true
main,Home,Home,InformedRRTstar,Informed RRT*,22,main_home_official_benchmark.log,3937028455,1200,60,5,approximate_solution,false,false,true,60.1375,,,false,,,,true
main,Home,Home,InformedRRTstar,Informed RRT*,23,main_home_official_benchmark.log,3937028455,1200,60,6,exact_solution,true,true,false,60.1348,1309.194748,1.09099562333333,false,,13.7962,1950.006173,true
main,Home,Home,InformedRRTstar,Informed RRT*,24,main_home_official_benchmark.log,3937028455,1200,60,6,exact_solution,true,true,false,60.1263,1283.887706,1.06990642166667,false,,37.7816,2004.627767,true
main,Home,Home,InformedRRTstar,Informed RRT*,25,main_home_official_benchmark.log,3937028455,1200,60,6,exact_solution,true,true,false,60.1318,1258.157998,1.04846499833333,false,,4.24049,1930.949034,true
main,Home,Home,InformedRRTstar,Informed RRT*,26,main_home_official_benchmark.log,3937028455,1200,60,6,exact_solution,true,true,false,60.1325,1892.944067,1.57745338916667,false,,15.1598,1966.388335,true
main,Home,Home,InformedRRTstar,Informed RRT*,27,main_home_official_benchmark.log,3937028455,1200,60,6,exact_solution,true,true,false,60.131,1876.981593,1.5641513275,false,,25.8252,1935.952244,true
main,Home,Home,InformedRRTstar,Informed RRT*,28,main_home_official_benchmark.log,3937028455,1200,60,6,exact_solution,true,true,false,60.1315,1269.207973,1.05767331083333,false,,18.3206,1999.806245,true
main,Home,Home,InformedRRTstar,Informed RRT*,29,main_home_official_benchmark.log,3937028455,1200,60,5,approximate_solution,false,false,true,60.1252,,,false,,,,true
main,Home,Home,InformedRRTstar,Informed RRT*,30,main_home_official_benchmark.log,3937028455,1200,60,5,approximate_solution,false,false,true,60.1182,,,false,,,,true
main,Home,Home,InformedRRTstar,Informed RRT*,31,main_home_official_benchmark.log,3937028455,1200,60,6,exact_solution,true,true,false,60.1266,1253.279563,1.04439963583333,false,,38.8423,1349.243349,true
main,Home,Home,InformedRRTstar,Informed RRT*,32,main_home_official_benchmark.log,3937028455,1200,60,6,exact_solution,true,true,false,60.1275,1906.426729,1.58868894083333,false,,19.9684,1956.354926,true
main,Home,Home,InformedRRTstar,Informed RRT*,33,main_home_official_benchmark.log,3937028455,1200,60,6,exact_solution,true,true,false,60.1292,1249.183272,1.04098606,false,,6.33127,1970.818817,true
main,Home,Home,InformedRRTstar,Informed RRT*,34,main_home_official_benchmark.log,3937028455,1200,60,5,approximate_solution,false,false,true,60.1205,,,false,,,,true
main,Home,Home,InformedRRTstar,Informed RRT*,35,main_home_official_benchmark.log,3937028455,1200,60,6,exact_solution,true,true,false,60.0264,1330.657761,1.1088814675,false,,19.232,1983.409851,true
main,Home,Home,InformedRRTstar,Informed RRT*,36,main_home_official_benchmark.log,3937028455,1200,60,5,approximate_solution,false,false,true,60.0765,,,false,,,,true
main,Home,Home,InformedRRTstar,Informed RRT*,37,main_home_official_benchmark.log,3937028455,1200,60,6,exact_solution,true,true,false,60.0766,1211.283633,1.0094030275,false,,8.94394,1351.366195,true
main,Home,Home,InformedRRTstar,Informed RRT*,38,main_home_official_benchmark.log,3937028455,1200,60,5,approximate_solution,false,false,true,60.0316,,,false,,,,true
main,Home,Home,InformedRRTstar,Informed RRT*,39,main_home_official_benchmark.log,3937028455,1200,60,6,exact_solution,true,true,false,60.1021,1211.309203,1.00942433583333,false,,20.4462,1956.297823,true
main,Home,Home,InformedRRTstar,Informed RRT*,40,main_home_official_benchmark.log,3937028455,1200,60,6,exact_solution,true,true,false,60.0824,1315.052405,1.09587700416667,false,,35.4719,1390.297527,true
main,Home,Home,InformedRRTstar,Informed RRT*,41,main_home_official_benchmark.log,3937028455,1200,60,6,exact_solution,true,true,false,60.0912,1322.688791,1.10224065916667,false,,49.3936,1842.740507,true
main,Home,Home,InformedRRTstar,Informed RRT*,42,main_home_official_benchmark.log,3937028455,1200,60,6,exact_solution,true,true,false,60.0929,1876.091539,1.56340961583333,false,,20.6755,1999.350297,true
main,Home,Home,InformedRRTstar,Informed RRT*,43,main_home_official_benchmark.log,3937028455,1200,60,6,exact_solution,true,true,false,60.0914,1268.272112,1.05689342666667,false,,15.8599,1999.17719,true
main,Home,Home,InformedRRTstar,Informed RRT*,44,main_home_official_benchmark.log,3937028455,1200,60,5,approximate_solution,false,false,true,60.0946,,,false,,,,true
main,Home,Home,InformedRRTstar,Informed RRT*,45,main_home_official_benchmark.log,3937028455,1200,60,6,exact_solution,true,true,false,60.0921,1282.597305,1.0688310875,false,,5.71217,2027.009178,true
main,Home,Home,InformedRRTstar,Informed RRT*,46,main_home_official_benchmark.log,3937028455,1200,60,6,exact_solution,true,true,false,60.0867,1290.987422,1.07582285166667,false,,25.7818,1953.179382,true
main,Home,Home,InformedRRTstar,Informed RRT*,47,main_home_official_benchmark.log,3937028455,1200,60,6,exact_solution,true,true,false,60.0073,1854.971537,1.54580961416667,false,,39.6063,1941.655608,true
main,Home,Home,InformedRRTstar,Informed RRT*,48,main_home_official_benchmark.log,3937028455,1200,60,6,exact_solution,true,true,false,60.1245,1374.908534,1.14575711166667,false,,3.20887,2009.050484,true
main,Home,Home,InformedRRTstar,Informed RRT*,49,main_home_official_benchmark.log,3937028455,1200,60,6,exact_solution,true,true,false,60.0352,1266.455617,1.05537968083333,false,,18.9008,1956.831071,true
main,Home,Home,InformedRRTstar,Informed RRT*,50,main_home_official_benchmark.log,3937028455,1200,60,6,exact_solution,true,true,false,60.0256,1253.808564,1.04484047,false,,8.47157,1956.465761,true
